/home/sagemaker-user/ShinkaEvolve
Launching evaluation of function:
_target_: problems.alphaevolve_math_problems.packing_problems.circle_packing_square.26.evaluate.main
program_path: /home/sagemaker-user/ShinkaEvolve/results/benchmark/qwen/1/circle_packing_square_26/gen_240/main.py
results_dir: /home/sagemaker-user/ShinkaEvolve/results/benchmark/qwen/1/circle_packing_square_26/gen_240/results

Evaluating program: /home/sagemaker-user/ShinkaEvolve/results/benchmark/qwen/1/circle_packing_square_26/gen_240/main.py
Saving results to: /home/sagemaker-user/ShinkaEvolve/results/benchmark/qwen/1/circle_packing_square_26/gen_240/results
Generation 0: Best fitness = 0.840350
Generation 50: Best fitness = 1.597053
Generation 100: Best fitness = 1.712768
Generation 150: Best fitness = 1.720395
Generation 200: Best fitness = 1.723960
Generation 250: Best fitness = 1.724744
Generation 300: Best fitness = 1.725067
Generation 350: Best fitness = 1.725116
Generation 400: Best fitness = 1.725116
Generation 450: Best fitness = 1.725711
Attempt 0: Current best = 1.728666
Generation 0: Best fitness = 0.849753
Generation 50: Best fitness = 1.662121
Generation 100: Best fitness = 1.773101
Generation 150: Best fitness = 1.786004
Generation 200: Best fitness = 1.790002
Generation 250: Best fitness = 1.792624
Generation 300: Best fitness = 1.792944
Generation 350: Best fitness = 1.794992
Generation 400: Best fitness = 1.795066
Generation 450: Best fitness = 1.796414
Attempt 1: Current best = 1.796950
Generation 0: Best fitness = 0.847060
Generation 50: Best fitness = 1.600452
Generation 100: Best fitness = 1.761670
Generation 150: Best fitness = 1.775381
Generation 200: Best fitness = 1.783778
Generation 250: Best fitness = 1.787096
Generation 300: Best fitness = 1.788546
Generation 350: Best fitness = 1.788774
Generation 400: Best fitness = 1.789401
Generation 450: Best fitness = 1.789660
Attempt 2: Current best = 1.796950
Generation 0: Best fitness = 0.857493
Generation 50: Best fitness = 1.729304
Generation 100: Best fitness = 1.871258
Generation 150: Best fitness = 1.879797
Generation 200: Best fitness = 1.883759
Generation 250: Best fitness = 1.885739
Generation 300: Best fitness = 1.894052
Generation 350: Best fitness = 1.895402
Generation 400: Best fitness = 1.895740
Generation 450: Best fitness = 1.899160
Attempt 3: Current best = 1.899958
Generation 0: Best fitness = 0.866368
Generation 50: Best fitness = 1.632259
Generation 100: Best fitness = 1.797412
Generation 150: Best fitness = 1.810340
Generation 200: Best fitness = 1.814535
Generation 250: Best fitness = 1.816869
Generation 300: Best fitness = 1.818611
Generation 350: Best fitness = 1.818611
Generation 400: Best fitness = 1.818753
Generation 450: Best fitness = 1.818810
Attempt 4: Current best = 1.899958
Generation 0: Best fitness = 0.858473
Generation 50: Best fitness = 1.611031
Generation 100: Best fitness = 1.788295
Generation 150: Best fitness = 1.800625
Generation 200: Best fitness = 1.803760
Generation 250: Best fitness = 1.805116
Generation 300: Best fitness = 1.805914
Generation 350: Best fitness = 1.806646
Generation 400: Best fitness = 1.807468
Generation 450: Best fitness = 1.807577
Attempt 5: Current best = 1.899958
Generation 0: Best fitness = 0.869229
Generation 50: Best fitness = 1.624205
Generation 100: Best fitness = 1.755114
Generation 150: Best fitness = 1.759490
Generation 200: Best fitness = 1.767677
Generation 250: Best fitness = 1.769314
Generation 300: Best fitness = 1.770214
Generation 350: Best fitness = 1.770950
Generation 400: Best fitness = 1.771380
Generation 450: Best fitness = 1.771850
Attempt 6: Current best = 1.899958
Generation 0: Best fitness = 0.857201
Generation 50: Best fitness = 1.592827
Generation 100: Best fitness = 1.745177
Generation 150: Best fitness = 1.753182
Generation 200: Best fitness = 1.757464
Generation 250: Best fitness = 1.759824
Generation 300: Best fitness = 1.762214
Generation 350: Best fitness = 1.763312
Generation 400: Best fitness = 1.764010
Generation 450: Best fitness = 1.766108
Attempt 7: Current best = 1.899958
Generation 0: Best fitness = 0.866586
Generation 50: Best fitness = 1.616509
Generation 100: Best fitness = 1.818203
Generation 150: Best fitness = 1.831809
Generation 200: Best fitness = 1.839487
Generation 250: Best fitness = 1.841690
Generation 300: Best fitness = 1.843053
Generation 350: Best fitness = 1.843172
Generation 400: Best fitness = 1.843821
Generation 450: Best fitness = 1.843821
Attempt 8: Current best = 1.899958
Generation 0: Best fitness = 0.840825
Generation 50: Best fitness = 1.632090
Generation 100: Best fitness = 1.760334
Generation 150: Best fitness = 1.773312
Generation 200: Best fitness = 1.777572
Generation 250: Best fitness = 1.778793
Generation 300: Best fitness = 1.779416
Generation 350: Best fitness = 1.779417
Generation 400: Best fitness = 1.780896
Generation 450: Best fitness = 1.781423
Attempt 9: Current best = 1.899958
Generation 0: Best fitness = 0.859629
Generation 50: Best fitness = 1.575979
Generation 100: Best fitness = 1.711080
Generation 150: Best fitness = 1.721049
Generation 200: Best fitness = 1.725098
Generation 250: Best fitness = 1.726350
Generation 300: Best fitness = 1.729595
Generation 350: Best fitness = 1.731181
Generation 400: Best fitness = 1.731275
Generation 450: Best fitness = 1.731705
Attempt 10: Current best = 1.899958
Generation 0: Best fitness = 0.861904
Generation 50: Best fitness = 1.671132
Generation 100: Best fitness = 1.774686
Generation 150: Best fitness = 1.791280
Generation 200: Best fitness = 1.794317
Generation 250: Best fitness = 1.798207
Generation 300: Best fitness = 1.798991
Generation 350: Best fitness = 1.800045
Generation 400: Best fitness = 1.800178
Generation 450: Best fitness = 1.800352
Attempt 11: Current best = 1.899958
Generation 0: Best fitness = 0.858683
Generation 50: Best fitness = 1.659795
Generation 100: Best fitness = 1.790580
Generation 150: Best fitness = 1.800481
Generation 200: Best fitness = 1.802995
Generation 250: Best fitness = 1.804967
Generation 300: Best fitness = 1.806076
Generation 350: Best fitness = 1.806704
Generation 400: Best fitness = 1.806853
Generation 450: Best fitness = 1.807266
Attempt 12: Current best = 1.899958
Generation 0: Best fitness = 0.860753
Generation 50: Best fitness = 1.612225
Generation 100: Best fitness = 1.745238
Generation 150: Best fitness = 1.764298
Generation 200: Best fitness = 1.768322
Generation 250: Best fitness = 1.771076
Generation 300: Best fitness = 1.772501
Generation 350: Best fitness = 1.772503
Generation 400: Best fitness = 1.772986
Generation 450: Best fitness = 1.773216
Attempt 13: Current best = 1.899958
Generation 0: Best fitness = 0.859637
Generation 50: Best fitness = 1.609851
Generation 100: Best fitness = 1.728248
Generation 150: Best fitness = 1.738396
Generation 200: Best fitness = 1.742224
Generation 250: Best fitness = 1.751347
Generation 300: Best fitness = 1.753582
Generation 350: Best fitness = 1.754541
Generation 400: Best fitness = 1.755805
Generation 450: Best fitness = 1.756212
Attempt 14: Current best = 1.899958
Generation 0: Best fitness = 0.862278
Generation 50: Best fitness = 1.661550
Generation 100: Best fitness = 1.800188
Generation 150: Best fitness = 1.812369
Generation 200: Best fitness = 1.814904
Generation 250: Best fitness = 1.815763
Generation 300: Best fitness = 1.816498
Generation 350: Best fitness = 1.818156
Generation 400: Best fitness = 1.818650
Generation 450: Best fitness = 1.820045
Attempt 15: Current best = 1.899958
Generation 0: Best fitness = 0.863597
Generation 50: Best fitness = 1.630617
Generation 100: Best fitness = 1.792644
Generation 150: Best fitness = 1.806658
Generation 200: Best fitness = 1.810037
Generation 250: Best fitness = 1.810898
Generation 300: Best fitness = 1.811077
Generation 350: Best fitness = 1.811711
Generation 400: Best fitness = 1.813851
Generation 450: Best fitness = 1.815522
Attempt 16: Current best = 1.899958
Generation 0: Best fitness = 0.849366
Generation 50: Best fitness = 1.645300
Generation 100: Best fitness = 1.807394
Generation 150: Best fitness = 1.832723
Generation 200: Best fitness = 1.838037
Generation 250: Best fitness = 1.839443
Generation 300: Best fitness = 1.844292
Generation 350: Best fitness = 1.844660
Generation 400: Best fitness = 1.844761
Generation 450: Best fitness = 1.845046
Attempt 17: Current best = 1.899958
Generation 0: Best fitness = 0.856472
Generation 50: Best fitness = 1.618038
Generation 100: Best fitness = 1.763283
Generation 150: Best fitness = 1.776716
Generation 200: Best fitness = 1.780622
Generation 250: Best fitness = 1.781595
Generation 300: Best fitness = 1.782198
Generation 350: Best fitness = 1.782407
Generation 400: Best fitness = 1.782794
Generation 450: Best fitness = 1.783375
Attempt 18: Current best = 1.899958
Generation 0: Best fitness = 0.867352
Generation 50: Best fitness = 1.622670
Generation 100: Best fitness = 1.761123
Generation 150: Best fitness = 1.768448
Generation 200: Best fitness = 1.770444
Generation 250: Best fitness = 1.771809
Generation 300: Best fitness = 1.778433
Generation 350: Best fitness = 1.778726
Generation 400: Best fitness = 1.778868
Generation 450: Best fitness = 1.779327
Attempt 19: Current best = 1.899958
Generation 0: Best fitness = 0.856423
Generation 50: Best fitness = 1.584062
Generation 100: Best fitness = 1.705657
Generation 150: Best fitness = 1.718348
Generation 200: Best fitness = 1.719834
Generation 250: Best fitness = 1.722007
Generation 300: Best fitness = 1.723332
Generation 350: Best fitness = 1.723570
Generation 400: Best fitness = 1.724154
Generation 450: Best fitness = 1.724589
Attempt 20: Current best = 1.899958
Generation 0: Best fitness = 0.844746
Generation 50: Best fitness = 1.641690
Generation 100: Best fitness = 1.720514
Generation 150: Best fitness = 1.732033
Generation 200: Best fitness = 1.736061
Generation 250: Best fitness = 1.737447
Generation 300: Best fitness = 1.738207
Generation 350: Best fitness = 1.738697
Generation 400: Best fitness = 1.738888
Generation 450: Best fitness = 1.739629
Attempt 21: Current best = 1.899958
Generation 0: Best fitness = 0.862047
Generation 50: Best fitness = 1.617234
Generation 100: Best fitness = 1.745058
Generation 150: Best fitness = 1.752224
Generation 200: Best fitness = 1.756751
Generation 250: Best fitness = 1.758489
Generation 300: Best fitness = 1.758700
Generation 350: Best fitness = 1.759088
Generation 400: Best fitness = 1.759302
Generation 450: Best fitness = 1.759453
Attempt 22: Current best = 1.899958
Generation 0: Best fitness = 0.843432
Generation 50: Best fitness = 1.684005
Generation 100: Best fitness = 1.764420
Generation 150: Best fitness = 1.774125
Generation 200: Best fitness = 1.775111
Generation 250: Best fitness = 1.776156
Generation 300: Best fitness = 1.776455
Generation 350: Best fitness = 1.777229
Generation 400: Best fitness = 1.777773
Generation 450: Best fitness = 1.778302
Attempt 23: Current best = 1.899958
Generation 0: Best fitness = 0.855984
Generation 50: Best fitness = 1.697039
Generation 100: Best fitness = 1.759495
Generation 150: Best fitness = 1.764009
Generation 200: Best fitness = 1.770725
Generation 250: Best fitness = 1.775724
Generation 300: Best fitness = 1.777078
Generation 350: Best fitness = 1.779475
Generation 400: Best fitness = 1.779758
Generation 450: Best fitness = 1.779888
Attempt 24: Current best = 1.899958
Generation 0: Best fitness = 0.866822
Generation 50: Best fitness = 1.630954
Generation 100: Best fitness = 1.755324
Generation 150: Best fitness = 1.763339
Generation 200: Best fitness = 1.766018
Generation 250: Best fitness = 1.768964
Generation 300: Best fitness = 1.770121
Generation 350: Best fitness = 1.770286
Generation 400: Best fitness = 1.770305
Generation 450: Best fitness = 1.770790
Attempt 25: Current best = 1.899958
Generation 0: Best fitness = 0.849384
Generation 50: Best fitness = 1.631723
Generation 100: Best fitness = 1.713577
Generation 150: Best fitness = 1.720186
Generation 200: Best fitness = 1.722534
Generation 250: Best fitness = 1.723652
Generation 300: Best fitness = 1.729841
Generation 350: Best fitness = 1.731174
Generation 400: Best fitness = 1.731197
Generation 450: Best fitness = 1.731197
Attempt 26: Current best = 1.899958
Generation 0: Best fitness = 0.860804
Generation 50: Best fitness = 1.651697
Generation 100: Best fitness = 1.778415
Generation 150: Best fitness = 1.787923
Generation 200: Best fitness = 1.790440
Generation 250: Best fitness = 1.791594
Generation 300: Best fitness = 1.796054
Generation 350: Best fitness = 1.797040
Generation 400: Best fitness = 1.797527
Generation 450: Best fitness = 1.798139
Attempt 27: Current best = 1.899958
Generation 0: Best fitness = 0.892409
Generation 50: Best fitness = 1.718433
Generation 100: Best fitness = 1.809231
Generation 150: Best fitness = 1.830921
Generation 200: Best fitness = 1.834467
Generation 250: Best fitness = 1.836856
Generation 300: Best fitness = 1.838205
Generation 350: Best fitness = 1.838656
Generation 400: Best fitness = 1.838656
Generation 450: Best fitness = 1.838866
Attempt 28: Current best = 1.899958
Generation 0: Best fitness = 0.880060
Generation 50: Best fitness = 1.623956
Generation 100: Best fitness = 1.740753
Generation 150: Best fitness = 1.749133
Generation 200: Best fitness = 1.750732
Generation 250: Best fitness = 1.752718
Generation 300: Best fitness = 1.753795
Generation 350: Best fitness = 1.754849
Generation 400: Best fitness = 1.755146
Generation 450: Best fitness = 1.755167
Attempt 29: Current best = 1.899958
Generation 0: Best fitness = 0.866298
Generation 50: Best fitness = 1.616308
Generation 100: Best fitness = 1.761099
Generation 150: Best fitness = 1.766469
Generation 200: Best fitness = 1.771481
Generation 250: Best fitness = 1.772031
Generation 300: Best fitness = 1.773644
Generation 350: Best fitness = 1.774937
Generation 400: Best fitness = 1.775680
Generation 450: Best fitness = 1.775738
Attempt 30: Current best = 1.899958
Generation 0: Best fitness = 0.843368
Generation 50: Best fitness = 1.600387
Generation 100: Best fitness = 1.735105
Generation 150: Best fitness = 1.751599
Generation 200: Best fitness = 1.753102
Generation 250: Best fitness = 1.754603
Generation 300: Best fitness = 1.756123
Generation 350: Best fitness = 1.756633
Generation 400: Best fitness = 1.756674
Generation 450: Best fitness = 1.756674
Attempt 31: Current best = 1.899958
Generation 0: Best fitness = 0.860795
Generation 50: Best fitness = 1.657433
Generation 100: Best fitness = 1.766450
Generation 150: Best fitness = 1.771655
Generation 200: Best fitness = 1.776700
Generation 250: Best fitness = 1.777023
Generation 300: Best fitness = 1.777678
Generation 350: Best fitness = 1.777930
Generation 400: Best fitness = 1.777968
Generation 450: Best fitness = 1.778524
Attempt 32: Current best = 1.899958
Generation 0: Best fitness = 0.850098
Generation 50: Best fitness = 1.564052
Generation 100: Best fitness = 1.694008
Generation 150: Best fitness = 1.711104
Generation 200: Best fitness = 1.717389
Generation 250: Best fitness = 1.721455
Generation 300: Best fitness = 1.723492
Generation 350: Best fitness = 1.724166
Generation 400: Best fitness = 1.724562
Generation 450: Best fitness = 1.725127
Attempt 33: Current best = 1.899958
Generation 0: Best fitness = 0.852262
Generation 50: Best fitness = 1.528606
Generation 100: Best fitness = 1.655826
Generation 150: Best fitness = 1.671703
Generation 200: Best fitness = 1.674399
Generation 250: Best fitness = 1.676500
Generation 300: Best fitness = 1.678045
Generation 350: Best fitness = 1.678766
Generation 400: Best fitness = 1.679277
Generation 450: Best fitness = 1.679892
Attempt 34: Current best = 1.899958
Generation 0: Best fitness = 0.858147
Generation 50: Best fitness = 1.594828
Generation 100: Best fitness = 1.718834
Generation 150: Best fitness = 1.727979
Generation 200: Best fitness = 1.734240
Generation 250: Best fitness = 1.736787
Generation 300: Best fitness = 1.738174
Generation 350: Best fitness = 1.738709
Generation 400: Best fitness = 1.740795
Generation 450: Best fitness = 1.741500
Attempt 35: Current best = 1.899958
Generation 0: Best fitness = 0.857755
Generation 50: Best fitness = 1.718062
Generation 100: Best fitness = 1.803231
Generation 150: Best fitness = 1.815551
Generation 200: Best fitness = 1.819653
Generation 250: Best fitness = 1.821266
Generation 300: Best fitness = 1.821684
Generation 350: Best fitness = 1.822300
Generation 400: Best fitness = 1.823459
Generation 450: Best fitness = 1.823459
Attempt 36: Current best = 1.899958
Generation 0: Best fitness = 0.851666
Generation 50: Best fitness = 1.611246
Generation 100: Best fitness = 1.711156
Generation 150: Best fitness = 1.729044
Generation 200: Best fitness = 1.732074
Generation 250: Best fitness = 1.735169
Generation 300: Best fitness = 1.736397
Generation 350: Best fitness = 1.738434
Generation 400: Best fitness = 1.738733
Generation 450: Best fitness = 1.738916
Attempt 37: Current best = 1.899958
Generation 0: Best fitness = 0.847575
Generation 50: Best fitness = 1.598393
Generation 100: Best fitness = 1.713716
Generation 150: Best fitness = 1.731346
Generation 200: Best fitness = 1.736626
Generation 250: Best fitness = 1.738168
Generation 300: Best fitness = 1.739111
Generation 350: Best fitness = 1.739296
Generation 400: Best fitness = 1.739755
Generation 450: Best fitness = 1.739796
Attempt 38: Current best = 1.899958
Generation 0: Best fitness = 0.868687
Generation 50: Best fitness = 1.575179
Generation 100: Best fitness = 1.708451
Generation 150: Best fitness = 1.723565
Generation 200: Best fitness = 1.726857
Generation 250: Best fitness = 1.729090
Generation 300: Best fitness = 1.729193
Generation 350: Best fitness = 1.730438
Generation 400: Best fitness = 1.730841
Generation 450: Best fitness = 1.731264
Attempt 39: Current best = 1.899958
Generation 0: Best fitness = 0.855594
Generation 50: Best fitness = 1.645025
Generation 100: Best fitness = 1.795477
Generation 150: Best fitness = 1.815441
Generation 200: Best fitness = 1.818462
Generation 250: Best fitness = 1.820742
Generation 300: Best fitness = 1.822151
Generation 350: Best fitness = 1.823005
Generation 400: Best fitness = 1.823862
Generation 450: Best fitness = 1.824313
Attempt 40: Current best = 1.899958
Generation 0: Best fitness = 0.876690
Generation 50: Best fitness = 1.681677
Generation 100: Best fitness = 1.794890
Generation 150: Best fitness = 1.812774
Generation 200: Best fitness = 1.815745
Generation 250: Best fitness = 1.820987
Generation 300: Best fitness = 1.821254
Generation 350: Best fitness = 1.822185
Generation 400: Best fitness = 1.822428
Generation 450: Best fitness = 1.822537
Attempt 41: Current best = 1.899958
Generation 0: Best fitness = 0.854620
Generation 50: Best fitness = 1.574522
Generation 100: Best fitness = 1.723813
Generation 150: Best fitness = 1.746398
Generation 200: Best fitness = 1.747266
Generation 250: Best fitness = 1.749151
Generation 300: Best fitness = 1.753523
Generation 350: Best fitness = 1.762945
Generation 400: Best fitness = 1.763974
Generation 450: Best fitness = 1.763985
Attempt 42: Current best = 1.899958
Generation 0: Best fitness = 0.868947
Generation 50: Best fitness = 1.701253
Generation 100: Best fitness = 1.803133
Generation 150: Best fitness = 1.817852
Generation 200: Best fitness = 1.824275
Generation 250: Best fitness = 1.824800
Generation 300: Best fitness = 1.825717
Generation 350: Best fitness = 1.825880
Generation 400: Best fitness = 1.826012
Generation 450: Best fitness = 1.826141
Attempt 43: Current best = 1.899958
Generation 0: Best fitness = 0.853712
Generation 50: Best fitness = 1.587281
Generation 100: Best fitness = 1.733885
Generation 150: Best fitness = 1.821010
Generation 200: Best fitness = 1.825973
Generation 250: Best fitness = 1.831079
Generation 300: Best fitness = 1.832090
Generation 350: Best fitness = 1.834347
Generation 400: Best fitness = 1.834417
Generation 450: Best fitness = 1.836217
Attempt 44: Current best = 1.899958
Generation 0: Best fitness = 0.855289
Generation 50: Best fitness = 1.591030
Generation 100: Best fitness = 1.705236
Generation 150: Best fitness = 1.716760
Generation 200: Best fitness = 1.721624
Generation 250: Best fitness = 1.722612
Generation 300: Best fitness = 1.723669
Generation 350: Best fitness = 1.723889
Generation 400: Best fitness = 1.724123
Generation 450: Best fitness = 1.724123
Attempt 45: Current best = 1.899958
Generation 0: Best fitness = 0.847320
Generation 50: Best fitness = 1.688662
Generation 100: Best fitness = 1.775584
Generation 150: Best fitness = 1.793326
Generation 200: Best fitness = 1.797701
Generation 250: Best fitness = 1.799480
Generation 300: Best fitness = 1.800394
Generation 350: Best fitness = 1.806815
Generation 400: Best fitness = 1.807248
Generation 450: Best fitness = 1.807252
Attempt 46: Current best = 1.899958
Generation 0: Best fitness = 0.858048
Generation 50: Best fitness = 1.559128
Generation 100: Best fitness = 1.662833
Generation 150: Best fitness = 1.674799
Generation 200: Best fitness = 1.679687
Generation 250: Best fitness = 1.695364
Generation 300: Best fitness = 1.695807
Generation 350: Best fitness = 1.696178
Generation 400: Best fitness = 1.696873
Generation 450: Best fitness = 1.697275
Attempt 47: Current best = 1.899958
Generation 0: Best fitness = 0.866924
Generation 50: Best fitness = 1.692586
Generation 100: Best fitness = 1.766201
Generation 150: Best fitness = 1.775112
Generation 200: Best fitness = 1.782329
Generation 250: Best fitness = 1.786811
Generation 300: Best fitness = 1.788430
Generation 350: Best fitness = 1.789508
Generation 400: Best fitness = 1.796932
Generation 450: Best fitness = 1.797140
Attempt 48: Current best = 1.899958
Generation 0: Best fitness = 0.864496
Generation 50: Best fitness = 1.664763
Generation 100: Best fitness = 1.762997
Generation 150: Best fitness = 1.778988
Generation 200: Best fitness = 1.782106
Generation 250: Best fitness = 1.783278
Generation 300: Best fitness = 1.784691
Generation 350: Best fitness = 1.785753
Generation 400: Best fitness = 1.785828
Generation 450: Best fitness = 1.785828
Attempt 49: Current best = 1.899958
Generation 0: Best fitness = 0.859814
Generation 50: Best fitness = 1.654202
Generation 100: Best fitness = 1.771516
Generation 150: Best fitness = 1.790104
Generation 200: Best fitness = 1.791274
Generation 250: Best fitness = 1.791494
Generation 300: Best fitness = 1.792515
Generation 350: Best fitness = 1.793498
Generation 400: Best fitness = 1.793854
Generation 450: Best fitness = 1.793858
Attempt 50: Current best = 1.899958
Generation 0: Best fitness = 0.855975
Generation 50: Best fitness = 1.597366
Generation 100: Best fitness = 1.727991
Generation 150: Best fitness = 1.735239
Generation 200: Best fitness = 1.738443
Generation 250: Best fitness = 1.740282
Generation 300: Best fitness = 1.740840
Generation 350: Best fitness = 1.741437
Generation 400: Best fitness = 1.742436
Generation 450: Best fitness = 1.743304
Attempt 51: Current best = 1.899958
Generation 0: Best fitness = 0.851478
Generation 50: Best fitness = 1.759981
Generation 100: Best fitness = 1.849727
Generation 150: Best fitness = 1.856463
Generation 200: Best fitness = 1.859285
Generation 250: Best fitness = 1.860471
Generation 300: Best fitness = 1.860555
Generation 350: Best fitness = 1.860698
Generation 400: Best fitness = 1.861166
Generation 450: Best fitness = 1.861319
Attempt 52: Current best = 1.899958
Generation 0: Best fitness = 0.881312
Generation 50: Best fitness = 1.654635
Generation 100: Best fitness = 1.715445
Generation 150: Best fitness = 1.721684
Generation 200: Best fitness = 1.725287
Generation 250: Best fitness = 1.726123
Generation 300: Best fitness = 1.726345
Generation 350: Best fitness = 1.726711
Generation 400: Best fitness = 1.726823
Generation 450: Best fitness = 1.727151
Attempt 53: Current best = 1.899958
Generation 0: Best fitness = 0.841810
Generation 50: Best fitness = 1.646661
Generation 100: Best fitness = 1.753761
Generation 150: Best fitness = 1.768357
Generation 200: Best fitness = 1.771684
Generation 250: Best fitness = 1.773932
Generation 300: Best fitness = 1.773932
Generation 350: Best fitness = 1.774850
Generation 400: Best fitness = 1.775838
Generation 450: Best fitness = 1.775912
Attempt 54: Current best = 1.899958
Generation 0: Best fitness = 0.855031
Generation 50: Best fitness = 1.576434
Generation 100: Best fitness = 1.738051
Generation 150: Best fitness = 1.755491
Generation 200: Best fitness = 1.759264
Generation 250: Best fitness = 1.760585
Generation 300: Best fitness = 1.767517
Generation 350: Best fitness = 1.768614
Generation 400: Best fitness = 1.770896
Generation 450: Best fitness = 1.771141
Attempt 55: Current best = 1.899958
Generation 0: Best fitness = 0.871620
Generation 50: Best fitness = 1.671818
Generation 100: Best fitness = 1.768683
Generation 150: Best fitness = 1.772629
Generation 200: Best fitness = 1.777305
Generation 250: Best fitness = 1.778033
Generation 300: Best fitness = 1.778348
Generation 350: Best fitness = 1.778926
Generation 400: Best fitness = 1.779157
Generation 450: Best fitness = 1.779674
Attempt 56: Current best = 1.899958
Generation 0: Best fitness = 0.862419
Generation 50: Best fitness = 1.670161
Generation 100: Best fitness = 1.771325
Generation 150: Best fitness = 1.785070
Generation 200: Best fitness = 1.789503
Generation 250: Best fitness = 1.791226
Generation 300: Best fitness = 1.791428
Generation 350: Best fitness = 1.791687
Generation 400: Best fitness = 1.792399
Generation 450: Best fitness = 1.792434
Attempt 57: Current best = 1.899958
Generation 0: Best fitness = 0.863481
Generation 50: Best fitness = 1.645026
Generation 100: Best fitness = 1.748133
Generation 150: Best fitness = 1.754093
Generation 200: Best fitness = 1.758193
Generation 250: Best fitness = 1.759222
Generation 300: Best fitness = 1.759512
Generation 350: Best fitness = 1.759804
Generation 400: Best fitness = 1.760287
Generation 450: Best fitness = 1.760307
Attempt 58: Current best = 1.899958
Generation 0: Best fitness = 0.855521
Generation 50: Best fitness = 1.608657
Generation 100: Best fitness = 1.787974
Generation 150: Best fitness = 1.802406
Generation 200: Best fitness = 1.806846
Generation 250: Best fitness = 1.808121
Generation 300: Best fitness = 1.809362
Generation 350: Best fitness = 1.809775
Generation 400: Best fitness = 1.810296
Generation 450: Best fitness = 1.810397
Attempt 59: Current best = 1.899958
Generation 0: Best fitness = 0.857135
Generation 50: Best fitness = 1.611680
Generation 100: Best fitness = 1.767305
Generation 150: Best fitness = 1.785334
Generation 200: Best fitness = 1.791967
Generation 250: Best fitness = 1.792612
Generation 300: Best fitness = 1.793942
Generation 350: Best fitness = 1.794715
Generation 400: Best fitness = 1.795324
Generation 450: Best fitness = 1.795768
Attempt 60: Current best = 1.899958
Generation 0: Best fitness = 0.848165
Generation 50: Best fitness = 1.641292
Generation 100: Best fitness = 1.772441
Generation 150: Best fitness = 1.781825
Generation 200: Best fitness = 1.786125
Generation 250: Best fitness = 1.788196
Generation 300: Best fitness = 1.788196
Generation 350: Best fitness = 1.789969
Generation 400: Best fitness = 1.790149
Generation 450: Best fitness = 1.790600
Attempt 61: Current best = 1.899958
Generation 0: Best fitness = 0.855111
Generation 50: Best fitness = 1.632071
Generation 100: Best fitness = 1.750250
Generation 150: Best fitness = 1.759405
Generation 200: Best fitness = 1.760662
Generation 250: Best fitness = 1.763688
Generation 300: Best fitness = 1.764489
Generation 350: Best fitness = 1.765048
Generation 400: Best fitness = 1.765197
Generation 450: Best fitness = 1.765591
Attempt 62: Current best = 1.899958
Generation 0: Best fitness = 0.842933
Generation 50: Best fitness = 1.603212
Generation 100: Best fitness = 1.681533
Generation 150: Best fitness = 1.691713
Generation 200: Best fitness = 1.693833
Generation 250: Best fitness = 1.694466
Generation 300: Best fitness = 1.710138
Generation 350: Best fitness = 1.715390
Generation 400: Best fitness = 1.716693
Generation 450: Best fitness = 1.725727
Attempt 63: Current best = 1.899958
Generation 0: Best fitness = 0.867088
Generation 50: Best fitness = 1.670962
Generation 100: Best fitness = 1.856599
Generation 150: Best fitness = 1.873408
Generation 200: Best fitness = 1.875825
Generation 250: Best fitness = 1.877056
Generation 300: Best fitness = 1.877898
Generation 350: Best fitness = 1.878304
Generation 400: Best fitness = 1.878561
Generation 450: Best fitness = 1.879187
Attempt 64: Current best = 1.899958
Generation 0: Best fitness = 0.851684
Generation 50: Best fitness = 1.599760
Generation 100: Best fitness = 1.737575
Generation 150: Best fitness = 1.752873
Generation 200: Best fitness = 1.756281
Generation 250: Best fitness = 1.757200
Generation 300: Best fitness = 1.757850
Generation 350: Best fitness = 1.758194
Generation 400: Best fitness = 1.758202
Generation 450: Best fitness = 1.758321
Attempt 65: Current best = 1.899958
Generation 0: Best fitness = 0.853028
Generation 50: Best fitness = 1.598502
Generation 100: Best fitness = 1.754863
Generation 150: Best fitness = 1.775167
Generation 200: Best fitness = 1.780098
Generation 250: Best fitness = 1.780774
Generation 300: Best fitness = 1.781296
Generation 350: Best fitness = 1.782091
Generation 400: Best fitness = 1.782576
Generation 450: Best fitness = 1.783129
Attempt 66: Current best = 1.899958
Generation 0: Best fitness = 0.867935
Generation 50: Best fitness = 1.636940
Generation 100: Best fitness = 1.780567
Generation 150: Best fitness = 1.789163
Generation 200: Best fitness = 1.803091
Generation 250: Best fitness = 1.805432
Generation 300: Best fitness = 1.816343
Generation 350: Best fitness = 1.817045
Generation 400: Best fitness = 1.817283
Generation 450: Best fitness = 1.817283
Attempt 67: Current best = 1.899958
Generation 0: Best fitness = 0.861419
Generation 50: Best fitness = 1.653242
Generation 100: Best fitness = 1.813889
Generation 150: Best fitness = 1.846605
Generation 200: Best fitness = 1.855964
Generation 250: Best fitness = 1.859673
Generation 300: Best fitness = 1.861323
Generation 350: Best fitness = 1.862324
Generation 400: Best fitness = 1.863651
Generation 450: Best fitness = 1.863802
Attempt 68: Current best = 1.899958
Generation 0: Best fitness = 0.869582
Generation 50: Best fitness = 1.573954
Generation 100: Best fitness = 1.722925
Generation 150: Best fitness = 1.732613
Generation 200: Best fitness = 1.735176
Generation 250: Best fitness = 1.736856
Generation 300: Best fitness = 1.739319
Generation 350: Best fitness = 1.740001
Generation 400: Best fitness = 1.741186
Generation 450: Best fitness = 1.745085
Attempt 69: Current best = 1.899958
Generation 0: Best fitness = 0.871308
Generation 50: Best fitness = 1.636015
Generation 100: Best fitness = 1.719433
Generation 150: Best fitness = 1.728242
Generation 200: Best fitness = 1.731648
Generation 250: Best fitness = 1.734741
Generation 300: Best fitness = 1.736448
Generation 350: Best fitness = 1.736864
Generation 400: Best fitness = 1.737005
Generation 450: Best fitness = 1.737728
Attempt 70: Current best = 1.899958
Generation 0: Best fitness = 0.861412
Generation 50: Best fitness = 1.646601
Generation 100: Best fitness = 1.764838
Generation 150: Best fitness = 1.779530
Generation 200: Best fitness = 1.780688
Generation 250: Best fitness = 1.781172
Generation 300: Best fitness = 1.781838
Generation 350: Best fitness = 1.782235
Generation 400: Best fitness = 1.784378
Generation 450: Best fitness = 1.784600
Attempt 71: Current best = 1.899958
Generation 0: Best fitness = 0.866648
Generation 50: Best fitness = 1.652890
Generation 100: Best fitness = 1.798244
Generation 150: Best fitness = 1.810159
Generation 200: Best fitness = 1.813117
Generation 250: Best fitness = 1.813998
Generation 300: Best fitness = 1.814501
Generation 350: Best fitness = 1.814694
Generation 400: Best fitness = 1.815001
Generation 450: Best fitness = 1.815001
Attempt 72: Current best = 1.899958
Generation 0: Best fitness = 0.858281
Generation 50: Best fitness = 1.565234
Generation 100: Best fitness = 1.731807
Generation 150: Best fitness = 1.757831
Generation 200: Best fitness = 1.762629
Generation 250: Best fitness = 1.764738
Generation 300: Best fitness = 1.768189
Generation 350: Best fitness = 1.768616
Generation 400: Best fitness = 1.769572
Generation 450: Best fitness = 1.770221
Attempt 73: Current best = 1.899958
Generation 0: Best fitness = 0.870392
Generation 50: Best fitness = 1.643532
Generation 100: Best fitness = 1.744457
Generation 150: Best fitness = 1.750763
Generation 200: Best fitness = 1.752326
Generation 250: Best fitness = 1.752887
Generation 300: Best fitness = 1.753870
Generation 350: Best fitness = 1.754196
Generation 400: Best fitness = 1.754196
Generation 450: Best fitness = 1.754734
Attempt 74: Current best = 1.899958
Generation 0: Best fitness = 0.861097
Generation 50: Best fitness = 1.617353
Generation 100: Best fitness = 1.739944
Generation 150: Best fitness = 1.755614
Generation 200: Best fitness = 1.772896
Generation 250: Best fitness = 1.775615
Generation 300: Best fitness = 1.777874
Generation 350: Best fitness = 1.778547
Generation 400: Best fitness = 1.778638
Generation 450: Best fitness = 1.779048
Attempt 75: Current best = 1.899958
Generation 0: Best fitness = 0.855332
Generation 50: Best fitness = 1.743228
Generation 100: Best fitness = 1.884753
Generation 150: Best fitness = 1.895697
Generation 200: Best fitness = 1.897884
Generation 250: Best fitness = 1.899241
Generation 300: Best fitness = 1.900154
Generation 350: Best fitness = 1.900658
Generation 400: Best fitness = 1.901234
Generation 450: Best fitness = 1.901234
Attempt 76: Current best = 1.901234
Generation 0: Best fitness = 0.857757
Generation 50: Best fitness = 1.576427
Generation 100: Best fitness = 1.746667
Generation 150: Best fitness = 1.769031
Generation 200: Best fitness = 1.773401
Generation 250: Best fitness = 1.774916
Generation 300: Best fitness = 1.775920
Generation 350: Best fitness = 1.776432
Generation 400: Best fitness = 1.778271
Generation 450: Best fitness = 1.778539
Attempt 77: Current best = 1.901234
Generation 0: Best fitness = 0.851931
Generation 50: Best fitness = 1.619316
Generation 100: Best fitness = 1.721949
Generation 150: Best fitness = 1.729603
Generation 200: Best fitness = 1.735800
Generation 250: Best fitness = 1.738736
Generation 300: Best fitness = 1.739544
Generation 350: Best fitness = 1.739988
Generation 400: Best fitness = 1.744322
Generation 450: Best fitness = 1.744322
Attempt 78: Current best = 1.901234
Generation 0: Best fitness = 0.854085
Generation 50: Best fitness = 1.625367
Generation 100: Best fitness = 1.757718
Generation 150: Best fitness = 1.765302
Generation 200: Best fitness = 1.767040
Generation 250: Best fitness = 1.768664
Generation 300: Best fitness = 1.770154
Generation 350: Best fitness = 1.770284
Generation 400: Best fitness = 1.770853
Generation 450: Best fitness = 1.770894
Attempt 79: Current best = 1.901234
Generation 0: Best fitness = 0.851876
Generation 50: Best fitness = 1.659673
Generation 100: Best fitness = 1.795896
Generation 150: Best fitness = 1.805010
Generation 200: Best fitness = 1.811158
Generation 250: Best fitness = 1.819340
Generation 300: Best fitness = 1.823571
Generation 350: Best fitness = 1.825677
Generation 400: Best fitness = 1.826215
Generation 450: Best fitness = 1.826739
Attempt 80: Current best = 1.901234
Generation 0: Best fitness = 0.859376
Generation 50: Best fitness = 1.696743
Generation 100: Best fitness = 1.803775
Generation 150: Best fitness = 1.813044
Generation 200: Best fitness = 1.816372
Generation 250: Best fitness = 1.819026
Generation 300: Best fitness = 1.820801
Generation 350: Best fitness = 1.821541
Generation 400: Best fitness = 1.822509
Generation 450: Best fitness = 1.822885
Attempt 81: Current best = 1.901234
Generation 0: Best fitness = 0.855839
Generation 50: Best fitness = 1.696468
Generation 100: Best fitness = 1.787527
Generation 150: Best fitness = 1.796902
Generation 200: Best fitness = 1.802997
Generation 250: Best fitness = 1.804406
Generation 300: Best fitness = 1.804762
Generation 350: Best fitness = 1.805113
Generation 400: Best fitness = 1.806242
Generation 450: Best fitness = 1.806508
Attempt 82: Current best = 1.901234
Generation 0: Best fitness = 0.856194
Generation 50: Best fitness = 1.644451
Generation 100: Best fitness = 1.752145
Generation 150: Best fitness = 1.765289
Generation 200: Best fitness = 1.768028
Generation 250: Best fitness = 1.769007
Generation 300: Best fitness = 1.769164
Generation 350: Best fitness = 1.769548
Generation 400: Best fitness = 1.770104
Generation 450: Best fitness = 1.770104
Attempt 83: Current best = 1.901234
Generation 0: Best fitness = 0.860852
Generation 50: Best fitness = 1.607851
Generation 100: Best fitness = 1.688342
Generation 150: Best fitness = 1.708965
Generation 200: Best fitness = 1.714416
Generation 250: Best fitness = 1.717581
Generation 300: Best fitness = 1.718479
Generation 350: Best fitness = 1.718495
Generation 400: Best fitness = 1.720932
Generation 450: Best fitness = 1.723784
Attempt 84: Current best = 1.901234
Generation 0: Best fitness = 0.863386
Generation 50: Best fitness = 1.638787
Generation 100: Best fitness = 1.747158
Generation 150: Best fitness = 1.761571
Generation 200: Best fitness = 1.764866
Generation 250: Best fitness = 1.765737
Generation 300: Best fitness = 1.766463
Generation 350: Best fitness = 1.767040
Generation 400: Best fitness = 1.767671
Generation 450: Best fitness = 1.767710
Attempt 85: Current best = 1.901234
Generation 0: Best fitness = 0.852565
Generation 50: Best fitness = 1.661025
Generation 100: Best fitness = 1.819643
Generation 150: Best fitness = 1.830941
Generation 200: Best fitness = 1.834275
Generation 250: Best fitness = 1.835593
Generation 300: Best fitness = 1.837791
Generation 350: Best fitness = 1.838858
Generation 400: Best fitness = 1.839241
Generation 450: Best fitness = 1.839286
Attempt 86: Current best = 1.901234
Generation 0: Best fitness = 0.862692
Generation 50: Best fitness = 1.639001
Generation 100: Best fitness = 1.752267
Generation 150: Best fitness = 1.762516
Generation 200: Best fitness = 1.765577
Generation 250: Best fitness = 1.766876
Generation 300: Best fitness = 1.767953
Generation 350: Best fitness = 1.774088
Generation 400: Best fitness = 1.776173
Generation 450: Best fitness = 1.776173
Attempt 87: Current best = 1.901234
Generation 0: Best fitness = 0.854513
Generation 50: Best fitness = 1.658545
Generation 100: Best fitness = 1.746572
Generation 150: Best fitness = 1.754263
Generation 200: Best fitness = 1.757514
Generation 250: Best fitness = 1.760010
Generation 300: Best fitness = 1.760010
Generation 350: Best fitness = 1.760267
Generation 400: Best fitness = 1.760778
Generation 450: Best fitness = 1.761055
Attempt 88: Current best = 1.901234
Generation 0: Best fitness = 0.842687
Generation 50: Best fitness = 1.617318
Generation 100: Best fitness = 1.742209
Generation 150: Best fitness = 1.750860
Generation 200: Best fitness = 1.754090
Generation 250: Best fitness = 1.755565
Generation 300: Best fitness = 1.756134
Generation 350: Best fitness = 1.756473
Generation 400: Best fitness = 1.756473
Generation 450: Best fitness = 1.756473
Attempt 89: Current best = 1.901234
Generation 0: Best fitness = 0.856095
Generation 50: Best fitness = 1.640459
Generation 100: Best fitness = 1.749144
Generation 150: Best fitness = 1.762856
Generation 200: Best fitness = 1.766707
Generation 250: Best fitness = 1.767853
Generation 300: Best fitness = 1.768447
Generation 350: Best fitness = 1.768742
Generation 400: Best fitness = 1.769233
Generation 450: Best fitness = 1.769481
Attempt 90: Current best = 1.901234
Generation 0: Best fitness = 0.859349
Generation 50: Best fitness = 1.626783
Generation 100: Best fitness = 1.727144
Generation 150: Best fitness = 1.736397
Generation 200: Best fitness = 1.742238
Generation 250: Best fitness = 1.745915
Generation 300: Best fitness = 1.748328
Generation 350: Best fitness = 1.748328
Generation 400: Best fitness = 1.749353
Generation 450: Best fitness = 1.750114
Attempt 91: Current best = 1.901234
Generation 0: Best fitness = 0.854352
Generation 50: Best fitness = 1.591749
Generation 100: Best fitness = 1.749524
Generation 150: Best fitness = 1.758362
Generation 200: Best fitness = 1.761653
Generation 250: Best fitness = 1.763646
Generation 300: Best fitness = 1.764043
Generation 350: Best fitness = 1.764479
Generation 400: Best fitness = 1.765074
Generation 450: Best fitness = 1.765235
Attempt 92: Current best = 1.901234
Generation 0: Best fitness = 0.848376
Generation 50: Best fitness = 1.612858
Generation 100: Best fitness = 1.721745
Generation 150: Best fitness = 1.732570
Generation 200: Best fitness = 1.735536
Generation 250: Best fitness = 1.738114
Generation 300: Best fitness = 1.739280
Generation 350: Best fitness = 1.739494
Generation 400: Best fitness = 1.739644
Generation 450: Best fitness = 1.739758
Attempt 93: Current best = 1.901234
Generation 0: Best fitness = 0.841203
Generation 50: Best fitness = 1.638199
Generation 100: Best fitness = 1.781186
Generation 150: Best fitness = 1.795796
Generation 200: Best fitness = 1.803561
Generation 250: Best fitness = 1.805237
Generation 300: Best fitness = 1.806304
Generation 350: Best fitness = 1.807699
Generation 400: Best fitness = 1.807966
Generation 450: Best fitness = 1.808526
Attempt 94: Current best = 1.901234
Generation 0: Best fitness = 0.860937
Generation 50: Best fitness = 1.582386
Generation 100: Best fitness = 1.747208
Generation 150: Best fitness = 1.762581
Generation 200: Best fitness = 1.764995
Generation 250: Best fitness = 1.766230
Generation 300: Best fitness = 1.766438
Generation 350: Best fitness = 1.770758
Generation 400: Best fitness = 1.771590
Generation 450: Best fitness = 1.772469
Attempt 95: Current best = 1.901234
Generation 0: Best fitness = 0.855191
Generation 50: Best fitness = 1.658387
Generation 100: Best fitness = 1.806275
Generation 150: Best fitness = 1.821530
Generation 200: Best fitness = 1.823219
Generation 250: Best fitness = 1.826427
Generation 300: Best fitness = 1.827858
Generation 350: Best fitness = 1.828562
Generation 400: Best fitness = 1.829340
Generation 450: Best fitness = 1.829372
Attempt 96: Current best = 1.901234
Generation 0: Best fitness = 0.868313
Generation 50: Best fitness = 1.667456
Generation 100: Best fitness = 1.803852
Generation 150: Best fitness = 1.820551
Generation 200: Best fitness = 1.823441
Generation 250: Best fitness = 1.826294
Generation 300: Best fitness = 1.831515
Generation 350: Best fitness = 1.832618
Generation 400: Best fitness = 1.833380
Generation 450: Best fitness = 1.833697
Attempt 97: Current best = 1.901234
Generation 0: Best fitness = 0.842647
Generation 50: Best fitness = 1.615272
Generation 100: Best fitness = 1.727517
Generation 150: Best fitness = 1.763708
Generation 200: Best fitness = 1.765408
Generation 250: Best fitness = 1.767222
Generation 300: Best fitness = 1.767596
Generation 350: Best fitness = 1.767906
Generation 400: Best fitness = 1.767936
Generation 450: Best fitness = 1.767941
Attempt 98: Current best = 1.901234
Generation 0: Best fitness = 0.866445
Generation 50: Best fitness = 1.633220
Generation 100: Best fitness = 1.737369
Generation 150: Best fitness = 1.751312
Generation 200: Best fitness = 1.753521
Generation 250: Best fitness = 1.755595
Generation 300: Best fitness = 1.756029
Generation 350: Best fitness = 1.756992
Generation 400: Best fitness = 1.758143
Generation 450: Best fitness = 1.758416
Attempt 99: Current best = 1.901234
Generation 0: Best fitness = 0.859875
Generation 50: Best fitness = 1.685191
Generation 100: Best fitness = 1.804618
Generation 150: Best fitness = 1.818860
Generation 200: Best fitness = 1.823646
Generation 250: Best fitness = 1.827154
Generation 300: Best fitness = 1.828584
Generation 350: Best fitness = 1.830234
Generation 400: Best fitness = 1.830329
Generation 450: Best fitness = 1.830855
Attempt 100: Current best = 1.901234
Generation 0: Best fitness = 0.845729
Generation 50: Best fitness = 1.591137
Generation 100: Best fitness = 1.677271
Generation 150: Best fitness = 1.681248
Generation 200: Best fitness = 1.684636
Generation 250: Best fitness = 1.686371
Generation 300: Best fitness = 1.686414
Generation 350: Best fitness = 1.692614
Generation 400: Best fitness = 1.696896
Generation 450: Best fitness = 1.699151
Attempt 101: Current best = 1.901234
Generation 0: Best fitness = 0.858894
Generation 50: Best fitness = 1.625972
Generation 100: Best fitness = 1.719088
Generation 150: Best fitness = 1.735662
Generation 200: Best fitness = 1.742317
Generation 250: Best fitness = 1.745041
Generation 300: Best fitness = 1.745486
Generation 350: Best fitness = 1.747037
Generation 400: Best fitness = 1.747164
Generation 450: Best fitness = 1.747784
Attempt 102: Current best = 1.901234
Generation 0: Best fitness = 0.867561
Generation 50: Best fitness = 1.682684
Generation 100: Best fitness = 1.764364
Generation 150: Best fitness = 1.775253
Generation 200: Best fitness = 1.779661
Generation 250: Best fitness = 1.780123
Generation 300: Best fitness = 1.781250
Generation 350: Best fitness = 1.781579
Generation 400: Best fitness = 1.782368
Generation 450: Best fitness = 1.782368
Attempt 103: Current best = 1.901234
Generation 0: Best fitness = 0.850395
Generation 50: Best fitness = 1.672906
Generation 100: Best fitness = 1.762404
Generation 150: Best fitness = 1.771412
Generation 200: Best fitness = 1.773923
Generation 250: Best fitness = 1.774768
Generation 300: Best fitness = 1.775165
Generation 350: Best fitness = 1.775729
Generation 400: Best fitness = 1.775864
Generation 450: Best fitness = 1.776118
Attempt 104: Current best = 1.901234
Generation 0: Best fitness = 0.863678
Generation 50: Best fitness = 1.612233
Generation 100: Best fitness = 1.728656
Generation 150: Best fitness = 1.743461
Generation 200: Best fitness = 1.748152
Generation 250: Best fitness = 1.749112
Generation 300: Best fitness = 1.749278
Generation 350: Best fitness = 1.749449
Generation 400: Best fitness = 1.749473
Generation 450: Best fitness = 1.749758
Attempt 105: Current best = 1.901234
Generation 0: Best fitness = 0.855478
Generation 50: Best fitness = 1.651948
Generation 100: Best fitness = 1.778242
Generation 150: Best fitness = 1.807588
Generation 200: Best fitness = 1.813553
Generation 250: Best fitness = 1.816776
Generation 300: Best fitness = 1.817092
Generation 350: Best fitness = 1.817745
Generation 400: Best fitness = 1.818940
Generation 450: Best fitness = 1.819391
Attempt 106: Current best = 1.901234
Generation 0: Best fitness = 0.861233
Generation 50: Best fitness = 1.585864
Generation 100: Best fitness = 1.724295
Generation 150: Best fitness = 1.741735
Generation 200: Best fitness = 1.746303
Generation 250: Best fitness = 1.749900
Generation 300: Best fitness = 1.752385
Generation 350: Best fitness = 1.753195
Generation 400: Best fitness = 1.754934
Generation 450: Best fitness = 1.756480
Attempt 107: Current best = 1.901234
Generation 0: Best fitness = 0.854493
Generation 50: Best fitness = 1.594526
Generation 100: Best fitness = 1.731297
Generation 150: Best fitness = 1.740878
Generation 200: Best fitness = 1.744743
Generation 250: Best fitness = 1.747222
Generation 300: Best fitness = 1.747460
Generation 350: Best fitness = 1.751552
Generation 400: Best fitness = 1.758000
Generation 450: Best fitness = 1.758311
Attempt 108: Current best = 1.901234
Generation 0: Best fitness = 0.846052
Generation 50: Best fitness = 1.727015
Generation 100: Best fitness = 1.847625
Generation 150: Best fitness = 1.859504
Generation 200: Best fitness = 1.861358
Generation 250: Best fitness = 1.864610
Generation 300: Best fitness = 1.865094
Generation 350: Best fitness = 1.870029
Generation 400: Best fitness = 1.870821
Generation 450: Best fitness = 1.870907
Attempt 109: Current best = 1.901234
Generation 0: Best fitness = 0.864563
Generation 50: Best fitness = 1.590949
Generation 100: Best fitness = 1.717001
Generation 150: Best fitness = 1.727201
Generation 200: Best fitness = 1.730790
Generation 250: Best fitness = 1.733354
Generation 300: Best fitness = 1.733751
Generation 350: Best fitness = 1.734752
Generation 400: Best fitness = 1.735305
Generation 450: Best fitness = 1.735532
Attempt 110: Current best = 1.901234
Generation 0: Best fitness = 0.849625
Generation 50: Best fitness = 1.643948
Generation 100: Best fitness = 1.809494
Generation 150: Best fitness = 1.828706
Generation 200: Best fitness = 1.832092
Generation 250: Best fitness = 1.838118
Generation 300: Best fitness = 1.844936
Generation 350: Best fitness = 1.846987
Generation 400: Best fitness = 1.848081
Generation 450: Best fitness = 1.848492
Attempt 111: Current best = 1.901234
Generation 0: Best fitness = 0.860510
Generation 50: Best fitness = 1.640562
Generation 100: Best fitness = 1.738797
Generation 150: Best fitness = 1.744391
Generation 200: Best fitness = 1.749158
Generation 250: Best fitness = 1.750639
Generation 300: Best fitness = 1.751339
Generation 350: Best fitness = 1.752247
Generation 400: Best fitness = 1.753543
Generation 450: Best fitness = 1.753912
Attempt 112: Current best = 1.901234
Generation 0: Best fitness = 0.858005
Generation 50: Best fitness = 1.638224
Generation 100: Best fitness = 1.736402
Generation 150: Best fitness = 1.759918
Generation 200: Best fitness = 1.763933
Generation 250: Best fitness = 1.766080
Generation 300: Best fitness = 1.767344
Generation 350: Best fitness = 1.768495
Generation 400: Best fitness = 1.769688
Generation 450: Best fitness = 1.769862
Attempt 113: Current best = 1.901234
Generation 0: Best fitness = 0.866427
Generation 50: Best fitness = 1.662145
Generation 100: Best fitness = 1.768559
Generation 150: Best fitness = 1.779117
Generation 200: Best fitness = 1.782220
Generation 250: Best fitness = 1.784216
Generation 300: Best fitness = 1.784931
Generation 350: Best fitness = 1.786395
Generation 400: Best fitness = 1.787110
Generation 450: Best fitness = 1.787773
Attempt 114: Current best = 1.901234
Generation 0: Best fitness = 0.869443
Generation 50: Best fitness = 1.632907
Generation 100: Best fitness = 1.832438
Generation 150: Best fitness = 1.862432
Generation 200: Best fitness = 1.869953
Generation 250: Best fitness = 1.871544
Generation 300: Best fitness = 1.872518
Generation 350: Best fitness = 1.873215
Generation 400: Best fitness = 1.873808
Generation 450: Best fitness = 1.874168
Attempt 115: Current best = 1.901234
Generation 0: Best fitness = 0.852925
Generation 50: Best fitness = 1.681852
Generation 100: Best fitness = 1.816380
Generation 150: Best fitness = 1.823691
Generation 200: Best fitness = 1.826649
Generation 250: Best fitness = 1.828461
Generation 300: Best fitness = 1.828965
Generation 350: Best fitness = 1.830108
Generation 400: Best fitness = 1.830122
Generation 450: Best fitness = 1.831155
Attempt 116: Current best = 1.901234
Generation 0: Best fitness = 0.858260
Generation 50: Best fitness = 1.731362
Generation 100: Best fitness = 1.872753
Generation 150: Best fitness = 1.887176
Generation 200: Best fitness = 1.903447
Generation 250: Best fitness = 1.913113
Generation 300: Best fitness = 1.920608
Generation 350: Best fitness = 1.923661
Generation 400: Best fitness = 1.924975
Generation 450: Best fitness = 1.926848
Attempt 117: Current best = 1.927736
Generation 0: Best fitness = 0.852581
Generation 50: Best fitness = 1.724704
Generation 100: Best fitness = 1.822991
Generation 150: Best fitness = 1.830701
Generation 200: Best fitness = 1.833012
Generation 250: Best fitness = 1.834879
Generation 300: Best fitness = 1.835701
Generation 350: Best fitness = 1.836311
Generation 400: Best fitness = 1.836900
Generation 450: Best fitness = 1.837026
Attempt 118: Current best = 1.927736
Generation 0: Best fitness = 0.867737
Generation 50: Best fitness = 1.657664
Generation 100: Best fitness = 1.760865
Generation 150: Best fitness = 1.780963
Generation 200: Best fitness = 1.786391
Generation 250: Best fitness = 1.786852
Generation 300: Best fitness = 1.788943
Generation 350: Best fitness = 1.789812
Generation 400: Best fitness = 1.790223
Generation 450: Best fitness = 1.790756
Attempt 119: Current best = 1.927736
Generation 0: Best fitness = 0.852693
Generation 50: Best fitness = 1.655307
Generation 100: Best fitness = 1.761464
Generation 150: Best fitness = 1.775748
Generation 200: Best fitness = 1.778052
Generation 250: Best fitness = 1.779690
Generation 300: Best fitness = 1.781663
Generation 350: Best fitness = 1.782363
Generation 400: Best fitness = 1.782852
Generation 450: Best fitness = 1.783281
Attempt 120: Current best = 1.927736
Generation 0: Best fitness = 0.864682
Generation 50: Best fitness = 1.619036
Generation 100: Best fitness = 1.779551
Generation 150: Best fitness = 1.793936
Generation 200: Best fitness = 1.798797
Generation 250: Best fitness = 1.801753
Generation 300: Best fitness = 1.802631
Generation 350: Best fitness = 1.812571
Generation 400: Best fitness = 1.815419
Generation 450: Best fitness = 1.815924
Attempt 121: Current best = 1.927736
Generation 0: Best fitness = 0.852303
Generation 50: Best fitness = 1.602823
Generation 100: Best fitness = 1.718782
Generation 150: Best fitness = 1.748632
Generation 200: Best fitness = 1.754538
Generation 250: Best fitness = 1.758515
Generation 300: Best fitness = 1.760835
Generation 350: Best fitness = 1.762094
Generation 400: Best fitness = 1.763355
Generation 450: Best fitness = 1.763722
Attempt 122: Current best = 1.927736
Generation 0: Best fitness = 0.868371
Generation 50: Best fitness = 1.661974
Generation 100: Best fitness = 1.808216
Generation 150: Best fitness = 1.830228
Generation 200: Best fitness = 1.833889
Generation 250: Best fitness = 1.836585
Generation 300: Best fitness = 1.837739
Generation 350: Best fitness = 1.838765
Generation 400: Best fitness = 1.839293
Generation 450: Best fitness = 1.839599
Attempt 123: Current best = 1.927736
Generation 0: Best fitness = 0.857230
Generation 50: Best fitness = 1.649067
Generation 100: Best fitness = 1.787496
Generation 150: Best fitness = 1.799780
Generation 200: Best fitness = 1.801382
Generation 250: Best fitness = 1.805113
Generation 300: Best fitness = 1.806375
Generation 350: Best fitness = 1.806673
Generation 400: Best fitness = 1.807090
Generation 450: Best fitness = 1.807945
Attempt 124: Current best = 1.927736
Generation 0: Best fitness = 0.856036
Generation 50: Best fitness = 1.635210
Generation 100: Best fitness = 1.706483
Generation 150: Best fitness = 1.722509
Generation 200: Best fitness = 1.725493
Generation 250: Best fitness = 1.728059
Generation 300: Best fitness = 1.729371
Generation 350: Best fitness = 1.729683
Generation 400: Best fitness = 1.730226
Generation 450: Best fitness = 1.730432
Attempt 125: Current best = 1.927736
Generation 0: Best fitness = 0.869154
Generation 50: Best fitness = 1.574335
Generation 100: Best fitness = 1.788880
Generation 150: Best fitness = 1.817620
Generation 200: Best fitness = 1.821771
Generation 250: Best fitness = 1.832372
Generation 300: Best fitness = 1.833445
Generation 350: Best fitness = 1.835624
Generation 400: Best fitness = 1.835624
Generation 450: Best fitness = 1.835985
Attempt 126: Current best = 1.927736
Generation 0: Best fitness = 0.845171
Generation 50: Best fitness = 1.622891
Generation 100: Best fitness = 1.718889
Generation 150: Best fitness = 1.730516
Generation 200: Best fitness = 1.734083
Generation 250: Best fitness = 1.734991
Generation 300: Best fitness = 1.735652
Generation 350: Best fitness = 1.736072
Generation 400: Best fitness = 1.736652
Generation 450: Best fitness = 1.737830
Attempt 127: Current best = 1.927736
Generation 0: Best fitness = 0.867785
Generation 50: Best fitness = 1.599208
Generation 100: Best fitness = 1.731332
Generation 150: Best fitness = 1.753553
Generation 200: Best fitness = 1.759646
Generation 250: Best fitness = 1.761259
Generation 300: Best fitness = 1.762954
Generation 350: Best fitness = 1.763281
Generation 400: Best fitness = 1.765757
Generation 450: Best fitness = 1.770845
Attempt 128: Current best = 1.927736
Generation 0: Best fitness = 0.856460
Generation 50: Best fitness = 1.656681
Generation 100: Best fitness = 1.782812
Generation 150: Best fitness = 1.786073
Generation 200: Best fitness = 1.790762
Generation 250: Best fitness = 1.794242
Generation 300: Best fitness = 1.795007
Generation 350: Best fitness = 1.795614
Generation 400: Best fitness = 1.813803
Generation 450: Best fitness = 1.815388
Attempt 129: Current best = 1.927736
Generation 0: Best fitness = 0.869516
Generation 50: Best fitness = 1.569014
Generation 100: Best fitness = 1.706756
Generation 150: Best fitness = 1.716950
Generation 200: Best fitness = 1.721536
Generation 250: Best fitness = 1.724704
Generation 300: Best fitness = 1.725488
Generation 350: Best fitness = 1.726482
Generation 400: Best fitness = 1.726593
Generation 450: Best fitness = 1.726835
Attempt 130: Current best = 1.927736
Generation 0: Best fitness = 0.862763
Generation 50: Best fitness = 1.658615
Generation 100: Best fitness = 1.770469
Generation 150: Best fitness = 1.779382
Generation 200: Best fitness = 1.783037
Generation 250: Best fitness = 1.783687
Generation 300: Best fitness = 1.784283
Generation 350: Best fitness = 1.784964
Generation 400: Best fitness = 1.785746
Generation 450: Best fitness = 1.786112
Attempt 131: Current best = 1.927736
Generation 0: Best fitness = 0.853094
Generation 50: Best fitness = 1.561534
Generation 100: Best fitness = 1.753821
Generation 150: Best fitness = 1.770611
Generation 200: Best fitness = 1.778266
Generation 250: Best fitness = 1.779466
Generation 300: Best fitness = 1.780448
Generation 350: Best fitness = 1.781372
Generation 400: Best fitness = 1.781729
Generation 450: Best fitness = 1.781839
Attempt 132: Current best = 1.927736
Generation 0: Best fitness = 0.851564
Generation 50: Best fitness = 1.593177
Generation 100: Best fitness = 1.727136
Generation 150: Best fitness = 1.738546
Generation 200: Best fitness = 1.739901
Generation 250: Best fitness = 1.741719
Generation 300: Best fitness = 1.742675
Generation 350: Best fitness = 1.743182
Generation 400: Best fitness = 1.743297
Generation 450: Best fitness = 1.743612
Attempt 133: Current best = 1.927736
Generation 0: Best fitness = 0.853331
Generation 50: Best fitness = 1.583186
Generation 100: Best fitness = 1.717135
Generation 150: Best fitness = 1.729720
Generation 200: Best fitness = 1.733139
Generation 250: Best fitness = 1.735667
Generation 300: Best fitness = 1.737321
Generation 350: Best fitness = 1.738863
Generation 400: Best fitness = 1.739743
Generation 450: Best fitness = 1.739825
Attempt 134: Current best = 1.927736
Generation 0: Best fitness = 0.860433
Generation 50: Best fitness = 1.601460
Generation 100: Best fitness = 1.713843
Generation 150: Best fitness = 1.724853
Generation 200: Best fitness = 1.728772
Generation 250: Best fitness = 1.732446
Generation 300: Best fitness = 1.735348
Generation 350: Best fitness = 1.739514
Generation 400: Best fitness = 1.739853
Generation 450: Best fitness = 1.754496
Attempt 135: Current best = 1.927736
Generation 0: Best fitness = 0.854997
Generation 50: Best fitness = 1.584933
Generation 100: Best fitness = 1.751245
Generation 150: Best fitness = 1.758453
Generation 200: Best fitness = 1.763158
Generation 250: Best fitness = 1.764357
Generation 300: Best fitness = 1.767445
Generation 350: Best fitness = 1.767620
Generation 400: Best fitness = 1.767753
Generation 450: Best fitness = 1.767755
Attempt 136: Current best = 1.927736
Generation 0: Best fitness = 0.861901
Generation 50: Best fitness = 1.740827
Generation 100: Best fitness = 1.874531
Generation 150: Best fitness = 1.890671
Generation 200: Best fitness = 1.898274
Generation 250: Best fitness = 1.901472
Generation 300: Best fitness = 1.903272
Generation 350: Best fitness = 1.903846
Generation 400: Best fitness = 1.904391
Generation 450: Best fitness = 1.904508
Attempt 137: Current best = 1.927736
Generation 0: Best fitness = 0.876266
Generation 50: Best fitness = 1.707309
Generation 100: Best fitness = 1.860563
Generation 150: Best fitness = 1.873397
Generation 200: Best fitness = 1.878130
Generation 250: Best fitness = 1.883005
Generation 300: Best fitness = 1.884932
Generation 350: Best fitness = 1.886408
Generation 400: Best fitness = 1.886814
Generation 450: Best fitness = 1.888128
Attempt 138: Current best = 1.927736
Generation 0: Best fitness = 0.844476
Generation 50: Best fitness = 1.632036
Generation 100: Best fitness = 1.741797
Generation 150: Best fitness = 1.758960
Generation 200: Best fitness = 1.767375
Generation 250: Best fitness = 1.769953
Generation 300: Best fitness = 1.771072
Generation 350: Best fitness = 1.772051
Generation 400: Best fitness = 1.773087
Generation 450: Best fitness = 1.773455
Attempt 139: Current best = 1.927736
Generation 0: Best fitness = 0.867333
Generation 50: Best fitness = 1.630046
Generation 100: Best fitness = 1.790383
Generation 150: Best fitness = 1.794374
Generation 200: Best fitness = 1.798989
Generation 250: Best fitness = 1.800321
Generation 300: Best fitness = 1.801630
Generation 350: Best fitness = 1.801834
Generation 400: Best fitness = 1.802045
Generation 450: Best fitness = 1.802426
Attempt 140: Current best = 1.927736
Generation 0: Best fitness = 0.850343
Generation 50: Best fitness = 1.681339
Generation 100: Best fitness = 1.814738
Generation 150: Best fitness = 1.831169
Generation 200: Best fitness = 1.840056
Generation 250: Best fitness = 1.853668
Generation 300: Best fitness = 1.858591
Generation 350: Best fitness = 1.860534
Generation 400: Best fitness = 1.862426
Generation 450: Best fitness = 1.871294
Attempt 141: Current best = 1.927736
Generation 0: Best fitness = 0.846964
Generation 50: Best fitness = 1.633240
Generation 100: Best fitness = 1.741836
Generation 150: Best fitness = 1.751435
Generation 200: Best fitness = 1.770908
Generation 250: Best fitness = 1.775197
Generation 300: Best fitness = 1.776137
Generation 350: Best fitness = 1.776371
Generation 400: Best fitness = 1.777008
Generation 450: Best fitness = 1.777191
Attempt 142: Current best = 1.927736
Generation 0: Best fitness = 0.859772
Generation 50: Best fitness = 1.633628
Generation 100: Best fitness = 1.748091
Generation 150: Best fitness = 1.765467
Generation 200: Best fitness = 1.769247
Generation 250: Best fitness = 1.770422
Generation 300: Best fitness = 1.773368
Generation 350: Best fitness = 1.773747
Generation 400: Best fitness = 1.774067
Generation 450: Best fitness = 1.774067
Attempt 143: Current best = 1.927736
Generation 0: Best fitness = 0.845184
Generation 50: Best fitness = 1.646153
Generation 100: Best fitness = 1.774411
Generation 150: Best fitness = 1.784347
Generation 200: Best fitness = 1.785321
Generation 250: Best fitness = 1.786372
Generation 300: Best fitness = 1.788162
Generation 350: Best fitness = 1.788812
Generation 400: Best fitness = 1.789118
Generation 450: Best fitness = 1.789458
Attempt 144: Current best = 1.927736
Generation 0: Best fitness = 0.879600
Generation 50: Best fitness = 1.629892
Generation 100: Best fitness = 1.772081
Generation 150: Best fitness = 1.815751
Generation 200: Best fitness = 1.821023
Generation 250: Best fitness = 1.822605
Generation 300: Best fitness = 1.824757
Generation 350: Best fitness = 1.825597
Generation 400: Best fitness = 1.825809
Generation 450: Best fitness = 1.826616
Attempt 145: Current best = 1.927736
Generation 0: Best fitness = 0.859850
Generation 50: Best fitness = 1.745730
Generation 100: Best fitness = 1.913403
Generation 150: Best fitness = 1.929286
Generation 200: Best fitness = 1.932158
Generation 250: Best fitness = 1.934006
Generation 300: Best fitness = 1.935360
Generation 350: Best fitness = 1.935651
Generation 400: Best fitness = 1.935760
Generation 450: Best fitness = 1.935988
Attempt 146: Current best = 1.936054
Generation 0: Best fitness = 0.833963
Generation 50: Best fitness = 1.634501
Generation 100: Best fitness = 1.801984
Generation 150: Best fitness = 1.816482
Generation 200: Best fitness = 1.825004
Generation 250: Best fitness = 1.827145
Generation 300: Best fitness = 1.828000
Generation 350: Best fitness = 1.829024
Generation 400: Best fitness = 1.829313
Generation 450: Best fitness = 1.829539
Attempt 147: Current best = 1.936054
Generation 0: Best fitness = 0.854424
Generation 50: Best fitness = 1.588481
Generation 100: Best fitness = 1.716186
Generation 150: Best fitness = 1.729079
Generation 200: Best fitness = 1.733156
Generation 250: Best fitness = 1.735043
Generation 300: Best fitness = 1.736243
Generation 350: Best fitness = 1.736930
Generation 400: Best fitness = 1.737165
Generation 450: Best fitness = 1.737415
Attempt 148: Current best = 1.936054
Generation 0: Best fitness = 0.864027
Generation 50: Best fitness = 1.616583
Generation 100: Best fitness = 1.779282
Generation 150: Best fitness = 1.795058
Generation 200: Best fitness = 1.799740
Generation 250: Best fitness = 1.802044
Generation 300: Best fitness = 1.803738
Generation 350: Best fitness = 1.804200
Generation 400: Best fitness = 1.805427
Generation 450: Best fitness = 1.805694
Attempt 149: Current best = 1.936054
Generation 0: Best fitness = 0.850559
Generation 50: Best fitness = 1.609344
Generation 100: Best fitness = 1.729204
Generation 150: Best fitness = 1.753640
Generation 200: Best fitness = 1.757727
Generation 250: Best fitness = 1.758931
Generation 300: Best fitness = 1.759448
Generation 350: Best fitness = 1.760320
Generation 400: Best fitness = 1.760897
Generation 450: Best fitness = 1.761300
Attempt 150: Current best = 1.936054
Generation 0: Best fitness = 0.871235
Generation 50: Best fitness = 1.595083
Generation 100: Best fitness = 1.705700
Generation 150: Best fitness = 1.736922
Generation 200: Best fitness = 1.739533
Generation 250: Best fitness = 1.741358
Generation 300: Best fitness = 1.742934
Generation 350: Best fitness = 1.744364
Generation 400: Best fitness = 1.744714
Generation 450: Best fitness = 1.745106
Attempt 151: Current best = 1.936054
Generation 0: Best fitness = 0.859140
Generation 50: Best fitness = 1.641657
Generation 100: Best fitness = 1.794543
Generation 150: Best fitness = 1.809969
Generation 200: Best fitness = 1.815529
Generation 250: Best fitness = 1.818146
Generation 300: Best fitness = 1.818537
Generation 350: Best fitness = 1.818758
Generation 400: Best fitness = 1.819161
Generation 450: Best fitness = 1.819858
Attempt 152: Current best = 1.936054
Generation 0: Best fitness = 0.855102
Generation 50: Best fitness = 1.636004
Generation 100: Best fitness = 1.737670
Generation 150: Best fitness = 1.751659
Generation 200: Best fitness = 1.754437
Generation 250: Best fitness = 1.756648
Generation 300: Best fitness = 1.758533
Generation 350: Best fitness = 1.758533
Generation 400: Best fitness = 1.758551
Generation 450: Best fitness = 1.758683
Attempt 153: Current best = 1.936054
Generation 0: Best fitness = 0.856537
Generation 50: Best fitness = 1.645096
Generation 100: Best fitness = 1.756172
Generation 150: Best fitness = 1.778683
Generation 200: Best fitness = 1.782978
Generation 250: Best fitness = 1.785213
Generation 300: Best fitness = 1.786277
Generation 350: Best fitness = 1.787198
Generation 400: Best fitness = 1.787373
Generation 450: Best fitness = 1.787763
Attempt 154: Current best = 1.936054
Generation 0: Best fitness = 0.877407
Generation 50: Best fitness = 1.583082
Generation 100: Best fitness = 1.726771
Generation 150: Best fitness = 1.744510
Generation 200: Best fitness = 1.749028
Generation 250: Best fitness = 1.753105
Generation 300: Best fitness = 1.754470
Generation 350: Best fitness = 1.754592
Generation 400: Best fitness = 1.754650
Generation 450: Best fitness = 1.755875
Attempt 155: Current best = 1.936054
Generation 0: Best fitness = 0.863788
Generation 50: Best fitness = 1.725183
Generation 100: Best fitness = 1.853027
Generation 150: Best fitness = 1.871731
Generation 200: Best fitness = 1.876590
Generation 250: Best fitness = 1.878814
Generation 300: Best fitness = 1.880307
Generation 350: Best fitness = 1.882281
Generation 400: Best fitness = 1.882967
Generation 450: Best fitness = 1.883320
Attempt 156: Current best = 1.936054
Generation 0: Best fitness = 0.848400
Generation 50: Best fitness = 1.655162
Generation 100: Best fitness = 1.784826
Generation 150: Best fitness = 1.796921
Generation 200: Best fitness = 1.798092
Generation 250: Best fitness = 1.799392
Generation 300: Best fitness = 1.801293
Generation 350: Best fitness = 1.801696
Generation 400: Best fitness = 1.802839
Generation 450: Best fitness = 1.802882
Attempt 157: Current best = 1.936054
Generation 0: Best fitness = 0.872483
Generation 50: Best fitness = 1.686627
Generation 100: Best fitness = 1.780180
Generation 150: Best fitness = 1.787520
Generation 200: Best fitness = 1.790440
Generation 250: Best fitness = 1.793271
Generation 300: Best fitness = 1.794680
Generation 350: Best fitness = 1.794955
Generation 400: Best fitness = 1.795900
Generation 450: Best fitness = 1.795900
Attempt 158: Current best = 1.936054
Generation 0: Best fitness = 0.851557
Generation 50: Best fitness = 1.618000
Generation 100: Best fitness = 1.734889
Generation 150: Best fitness = 1.764955
Generation 200: Best fitness = 1.771935
Generation 250: Best fitness = 1.775828
Generation 300: Best fitness = 1.777833
Generation 350: Best fitness = 1.778711
Generation 400: Best fitness = 1.778952
Generation 450: Best fitness = 1.779835
Attempt 159: Current best = 1.936054
Generation 0: Best fitness = 0.868786
Generation 50: Best fitness = 1.640743
Generation 100: Best fitness = 1.786715
Generation 150: Best fitness = 1.798034
Generation 200: Best fitness = 1.802423
Generation 250: Best fitness = 1.804526
Generation 300: Best fitness = 1.806549
Generation 350: Best fitness = 1.807443
Generation 400: Best fitness = 1.808051
Generation 450: Best fitness = 1.808446
Attempt 160: Current best = 1.936054
Generation 0: Best fitness = 0.870222
Generation 50: Best fitness = 1.615196
Generation 100: Best fitness = 1.733551
Generation 150: Best fitness = 1.759146
Generation 200: Best fitness = 1.760176
Generation 250: Best fitness = 1.762605
Generation 300: Best fitness = 1.765432
Generation 350: Best fitness = 1.765967
Generation 400: Best fitness = 1.768521
Generation 450: Best fitness = 1.769083
Attempt 161: Current best = 1.936054
Generation 0: Best fitness = 0.855072
Generation 50: Best fitness = 1.708470
Generation 100: Best fitness = 1.805055
Generation 150: Best fitness = 1.818348
Generation 200: Best fitness = 1.821372
Generation 250: Best fitness = 1.824331
Generation 300: Best fitness = 1.825659
Generation 350: Best fitness = 1.826524
Generation 400: Best fitness = 1.826962
Generation 450: Best fitness = 1.827149
Attempt 162: Current best = 1.936054
Generation 0: Best fitness = 0.847339
Generation 50: Best fitness = 1.538068
Generation 100: Best fitness = 1.684919
Generation 150: Best fitness = 1.700278
Generation 200: Best fitness = 1.706283
Generation 250: Best fitness = 1.714510
Generation 300: Best fitness = 1.723734
Generation 350: Best fitness = 1.734378
Generation 400: Best fitness = 1.736054
Generation 450: Best fitness = 1.737965
Attempt 163: Current best = 1.936054
Generation 0: Best fitness = 0.857337
Generation 50: Best fitness = 1.635769
Generation 100: Best fitness = 1.790550
Generation 150: Best fitness = 1.810040
Generation 200: Best fitness = 1.812284
Generation 250: Best fitness = 1.813596
Generation 300: Best fitness = 1.814503
Generation 350: Best fitness = 1.817056
Generation 400: Best fitness = 1.819396
Generation 450: Best fitness = 1.820311
Attempt 164: Current best = 1.936054
Generation 0: Best fitness = 0.848958
Generation 50: Best fitness = 1.591198
Generation 100: Best fitness = 1.720197
Generation 150: Best fitness = 1.730209
Generation 200: Best fitness = 1.731672
Generation 250: Best fitness = 1.732339
Generation 300: Best fitness = 1.733282
Generation 350: Best fitness = 1.734026
Generation 400: Best fitness = 1.734483
Generation 450: Best fitness = 1.734719
Attempt 165: Current best = 1.936054
Generation 0: Best fitness = 0.878541
Generation 50: Best fitness = 1.634684
Generation 100: Best fitness = 1.747601
Generation 150: Best fitness = 1.760644
Generation 200: Best fitness = 1.768359
Generation 250: Best fitness = 1.768941
Generation 300: Best fitness = 1.770047
Generation 350: Best fitness = 1.771132
Generation 400: Best fitness = 1.771274
Generation 450: Best fitness = 1.772129
Attempt 166: Current best = 1.936054
Generation 0: Best fitness = 0.856618
Generation 50: Best fitness = 1.621578
Generation 100: Best fitness = 1.765077
Generation 150: Best fitness = 1.772483
Generation 200: Best fitness = 1.777548
Generation 250: Best fitness = 1.778954
Generation 300: Best fitness = 1.779500
Generation 350: Best fitness = 1.779783
Generation 400: Best fitness = 1.780562
Generation 450: Best fitness = 1.780807
Attempt 167: Current best = 1.936054
Generation 0: Best fitness = 0.854521
Generation 50: Best fitness = 1.646150
Generation 100: Best fitness = 1.798561
Generation 150: Best fitness = 1.816827
Generation 200: Best fitness = 1.820985
Generation 250: Best fitness = 1.824024
Generation 300: Best fitness = 1.824404
Generation 350: Best fitness = 1.825265
Generation 400: Best fitness = 1.826281
Generation 450: Best fitness = 1.826443
Attempt 168: Current best = 1.936054
Generation 0: Best fitness = 0.852810
Generation 50: Best fitness = 1.651649
Generation 100: Best fitness = 1.774721
Generation 150: Best fitness = 1.784374
Generation 200: Best fitness = 1.785494
Generation 250: Best fitness = 1.786841
Generation 300: Best fitness = 1.787573
Generation 350: Best fitness = 1.788081
Generation 400: Best fitness = 1.788329
Generation 450: Best fitness = 1.788754
Attempt 169: Current best = 1.936054
Generation 0: Best fitness = 0.856421
Generation 50: Best fitness = 1.625134
Generation 100: Best fitness = 1.780430
Generation 150: Best fitness = 1.788137
Generation 200: Best fitness = 1.791701
Generation 250: Best fitness = 1.795157
Generation 300: Best fitness = 1.802482
Generation 350: Best fitness = 1.805920
Generation 400: Best fitness = 1.808755
Generation 450: Best fitness = 1.812298
Attempt 170: Current best = 1.936054
Generation 0: Best fitness = 0.858903
Generation 50: Best fitness = 1.679181
Generation 100: Best fitness = 1.862597
Generation 150: Best fitness = 1.876111
Generation 200: Best fitness = 1.879972
Generation 250: Best fitness = 1.882820
Generation 300: Best fitness = 1.883960
Generation 350: Best fitness = 1.884823
Generation 400: Best fitness = 1.885276
Generation 450: Best fitness = 1.885567
Attempt 171: Current best = 1.936054
Generation 0: Best fitness = 0.886138
Generation 50: Best fitness = 1.666691
Generation 100: Best fitness = 1.781359
Generation 150: Best fitness = 1.790705
Generation 200: Best fitness = 1.794559
Generation 250: Best fitness = 1.796741
Generation 300: Best fitness = 1.798577
Generation 350: Best fitness = 1.798818
Generation 400: Best fitness = 1.800769
Generation 450: Best fitness = 1.801016
Attempt 172: Current best = 1.936054
Generation 0: Best fitness = 0.856522
Generation 50: Best fitness = 1.638047
Generation 100: Best fitness = 1.754780
Generation 150: Best fitness = 1.771958
Generation 200: Best fitness = 1.776956
Generation 250: Best fitness = 1.777942
Generation 300: Best fitness = 1.778427
Generation 350: Best fitness = 1.778926
Generation 400: Best fitness = 1.780313
Generation 450: Best fitness = 1.780387
Attempt 173: Current best = 1.936054
Generation 0: Best fitness = 0.855919
Generation 50: Best fitness = 1.627057
Generation 100: Best fitness = 1.738907
Generation 150: Best fitness = 1.740963
Generation 200: Best fitness = 1.745764
Generation 250: Best fitness = 1.745881
Generation 300: Best fitness = 1.746315
Generation 350: Best fitness = 1.747606
Generation 400: Best fitness = 1.747727
Generation 450: Best fitness = 1.748023
Attempt 174: Current best = 1.936054
Generation 0: Best fitness = 0.863497
Generation 50: Best fitness = 1.638191
Generation 100: Best fitness = 1.730791
Generation 150: Best fitness = 1.745025
Generation 200: Best fitness = 1.749211
Generation 250: Best fitness = 1.750011
Generation 300: Best fitness = 1.750863
Generation 350: Best fitness = 1.751011
Generation 400: Best fitness = 1.751074
Generation 450: Best fitness = 1.751279
Attempt 175: Current best = 1.936054
Generation 0: Best fitness = 0.856109
Generation 50: Best fitness = 1.725809
Generation 100: Best fitness = 1.843630
Generation 150: Best fitness = 1.853279
Generation 200: Best fitness = 1.854759
Generation 250: Best fitness = 1.856079
Generation 300: Best fitness = 1.857006
Generation 350: Best fitness = 1.857798
Generation 400: Best fitness = 1.857798
Generation 450: Best fitness = 1.857863
Attempt 176: Current best = 1.936054
Generation 0: Best fitness = 0.859970
Generation 50: Best fitness = 1.648867
Generation 100: Best fitness = 1.763395
Generation 150: Best fitness = 1.782817
Generation 200: Best fitness = 1.786209
Generation 250: Best fitness = 1.787621
Generation 300: Best fitness = 1.788136
Generation 350: Best fitness = 1.789183
Generation 400: Best fitness = 1.789898
Generation 450: Best fitness = 1.790927
Attempt 177: Current best = 1.936054
Generation 0: Best fitness = 0.859717
Generation 50: Best fitness = 1.642651
Generation 100: Best fitness = 1.760311
Generation 150: Best fitness = 1.769571
Generation 200: Best fitness = 1.771931
Generation 250: Best fitness = 1.772674
Generation 300: Best fitness = 1.774188
Generation 350: Best fitness = 1.774975
Generation 400: Best fitness = 1.775032
Generation 450: Best fitness = 1.780547
Attempt 178: Current best = 1.936054
Generation 0: Best fitness = 0.851418
Generation 50: Best fitness = 1.625890
Generation 100: Best fitness = 1.730028
Generation 150: Best fitness = 1.740834
Generation 200: Best fitness = 1.743330
Generation 250: Best fitness = 1.744807
Generation 300: Best fitness = 1.745250
Generation 350: Best fitness = 1.746974
Generation 400: Best fitness = 1.747255
Generation 450: Best fitness = 1.747327
Attempt 179: Current best = 1.936054
Generation 0: Best fitness = 0.849617
Generation 50: Best fitness = 1.610195
Generation 100: Best fitness = 1.783003
Generation 150: Best fitness = 1.823084
Generation 200: Best fitness = 1.842910
Generation 250: Best fitness = 1.879863
Generation 300: Best fitness = 1.887952
Generation 350: Best fitness = 1.890630
Generation 400: Best fitness = 1.900420
Generation 450: Best fitness = 1.901704
Attempt 180: Current best = 1.936054
Generation 0: Best fitness = 0.855565
Generation 50: Best fitness = 1.682698
Generation 100: Best fitness = 1.802835
Generation 150: Best fitness = 1.823104
Generation 200: Best fitness = 1.827402
Generation 250: Best fitness = 1.829433
Generation 300: Best fitness = 1.830289
Generation 350: Best fitness = 1.831161
Generation 400: Best fitness = 1.831733
Generation 450: Best fitness = 1.832357
Attempt 181: Current best = 1.936054
Generation 0: Best fitness = 0.858356
Generation 50: Best fitness = 1.620382
Generation 100: Best fitness = 1.721286
Generation 150: Best fitness = 1.726280
Generation 200: Best fitness = 1.729306
Generation 250: Best fitness = 1.733009
Generation 300: Best fitness = 1.734664
Generation 350: Best fitness = 1.734664
Generation 400: Best fitness = 1.735124
Generation 450: Best fitness = 1.735603
Attempt 182: Current best = 1.936054
Generation 0: Best fitness = 0.857592
Generation 50: Best fitness = 1.621824
Generation 100: Best fitness = 1.747450
Generation 150: Best fitness = 1.754512
Generation 200: Best fitness = 1.758661
Generation 250: Best fitness = 1.760597
Generation 300: Best fitness = 1.760912
Generation 350: Best fitness = 1.761130
Generation 400: Best fitness = 1.761432
Generation 450: Best fitness = 1.761492
Attempt 183: Current best = 1.936054
Generation 0: Best fitness = 0.861299
Generation 50: Best fitness = 1.688290
Generation 100: Best fitness = 1.828564
Generation 150: Best fitness = 1.837408
Generation 200: Best fitness = 1.839982
Generation 250: Best fitness = 1.842280
Generation 300: Best fitness = 1.843598
Generation 350: Best fitness = 1.843985
Generation 400: Best fitness = 1.844685
Generation 450: Best fitness = 1.844796
Attempt 184: Current best = 1.936054
Generation 0: Best fitness = 0.845167
Generation 50: Best fitness = 1.637612
Generation 100: Best fitness = 1.721344
Generation 150: Best fitness = 1.741475
Generation 200: Best fitness = 1.746947
Generation 250: Best fitness = 1.747531
Generation 300: Best fitness = 1.748854
Generation 350: Best fitness = 1.749335
Generation 400: Best fitness = 1.749512
Generation 450: Best fitness = 1.749832
Attempt 185: Current best = 1.936054
Generation 0: Best fitness = 0.884312
Generation 50: Best fitness = 1.633186
Generation 100: Best fitness = 1.752236
Generation 150: Best fitness = 1.783448
Generation 200: Best fitness = 1.788120
Generation 250: Best fitness = 1.789079
Generation 300: Best fitness = 1.791354
Generation 350: Best fitness = 1.792832
Generation 400: Best fitness = 1.794805
Generation 450: Best fitness = 1.795653
Attempt 186: Current best = 1.936054
Generation 0: Best fitness = 0.867652
Generation 50: Best fitness = 1.646869
Generation 100: Best fitness = 1.761496
Generation 150: Best fitness = 1.775110
Generation 200: Best fitness = 1.785066
Generation 250: Best fitness = 1.788643
Generation 300: Best fitness = 1.794523
Generation 350: Best fitness = 1.795013
Generation 400: Best fitness = 1.795282
Generation 450: Best fitness = 1.801514
Attempt 187: Current best = 1.936054
Generation 0: Best fitness = 0.863912
Generation 50: Best fitness = 1.648343
Generation 100: Best fitness = 1.743311
Generation 150: Best fitness = 1.749848
Generation 200: Best fitness = 1.753861
Generation 250: Best fitness = 1.753861
Generation 300: Best fitness = 1.755675
Generation 350: Best fitness = 1.778281
Generation 400: Best fitness = 1.779849
Generation 450: Best fitness = 1.782331
Attempt 188: Current best = 1.936054
Generation 0: Best fitness = 0.856247
Generation 50: Best fitness = 1.558314
Generation 100: Best fitness = 1.649016
Generation 150: Best fitness = 1.655798
Generation 200: Best fitness = 1.659834
Generation 250: Best fitness = 1.660213
Generation 300: Best fitness = 1.661124
Generation 350: Best fitness = 1.661124
Generation 400: Best fitness = 1.662382
Generation 450: Best fitness = 1.662734
Attempt 189: Current best = 1.936054
Generation 0: Best fitness = 0.858450
Generation 50: Best fitness = 1.598722
Generation 100: Best fitness = 1.730812
Generation 150: Best fitness = 1.738860
Generation 200: Best fitness = 1.745937
Generation 250: Best fitness = 1.747074
Generation 300: Best fitness = 1.748300
Generation 350: Best fitness = 1.748562
Generation 400: Best fitness = 1.749208
Generation 450: Best fitness = 1.749491
Attempt 190: Current best = 1.936054
Generation 0: Best fitness = 0.869968
Generation 50: Best fitness = 1.661350
Generation 100: Best fitness = 1.803393
Generation 150: Best fitness = 1.818074
Generation 200: Best fitness = 1.821638
Generation 250: Best fitness = 1.824465
Generation 300: Best fitness = 1.827452
Generation 350: Best fitness = 1.827465
Generation 400: Best fitness = 1.828170
Generation 450: Best fitness = 1.828575
Attempt 191: Current best = 1.936054
Generation 0: Best fitness = 0.846380
Generation 50: Best fitness = 1.667682
Generation 100: Best fitness = 1.781108
Generation 150: Best fitness = 1.790521
Generation 200: Best fitness = 1.794046
Generation 250: Best fitness = 1.795280
Generation 300: Best fitness = 1.795735
Generation 350: Best fitness = 1.796661
Generation 400: Best fitness = 1.797167
Generation 450: Best fitness = 1.798531
Attempt 192: Current best = 1.936054
Generation 0: Best fitness = 0.859774
Generation 50: Best fitness = 1.684369
Generation 100: Best fitness = 1.816733
Generation 150: Best fitness = 1.839354
Generation 200: Best fitness = 1.843683
Generation 250: Best fitness = 1.844693
Generation 300: Best fitness = 1.844959
Generation 350: Best fitness = 1.847189
Generation 400: Best fitness = 1.848018
Generation 450: Best fitness = 1.848018
Attempt 193: Current best = 1.936054
Generation 0: Best fitness = 0.863185
Generation 50: Best fitness = 1.593659
Generation 100: Best fitness = 1.769472
Generation 150: Best fitness = 1.792069
Generation 200: Best fitness = 1.798071
Generation 250: Best fitness = 1.799347
Generation 300: Best fitness = 1.800621
Generation 350: Best fitness = 1.801378
Generation 400: Best fitness = 1.801510
Generation 450: Best fitness = 1.801601
Attempt 194: Current best = 1.936054
Generation 0: Best fitness = 0.863577
Generation 50: Best fitness = 1.665406
Generation 100: Best fitness = 1.731846
Generation 150: Best fitness = 1.743008
Generation 200: Best fitness = 1.749470
Generation 250: Best fitness = 1.757546
Generation 300: Best fitness = 1.762143
Generation 350: Best fitness = 1.762681
Generation 400: Best fitness = 1.762812
Generation 450: Best fitness = 1.763073
Attempt 195: Current best = 1.936054
Generation 0: Best fitness = 0.850677
Generation 50: Best fitness = 1.658415
Generation 100: Best fitness = 1.775116
Generation 150: Best fitness = 1.792533
Generation 200: Best fitness = 1.794985
Generation 250: Best fitness = 1.799246
Generation 300: Best fitness = 1.799889
Generation 350: Best fitness = 1.803151
Generation 400: Best fitness = 1.804974
Generation 450: Best fitness = 1.806133
Attempt 196: Current best = 1.936054
Generation 0: Best fitness = 0.854667
Generation 50: Best fitness = 1.653248
Generation 100: Best fitness = 1.755952
Generation 150: Best fitness = 1.771103
Generation 200: Best fitness = 1.774681
Generation 250: Best fitness = 1.775452
Generation 300: Best fitness = 1.775452
Generation 350: Best fitness = 1.775831
Generation 400: Best fitness = 1.776642
Generation 450: Best fitness = 1.776815
Attempt 197: Current best = 1.936054
Generation 0: Best fitness = 0.853849
Generation 50: Best fitness = 1.572573
Generation 100: Best fitness = 1.757229
Generation 150: Best fitness = 1.777297
Generation 200: Best fitness = 1.780618
Generation 250: Best fitness = 1.782451
Generation 300: Best fitness = 1.782803
Generation 350: Best fitness = 1.783613
Generation 400: Best fitness = 1.783677
Generation 450: Best fitness = 1.783748
Attempt 198: Current best = 1.936054
Generation 0: Best fitness = 0.861651
Generation 50: Best fitness = 1.616946
Generation 100: Best fitness = 1.738150
Generation 150: Best fitness = 1.756181
Generation 200: Best fitness = 1.757991
Generation 250: Best fitness = 1.760240
Generation 300: Best fitness = 1.760779
Generation 350: Best fitness = 1.761996
Generation 400: Best fitness = 1.762067
Generation 450: Best fitness = 1.762146
Attempt 199: Current best = 1.936054
Generation 0: Best fitness = 0.885141
Generation 50: Best fitness = 1.666270
Generation 100: Best fitness = 1.783723
Generation 150: Best fitness = 1.794177
Generation 200: Best fitness = 1.794905
Generation 250: Best fitness = 1.796553
Generation 300: Best fitness = 1.797692
Generation 350: Best fitness = 1.798581
Generation 400: Best fitness = 1.799807
Generation 450: Best fitness = 1.801218
Attempt 200: Current best = 1.936054
Generation 0: Best fitness = 0.861726
Generation 50: Best fitness = 1.685234
Generation 100: Best fitness = 1.819355
Generation 150: Best fitness = 1.830127
Generation 200: Best fitness = 1.837536
Generation 250: Best fitness = 1.840224
Generation 300: Best fitness = 1.840889
Generation 350: Best fitness = 1.841157
Generation 400: Best fitness = 1.841925
Generation 450: Best fitness = 1.842122
Attempt 201: Current best = 1.936054
Generation 0: Best fitness = 0.855523
Generation 50: Best fitness = 1.609979
Generation 100: Best fitness = 1.772917
Generation 150: Best fitness = 1.781053
Generation 200: Best fitness = 1.782723
Generation 250: Best fitness = 1.783666
Generation 300: Best fitness = 1.784218
Generation 350: Best fitness = 1.784744
Generation 400: Best fitness = 1.785396
Generation 450: Best fitness = 1.786927
Attempt 202: Current best = 1.936054
Generation 0: Best fitness = 0.865277
Generation 50: Best fitness = 1.611265
Generation 100: Best fitness = 1.773032
Generation 150: Best fitness = 1.793610
Generation 200: Best fitness = 1.797146
Generation 250: Best fitness = 1.807283
Generation 300: Best fitness = 1.812985
Generation 350: Best fitness = 1.816560
Generation 400: Best fitness = 1.818179
Generation 450: Best fitness = 1.819174
Attempt 203: Current best = 1.936054
Generation 0: Best fitness = 0.843067
Generation 50: Best fitness = 1.644596
Generation 100: Best fitness = 1.780283
Generation 150: Best fitness = 1.797996
Generation 200: Best fitness = 1.802603
Generation 250: Best fitness = 1.804859
Generation 300: Best fitness = 1.811403
Generation 350: Best fitness = 1.813247
Generation 400: Best fitness = 1.814900
Generation 450: Best fitness = 1.815311
Attempt 204: Current best = 1.936054
Generation 0: Best fitness = 0.870976
Generation 50: Best fitness = 1.613920
Generation 100: Best fitness = 1.710289
Generation 150: Best fitness = 1.713690
Generation 200: Best fitness = 1.716235
Generation 250: Best fitness = 1.718105
Generation 300: Best fitness = 1.718971
Generation 350: Best fitness = 1.720249
Generation 400: Best fitness = 1.720318
Generation 450: Best fitness = 1.720521
Attempt 205: Current best = 1.936054
Generation 0: Best fitness = 0.844221
Generation 50: Best fitness = 1.655459
Generation 100: Best fitness = 1.795069
Generation 150: Best fitness = 1.804999
Generation 200: Best fitness = 1.809521
Generation 250: Best fitness = 1.811691
Generation 300: Best fitness = 1.812760
Generation 350: Best fitness = 1.812871
Generation 400: Best fitness = 1.813715
Generation 450: Best fitness = 1.814981
Attempt 206: Current best = 1.936054
Generation 0: Best fitness = 0.848595
Generation 50: Best fitness = 1.669486
Generation 100: Best fitness = 1.754748
Generation 150: Best fitness = 1.759509
Generation 200: Best fitness = 1.763504
Generation 250: Best fitness = 1.764976
Generation 300: Best fitness = 1.766875
Generation 350: Best fitness = 1.767140
Generation 400: Best fitness = 1.768073
Generation 450: Best fitness = 1.768193
Attempt 207: Current best = 1.936054
Generation 0: Best fitness = 0.863429
Generation 50: Best fitness = 1.721673
Generation 100: Best fitness = 1.861364
Generation 150: Best fitness = 1.874679
Generation 200: Best fitness = 1.880178
Generation 250: Best fitness = 1.883383
Generation 300: Best fitness = 1.884858
Generation 350: Best fitness = 1.885336
Generation 400: Best fitness = 1.885495
Generation 450: Best fitness = 1.885706
Attempt 208: Current best = 1.936054
Generation 0: Best fitness = 0.849514
Generation 50: Best fitness = 1.659050
Generation 100: Best fitness = 1.735431
Generation 150: Best fitness = 1.748651
Generation 200: Best fitness = 1.754277
Generation 250: Best fitness = 1.767576
Generation 300: Best fitness = 1.771156
Generation 350: Best fitness = 1.771901
Generation 400: Best fitness = 1.773036
Generation 450: Best fitness = 1.773511
Attempt 209: Current best = 1.936054
Generation 0: Best fitness = 0.852955
Generation 50: Best fitness = 1.734829
Generation 100: Best fitness = 1.795973
Generation 150: Best fitness = 1.799316
Generation 200: Best fitness = 1.801546
Generation 250: Best fitness = 1.803813
Generation 300: Best fitness = 1.804404
Generation 350: Best fitness = 1.805188
Generation 400: Best fitness = 1.805864
Generation 450: Best fitness = 1.806150
Attempt 210: Current best = 1.936054
Generation 0: Best fitness = 0.880762
Generation 50: Best fitness = 1.653669
Generation 100: Best fitness = 1.806039
Generation 150: Best fitness = 1.833652
Generation 200: Best fitness = 1.837948
Generation 250: Best fitness = 1.840293
Generation 300: Best fitness = 1.841544
Generation 350: Best fitness = 1.851206
Generation 400: Best fitness = 1.852453
Generation 450: Best fitness = 1.854215
Attempt 211: Current best = 1.936054
Generation 0: Best fitness = 0.852167
Generation 50: Best fitness = 1.602954
Generation 100: Best fitness = 1.723997
Generation 150: Best fitness = 1.737045
Generation 200: Best fitness = 1.741467
Generation 250: Best fitness = 1.744546
Generation 300: Best fitness = 1.745970
Generation 350: Best fitness = 1.747075
Generation 400: Best fitness = 1.747604
Generation 450: Best fitness = 1.758400
Attempt 212: Current best = 1.936054
Generation 0: Best fitness = 0.859614
Generation 50: Best fitness = 1.617678
Generation 100: Best fitness = 1.747718
Generation 150: Best fitness = 1.757048
Generation 200: Best fitness = 1.760164
Generation 250: Best fitness = 1.762710
Generation 300: Best fitness = 1.765196
Generation 350: Best fitness = 1.765759
Generation 400: Best fitness = 1.766387
Generation 450: Best fitness = 1.770573
Attempt 213: Current best = 1.936054
Generation 0: Best fitness = 0.857772
Generation 50: Best fitness = 1.579751
Generation 100: Best fitness = 1.644609
Generation 150: Best fitness = 1.654532
Generation 200: Best fitness = 1.671320
Generation 250: Best fitness = 1.696045
Generation 300: Best fitness = 1.776232
Generation 350: Best fitness = 1.784590
Generation 400: Best fitness = 1.791583
Generation 450: Best fitness = 1.794493
Attempt 214: Current best = 1.936054
Generation 0: Best fitness = 0.859943
Generation 50: Best fitness = 1.660030
Generation 100: Best fitness = 1.773943
Generation 150: Best fitness = 1.792686
Generation 200: Best fitness = 1.798714
Generation 250: Best fitness = 1.800489
Generation 300: Best fitness = 1.800829
Generation 350: Best fitness = 1.801148
Generation 400: Best fitness = 1.801412
Generation 450: Best fitness = 1.802814
Attempt 215: Current best = 1.936054
Generation 0: Best fitness = 0.857752
Generation 50: Best fitness = 1.667313
Generation 100: Best fitness = 1.749608
Generation 150: Best fitness = 1.771903
Generation 200: Best fitness = 1.774780
Generation 250: Best fitness = 1.776776
Generation 300: Best fitness = 1.776913
Generation 350: Best fitness = 1.777109
Generation 400: Best fitness = 1.777109
Generation 450: Best fitness = 1.777591
Attempt 216: Current best = 1.936054
Generation 0: Best fitness = 0.847908
Generation 50: Best fitness = 1.613372
Generation 100: Best fitness = 1.732820
Generation 150: Best fitness = 1.750538
Generation 200: Best fitness = 1.754168
Generation 250: Best fitness = 1.755539
Generation 300: Best fitness = 1.756504
Generation 350: Best fitness = 1.756884
Generation 400: Best fitness = 1.757148
Generation 450: Best fitness = 1.757940
Attempt 217: Current best = 1.936054
Generation 0: Best fitness = 0.853181
Generation 50: Best fitness = 1.605704
Generation 100: Best fitness = 1.709736
Generation 150: Best fitness = 1.721333
Generation 200: Best fitness = 1.725555
Generation 250: Best fitness = 1.731353
Generation 300: Best fitness = 1.731908
Generation 350: Best fitness = 1.733727
Generation 400: Best fitness = 1.736990
Generation 450: Best fitness = 1.737350
Attempt 218: Current best = 1.936054
Generation 0: Best fitness = 0.858397
Generation 50: Best fitness = 1.690716
Generation 100: Best fitness = 1.761117
Generation 150: Best fitness = 1.770929
Generation 200: Best fitness = 1.772673
Generation 250: Best fitness = 1.773358
Generation 300: Best fitness = 1.773721
Generation 350: Best fitness = 1.774500
Generation 400: Best fitness = 1.774867
Generation 450: Best fitness = 1.774927
Attempt 219: Current best = 1.936054
Generation 0: Best fitness = 0.859791
Generation 50: Best fitness = 1.641486
Generation 100: Best fitness = 1.787650
Generation 150: Best fitness = 1.797965
Generation 200: Best fitness = 1.802011
Generation 250: Best fitness = 1.804861
Generation 300: Best fitness = 1.807105
Generation 350: Best fitness = 1.808407
Generation 400: Best fitness = 1.809148
Generation 450: Best fitness = 1.809289
Attempt 220: Current best = 1.936054
Generation 0: Best fitness = 0.851310
Generation 50: Best fitness = 1.675057
Generation 100: Best fitness = 1.850193
Generation 150: Best fitness = 1.860743
Generation 200: Best fitness = 1.864171
Generation 250: Best fitness = 1.866749
Generation 300: Best fitness = 1.867681
Generation 350: Best fitness = 1.868273
Generation 400: Best fitness = 1.868832
Generation 450: Best fitness = 1.868854
Attempt 221: Current best = 1.936054
Generation 0: Best fitness = 0.854458
Generation 50: Best fitness = 1.615801
Generation 100: Best fitness = 1.788936
Generation 150: Best fitness = 1.801280
Generation 200: Best fitness = 1.807054
Generation 250: Best fitness = 1.811212
Generation 300: Best fitness = 1.812714
Generation 350: Best fitness = 1.814109
Generation 400: Best fitness = 1.814643
Generation 450: Best fitness = 1.815252
Attempt 222: Current best = 1.936054
Generation 0: Best fitness = 0.864291
Generation 50: Best fitness = 1.644222
Generation 100: Best fitness = 1.770152
Generation 150: Best fitness = 1.780705
Generation 200: Best fitness = 1.783518
Generation 250: Best fitness = 1.784643
Generation 300: Best fitness = 1.785064
Generation 350: Best fitness = 1.786063
Generation 400: Best fitness = 1.786902
Generation 450: Best fitness = 1.787034
Attempt 223: Current best = 1.936054
Generation 0: Best fitness = 0.861261
Generation 50: Best fitness = 1.622618
Generation 100: Best fitness = 1.734470
Generation 150: Best fitness = 1.741523
Generation 200: Best fitness = 1.752929
Generation 250: Best fitness = 1.754362
Generation 300: Best fitness = 1.756681
Generation 350: Best fitness = 1.758493
Generation 400: Best fitness = 1.759601
Generation 450: Best fitness = 1.759934
Attempt 224: Current best = 1.936054
Generation 0: Best fitness = 0.856086
Generation 50: Best fitness = 1.657862
Generation 100: Best fitness = 1.728036
Generation 150: Best fitness = 1.736334
Generation 200: Best fitness = 1.739738
Generation 250: Best fitness = 1.744276
Generation 300: Best fitness = 1.747880
Generation 350: Best fitness = 1.749013
Generation 400: Best fitness = 1.749864
Generation 450: Best fitness = 1.750767
Attempt 225: Current best = 1.936054
Generation 0: Best fitness = 0.841909
Generation 50: Best fitness = 1.654574
Generation 100: Best fitness = 1.762545
Generation 150: Best fitness = 1.771756
Generation 200: Best fitness = 1.774705
Generation 250: Best fitness = 1.776100
Generation 300: Best fitness = 1.778248
Generation 350: Best fitness = 1.779175
Generation 400: Best fitness = 1.780176
Generation 450: Best fitness = 1.780525
Attempt 226: Current best = 1.936054
Generation 0: Best fitness = 0.855601
Generation 50: Best fitness = 1.642943
Generation 100: Best fitness = 1.770372
Generation 150: Best fitness = 1.784362
Generation 200: Best fitness = 1.788156
Generation 250: Best fitness = 1.789604
Generation 300: Best fitness = 1.790587
Generation 350: Best fitness = 1.790979
Generation 400: Best fitness = 1.791433
Generation 450: Best fitness = 1.791719
Attempt 227: Current best = 1.936054
Generation 0: Best fitness = 0.866053
Generation 50: Best fitness = 1.664622
Generation 100: Best fitness = 1.792973
Generation 150: Best fitness = 1.809434
Generation 200: Best fitness = 1.818376
Generation 250: Best fitness = 1.822293
Generation 300: Best fitness = 1.823446
Generation 350: Best fitness = 1.824291
Generation 400: Best fitness = 1.828524
Generation 450: Best fitness = 1.829742
Attempt 228: Current best = 1.936054
Generation 0: Best fitness = 0.853777
Generation 50: Best fitness = 1.573058
Generation 100: Best fitness = 1.725857
Generation 150: Best fitness = 1.740198
Generation 200: Best fitness = 1.742082
Generation 250: Best fitness = 1.744002
Generation 300: Best fitness = 1.745174
Generation 350: Best fitness = 1.745966
Generation 400: Best fitness = 1.746753
Generation 450: Best fitness = 1.747437
Attempt 229: Current best = 1.936054
Generation 0: Best fitness = 0.852226
Generation 50: Best fitness = 1.611681
Generation 100: Best fitness = 1.724492
Generation 150: Best fitness = 1.740510
Generation 200: Best fitness = 1.743233
Generation 250: Best fitness = 1.746296
Generation 300: Best fitness = 1.746763
Generation 350: Best fitness = 1.748194
Generation 400: Best fitness = 1.748685
Generation 450: Best fitness = 1.748876
Attempt 230: Current best = 1.936054
Generation 0: Best fitness = 0.853432
Generation 50: Best fitness = 1.624534
Generation 100: Best fitness = 1.772692
Generation 150: Best fitness = 1.778623
Generation 200: Best fitness = 1.781578
Generation 250: Best fitness = 1.783498
Generation 300: Best fitness = 1.783754
Generation 350: Best fitness = 1.789975
Generation 400: Best fitness = 1.792992
Generation 450: Best fitness = 1.793253
Attempt 231: Current best = 1.936054
Generation 0: Best fitness = 0.880497
Generation 50: Best fitness = 1.645459
Generation 100: Best fitness = 1.747066
Generation 150: Best fitness = 1.756020
Generation 200: Best fitness = 1.759519
Generation 250: Best fitness = 1.762223
Generation 300: Best fitness = 1.763104
Generation 350: Best fitness = 1.763749
Generation 400: Best fitness = 1.764143
Generation 450: Best fitness = 1.764248
Attempt 232: Current best = 1.936054
Generation 0: Best fitness = 0.867173
Generation 50: Best fitness = 1.671293
Generation 100: Best fitness = 1.785609
Generation 150: Best fitness = 1.807085
Generation 200: Best fitness = 1.810232
Generation 250: Best fitness = 1.812716
Generation 300: Best fitness = 1.813822
Generation 350: Best fitness = 1.814143
Generation 400: Best fitness = 1.814189
Generation 450: Best fitness = 1.814552
Attempt 233: Current best = 1.936054
Generation 0: Best fitness = 0.867086
Generation 50: Best fitness = 1.648546
Generation 100: Best fitness = 1.758608
Generation 150: Best fitness = 1.773760
Generation 200: Best fitness = 1.789061
Generation 250: Best fitness = 1.803440
Generation 300: Best fitness = 1.809262
Generation 350: Best fitness = 1.810506
Generation 400: Best fitness = 1.811001
Generation 450: Best fitness = 1.811448
Attempt 234: Current best = 1.936054
Generation 0: Best fitness = 0.854528
Generation 50: Best fitness = 1.591073
Generation 100: Best fitness = 1.722110
Generation 150: Best fitness = 1.730225
Generation 200: Best fitness = 1.735831
Generation 250: Best fitness = 1.737131
Generation 300: Best fitness = 1.738143
Generation 350: Best fitness = 1.738521
Generation 400: Best fitness = 1.739643
Generation 450: Best fitness = 1.739794
Attempt 235: Current best = 1.936054
Generation 0: Best fitness = 0.873558
Generation 50: Best fitness = 1.604465
Generation 100: Best fitness = 1.754222
Generation 150: Best fitness = 1.765840
Generation 200: Best fitness = 1.775545
Generation 250: Best fitness = 1.777525
Generation 300: Best fitness = 1.778268
Generation 350: Best fitness = 1.778823
Generation 400: Best fitness = 1.779817
Generation 450: Best fitness = 1.779817
Attempt 236: Current best = 1.936054
Generation 0: Best fitness = 0.851321
Generation 50: Best fitness = 1.622272
Generation 100: Best fitness = 1.777005
Generation 150: Best fitness = 1.791326
Generation 200: Best fitness = 1.795881
Generation 250: Best fitness = 1.796802
Generation 300: Best fitness = 1.799091
Generation 350: Best fitness = 1.799980
Generation 400: Best fitness = 1.800649
Generation 450: Best fitness = 1.800829
Attempt 237: Current best = 1.936054
Generation 0: Best fitness = 0.858374
Generation 50: Best fitness = 1.584768
Generation 100: Best fitness = 1.719533
Generation 150: Best fitness = 1.740940
Generation 200: Best fitness = 1.751163
Generation 250: Best fitness = 1.756042
Generation 300: Best fitness = 1.756387
Generation 350: Best fitness = 1.757046
Generation 400: Best fitness = 1.757702
Generation 450: Best fitness = 1.758836
Attempt 238: Current best = 1.936054
Generation 0: Best fitness = 0.854236
Generation 50: Best fitness = 1.655545
Generation 100: Best fitness = 1.792244
Generation 150: Best fitness = 1.797687
Generation 200: Best fitness = 1.799382
Generation 250: Best fitness = 1.802327
Generation 300: Best fitness = 1.803220
Generation 350: Best fitness = 1.803425
Generation 400: Best fitness = 1.804896
Generation 450: Best fitness = 1.805345
Attempt 239: Current best = 1.936054
Generation 0: Best fitness = 0.861060
Generation 50: Best fitness = 1.590470
Generation 100: Best fitness = 1.702325
Generation 150: Best fitness = 1.713495
Generation 200: Best fitness = 1.718966
Generation 250: Best fitness = 1.720570
Generation 300: Best fitness = 1.723155
Generation 350: Best fitness = 1.724009
Generation 400: Best fitness = 1.724687
Generation 450: Best fitness = 1.725049
Attempt 240: Current best = 1.936054
Generation 0: Best fitness = 0.865056
Generation 50: Best fitness = 1.707249
Generation 100: Best fitness = 1.910863
Generation 150: Best fitness = 1.926262
Generation 200: Best fitness = 1.931584
Generation 250: Best fitness = 1.932111
Generation 300: Best fitness = 1.932808
Generation 350: Best fitness = 1.940377
Generation 400: Best fitness = 1.940867
Generation 450: Best fitness = 1.941628
Attempt 241: Current best = 1.941668
Generation 0: Best fitness = 0.855086
Generation 50: Best fitness = 1.722689
Generation 100: Best fitness = 1.854934
Generation 150: Best fitness = 1.863129
Generation 200: Best fitness = 1.866751
Generation 250: Best fitness = 1.870209
Generation 300: Best fitness = 1.870571
Generation 350: Best fitness = 1.871411
Generation 400: Best fitness = 1.871982
Generation 450: Best fitness = 1.872075
Attempt 242: Current best = 1.941668
Generation 0: Best fitness = 0.880040
Generation 50: Best fitness = 1.645632
Generation 100: Best fitness = 1.738697
Generation 150: Best fitness = 1.749358
Generation 200: Best fitness = 1.757252
Generation 250: Best fitness = 1.760895
Generation 300: Best fitness = 1.769554
Generation 350: Best fitness = 1.805977
Generation 400: Best fitness = 1.809868
Generation 450: Best fitness = 1.810278
Attempt 243: Current best = 1.941668
Generation 0: Best fitness = 0.858898
Generation 50: Best fitness = 1.639759
Generation 100: Best fitness = 1.745510
Generation 150: Best fitness = 1.762106
Generation 200: Best fitness = 1.766258
Generation 250: Best fitness = 1.770140
Generation 300: Best fitness = 1.772212
Generation 350: Best fitness = 1.773111
Generation 400: Best fitness = 1.773232
Generation 450: Best fitness = 1.773651
Attempt 244: Current best = 1.941668
Generation 0: Best fitness = 0.866461
Generation 50: Best fitness = 1.672914
Generation 100: Best fitness = 1.789365
Generation 150: Best fitness = 1.795147
Generation 200: Best fitness = 1.799423
Generation 250: Best fitness = 1.800121
Generation 300: Best fitness = 1.801329
Generation 350: Best fitness = 1.801890
Generation 400: Best fitness = 1.801890
Generation 450: Best fitness = 1.802541
Attempt 245: Current best = 1.941668
Generation 0: Best fitness = 0.849461
Generation 50: Best fitness = 1.656128
Generation 100: Best fitness = 1.775729
Generation 150: Best fitness = 1.796031
Generation 200: Best fitness = 1.799955
Generation 250: Best fitness = 1.801263
Generation 300: Best fitness = 1.802750
Generation 350: Best fitness = 1.803148
Generation 400: Best fitness = 1.803148
Generation 450: Best fitness = 1.803807
Attempt 246: Current best = 1.941668
Generation 0: Best fitness = 0.859323
Generation 50: Best fitness = 1.679813
Generation 100: Best fitness = 1.791746
Generation 150: Best fitness = 1.806463
Generation 200: Best fitness = 1.808556
Generation 250: Best fitness = 1.810859
Generation 300: Best fitness = 1.811705
Generation 350: Best fitness = 1.811918
Generation 400: Best fitness = 1.812098
Generation 450: Best fitness = 1.812140
Attempt 247: Current best = 1.941668
Generation 0: Best fitness = 0.850128
Generation 50: Best fitness = 1.600126
Generation 100: Best fitness = 1.736021
Generation 150: Best fitness = 1.739787
Generation 200: Best fitness = 1.741792
Generation 250: Best fitness = 1.742994
Generation 300: Best fitness = 1.745183
Generation 350: Best fitness = 1.745238
Generation 400: Best fitness = 1.745798
Generation 450: Best fitness = 1.746680
Attempt 248: Current best = 1.941668
Generation 0: Best fitness = 0.856193
Generation 50: Best fitness = 1.640029
Generation 100: Best fitness = 1.775998
Generation 150: Best fitness = 1.788988
Generation 200: Best fitness = 1.792539
Generation 250: Best fitness = 1.800926
Generation 300: Best fitness = 1.809824
Generation 350: Best fitness = 1.811916
Generation 400: Best fitness = 1.812401
Generation 450: Best fitness = 1.813246
Attempt 249: Current best = 1.941668
Generation 0: Best fitness = 0.862474
Generation 50: Best fitness = 1.599391
Generation 100: Best fitness = 1.713642
Generation 150: Best fitness = 1.735801
Generation 200: Best fitness = 1.744757
Generation 250: Best fitness = 1.746341
Generation 300: Best fitness = 1.746838
Generation 350: Best fitness = 1.747239
Generation 400: Best fitness = 1.747825
Generation 450: Best fitness = 1.748184
Attempt 250: Current best = 1.941668
Generation 0: Best fitness = 0.866211
Generation 50: Best fitness = 1.630538
Generation 100: Best fitness = 1.756340
Generation 150: Best fitness = 1.768746
Generation 200: Best fitness = 1.774108
Generation 250: Best fitness = 1.775771
Generation 300: Best fitness = 1.776157
Generation 350: Best fitness = 1.776984
Generation 400: Best fitness = 1.777590
Generation 450: Best fitness = 1.777839
Attempt 251: Current best = 1.941668
Generation 0: Best fitness = 0.842614
Generation 50: Best fitness = 1.683481
Generation 100: Best fitness = 1.862451
Generation 150: Best fitness = 1.882714
Generation 200: Best fitness = 1.887506
Generation 250: Best fitness = 1.887915
Generation 300: Best fitness = 1.888422
Generation 350: Best fitness = 1.889408
Generation 400: Best fitness = 1.889658
Generation 450: Best fitness = 1.890468
Attempt 252: Current best = 1.941668
Generation 0: Best fitness = 0.861191
Generation 50: Best fitness = 1.661595
Generation 100: Best fitness = 1.790894
Generation 150: Best fitness = 1.801871
Generation 200: Best fitness = 1.804899
Generation 250: Best fitness = 1.806928
Generation 300: Best fitness = 1.808287
Generation 350: Best fitness = 1.808636
Generation 400: Best fitness = 1.808668
Generation 450: Best fitness = 1.809249
Attempt 253: Current best = 1.941668
Generation 0: Best fitness = 0.857805
Generation 50: Best fitness = 1.713890
Generation 100: Best fitness = 1.782383
Generation 150: Best fitness = 1.788111
Generation 200: Best fitness = 1.790728
Generation 250: Best fitness = 1.792310
Generation 300: Best fitness = 1.793073
Generation 350: Best fitness = 1.793510
Generation 400: Best fitness = 1.807986
Generation 450: Best fitness = 1.808923
Attempt 254: Current best = 1.941668
Generation 0: Best fitness = 0.861926
Generation 50: Best fitness = 1.622184
Generation 100: Best fitness = 1.715017
Generation 150: Best fitness = 1.722630
Generation 200: Best fitness = 1.727590
Generation 250: Best fitness = 1.730570
Generation 300: Best fitness = 1.731883
Generation 350: Best fitness = 1.732523
Generation 400: Best fitness = 1.732755
Generation 450: Best fitness = 1.732765
Attempt 255: Current best = 1.941668
Generation 0: Best fitness = 0.855587
Generation 50: Best fitness = 1.762447
Generation 100: Best fitness = 1.881709
Generation 150: Best fitness = 1.901194
Generation 200: Best fitness = 1.901568
Generation 250: Best fitness = 1.903058
Generation 300: Best fitness = 1.904329
Generation 350: Best fitness = 1.904808
Generation 400: Best fitness = 1.904828
Generation 450: Best fitness = 1.905026
Attempt 256: Current best = 1.941668
Generation 0: Best fitness = 0.855776
Generation 50: Best fitness = 1.583668
Generation 100: Best fitness = 1.657993
Generation 150: Best fitness = 1.670116
Generation 200: Best fitness = 1.672678
Generation 250: Best fitness = 1.674723
Generation 300: Best fitness = 1.675833
Generation 350: Best fitness = 1.676639
Generation 400: Best fitness = 1.676639
Generation 450: Best fitness = 1.676639
Attempt 257: Current best = 1.941668
Generation 0: Best fitness = 0.858750
Generation 50: Best fitness = 1.634099
Generation 100: Best fitness = 1.796752
Generation 150: Best fitness = 1.805095
Generation 200: Best fitness = 1.808316
Generation 250: Best fitness = 1.810966
Generation 300: Best fitness = 1.812013
Generation 350: Best fitness = 1.814941
Generation 400: Best fitness = 1.817906
Generation 450: Best fitness = 1.817973
Attempt 258: Current best = 1.941668
Generation 0: Best fitness = 0.852245
Generation 50: Best fitness = 1.650900
Generation 100: Best fitness = 1.789468
Generation 150: Best fitness = 1.798252
Generation 200: Best fitness = 1.807670
Generation 250: Best fitness = 1.808230
Generation 300: Best fitness = 1.809156
Generation 350: Best fitness = 1.810645
Generation 400: Best fitness = 1.811436
Generation 450: Best fitness = 1.811703
Attempt 259: Current best = 1.941668
Generation 0: Best fitness = 0.846359
Generation 50: Best fitness = 1.672480
Generation 100: Best fitness = 1.872927
Generation 150: Best fitness = 1.886409
Generation 200: Best fitness = 1.888811
Generation 250: Best fitness = 1.890683
Generation 300: Best fitness = 1.891756
Generation 350: Best fitness = 1.893197
Generation 400: Best fitness = 1.893462
Generation 450: Best fitness = 1.894054
Attempt 260: Current best = 1.941668
Generation 0: Best fitness = 0.850256
Generation 50: Best fitness = 1.635573
Generation 100: Best fitness = 1.776042
Generation 150: Best fitness = 1.786233
Generation 200: Best fitness = 1.792867
Generation 250: Best fitness = 1.794531
Generation 300: Best fitness = 1.795943
Generation 350: Best fitness = 1.796879
Generation 400: Best fitness = 1.796879
Generation 450: Best fitness = 1.797156
Attempt 261: Current best = 1.941668
Generation 0: Best fitness = 0.864105
Generation 50: Best fitness = 1.609722
Generation 100: Best fitness = 1.745546
Generation 150: Best fitness = 1.759305
Generation 200: Best fitness = 1.765454
Generation 250: Best fitness = 1.767182
Generation 300: Best fitness = 1.767969
Generation 350: Best fitness = 1.769752
Generation 400: Best fitness = 1.769752
Generation 450: Best fitness = 1.770190
Attempt 262: Current best = 1.941668
Generation 0: Best fitness = 0.865341
Generation 50: Best fitness = 1.629315
Generation 100: Best fitness = 1.773634
Generation 150: Best fitness = 1.787641
Generation 200: Best fitness = 1.790635
Generation 250: Best fitness = 1.791630
Generation 300: Best fitness = 1.792136
Generation 350: Best fitness = 1.792137
Generation 400: Best fitness = 1.792600
Generation 450: Best fitness = 1.792673
Attempt 263: Current best = 1.941668
Generation 0: Best fitness = 0.867024
Generation 50: Best fitness = 1.635401
Generation 100: Best fitness = 1.689613
Generation 150: Best fitness = 1.696349
Generation 200: Best fitness = 1.698470
Generation 250: Best fitness = 1.704227
Generation 300: Best fitness = 1.705138
Generation 350: Best fitness = 1.705543
Generation 400: Best fitness = 1.705689
Generation 450: Best fitness = 1.706062
Attempt 264: Current best = 1.941668
Generation 0: Best fitness = 0.856449
Generation 50: Best fitness = 1.700305
Generation 100: Best fitness = 1.821446
Generation 150: Best fitness = 1.835554
Generation 200: Best fitness = 1.850988
Generation 250: Best fitness = 1.851709
Generation 300: Best fitness = 1.853193
Generation 350: Best fitness = 1.853771
Generation 400: Best fitness = 1.854222
Generation 450: Best fitness = 1.854584
Attempt 265: Current best = 1.941668
Generation 0: Best fitness = 0.860253
Generation 50: Best fitness = 1.646449
Generation 100: Best fitness = 1.756663
Generation 150: Best fitness = 1.776169
Generation 200: Best fitness = 1.782281
Generation 250: Best fitness = 1.784685
Generation 300: Best fitness = 1.786697
Generation 350: Best fitness = 1.787041
Generation 400: Best fitness = 1.787602
Generation 450: Best fitness = 1.788165
Attempt 266: Current best = 1.941668
Generation 0: Best fitness = 0.869593
Generation 50: Best fitness = 1.648652
Generation 100: Best fitness = 1.739769
Generation 150: Best fitness = 1.758126
Generation 200: Best fitness = 1.760932
Generation 250: Best fitness = 1.766692
Generation 300: Best fitness = 1.767814
Generation 350: Best fitness = 1.768393
Generation 400: Best fitness = 1.769372
Generation 450: Best fitness = 1.769982
Attempt 267: Current best = 1.941668
Generation 0: Best fitness = 0.850129
Generation 50: Best fitness = 1.577879
Generation 100: Best fitness = 1.746256
Generation 150: Best fitness = 1.764989
Generation 200: Best fitness = 1.769310
Generation 250: Best fitness = 1.770531
Generation 300: Best fitness = 1.771512
Generation 350: Best fitness = 1.773041
Generation 400: Best fitness = 1.773741
Generation 450: Best fitness = 1.774560
Attempt 268: Current best = 1.941668
Generation 0: Best fitness = 0.851417
Generation 50: Best fitness = 1.594045
Generation 100: Best fitness = 1.717250
Generation 150: Best fitness = 1.726918
Generation 200: Best fitness = 1.728931
Generation 250: Best fitness = 1.730050
Generation 300: Best fitness = 1.730712
Generation 350: Best fitness = 1.731087
Generation 400: Best fitness = 1.731426
Generation 450: Best fitness = 1.732195
Attempt 269: Current best = 1.941668
Generation 0: Best fitness = 0.871254
Generation 50: Best fitness = 1.649625
Generation 100: Best fitness = 1.775585
Generation 150: Best fitness = 1.787777
Generation 200: Best fitness = 1.790892
Generation 250: Best fitness = 1.791777
Generation 300: Best fitness = 1.792998
Generation 350: Best fitness = 1.793655
Generation 400: Best fitness = 1.794355
Generation 450: Best fitness = 1.795097
Attempt 270: Current best = 1.941668
Generation 0: Best fitness = 0.865580
Generation 50: Best fitness = 1.626905
Generation 100: Best fitness = 1.724389
Generation 150: Best fitness = 1.734667
Generation 200: Best fitness = 1.738374
Generation 250: Best fitness = 1.739460
Generation 300: Best fitness = 1.740558
Generation 350: Best fitness = 1.741378
Generation 400: Best fitness = 1.741389
Generation 450: Best fitness = 1.741670
Attempt 271: Current best = 1.941668
Generation 0: Best fitness = 0.851630
Generation 50: Best fitness = 1.570404
Generation 100: Best fitness = 1.736288
Generation 150: Best fitness = 1.745471
Generation 200: Best fitness = 1.748201
Generation 250: Best fitness = 1.750652
Generation 300: Best fitness = 1.750701
Generation 350: Best fitness = 1.750884
Generation 400: Best fitness = 1.751586
Generation 450: Best fitness = 1.751996
Attempt 272: Current best = 1.941668
Generation 0: Best fitness = 0.847943
Generation 50: Best fitness = 1.633278
Generation 100: Best fitness = 1.749640
Generation 150: Best fitness = 1.757530
Generation 200: Best fitness = 1.765096
Generation 250: Best fitness = 1.766812
Generation 300: Best fitness = 1.768372
Generation 350: Best fitness = 1.772324
Generation 400: Best fitness = 1.772705
Generation 450: Best fitness = 1.773792
Attempt 273: Current best = 1.941668
Generation 0: Best fitness = 0.861010
Generation 50: Best fitness = 1.584666
Generation 100: Best fitness = 1.731959
Generation 150: Best fitness = 1.742742
Generation 200: Best fitness = 1.744456
Generation 250: Best fitness = 1.745708
Generation 300: Best fitness = 1.747220
Generation 350: Best fitness = 1.747739
Generation 400: Best fitness = 1.749421
Generation 450: Best fitness = 1.749680
Attempt 274: Current best = 1.941668
Generation 0: Best fitness = 0.850000
Generation 50: Best fitness = 1.645516
Generation 100: Best fitness = 1.759417
Generation 150: Best fitness = 1.769343
Generation 200: Best fitness = 1.773580
Generation 250: Best fitness = 1.785214
Generation 300: Best fitness = 1.801344
Generation 350: Best fitness = 1.803677
Generation 400: Best fitness = 1.804121
Generation 450: Best fitness = 1.804742
Attempt 275: Current best = 1.941668
Generation 0: Best fitness = 0.851155
Generation 50: Best fitness = 1.568306
Generation 100: Best fitness = 1.702054
Generation 150: Best fitness = 1.718806
Generation 200: Best fitness = 1.720272
Generation 250: Best fitness = 1.721309
Generation 300: Best fitness = 1.723620
Generation 350: Best fitness = 1.723929
Generation 400: Best fitness = 1.729232
Generation 450: Best fitness = 1.731827
Attempt 276: Current best = 1.941668
Generation 0: Best fitness = 0.847438
Generation 50: Best fitness = 1.649091
Generation 100: Best fitness = 1.779777
Generation 150: Best fitness = 1.787906
Generation 200: Best fitness = 1.793776
Generation 250: Best fitness = 1.796122
Generation 300: Best fitness = 1.797194
Generation 350: Best fitness = 1.797850
Generation 400: Best fitness = 1.798529
Generation 450: Best fitness = 1.798760
Attempt 277: Current best = 1.941668
Generation 0: Best fitness = 0.863047
Generation 50: Best fitness = 1.643820
Generation 100: Best fitness = 1.780195
Generation 150: Best fitness = 1.800221
Generation 200: Best fitness = 1.804314
Generation 250: Best fitness = 1.805554
Generation 300: Best fitness = 1.807181
Generation 350: Best fitness = 1.808593
Generation 400: Best fitness = 1.809367
Generation 450: Best fitness = 1.809931
Attempt 278: Current best = 1.941668
Generation 0: Best fitness = 0.857066
Generation 50: Best fitness = 1.634122
Generation 100: Best fitness = 1.783122
Generation 150: Best fitness = 1.797383
Generation 200: Best fitness = 1.801370
Generation 250: Best fitness = 1.803124
Generation 300: Best fitness = 1.803304
Generation 350: Best fitness = 1.803942
Generation 400: Best fitness = 1.805881
Generation 450: Best fitness = 1.806344
Attempt 279: Current best = 1.941668
Generation 0: Best fitness = 0.859507
Generation 50: Best fitness = 1.649661
Generation 100: Best fitness = 1.725221
Generation 150: Best fitness = 1.732183
Generation 200: Best fitness = 1.733322
Generation 250: Best fitness = 1.743894
Generation 300: Best fitness = 1.744068
Generation 350: Best fitness = 1.745099
Generation 400: Best fitness = 1.746015
Generation 450: Best fitness = 1.746245
Attempt 280: Current best = 1.941668
Generation 0: Best fitness = 0.850098
Generation 50: Best fitness = 1.623531
Generation 100: Best fitness = 1.717507
Generation 150: Best fitness = 1.730697
Generation 200: Best fitness = 1.733446
Generation 250: Best fitness = 1.735197
Generation 300: Best fitness = 1.735939
Generation 350: Best fitness = 1.741680
Generation 400: Best fitness = 1.742902
Generation 450: Best fitness = 1.743607
Attempt 281: Current best = 1.941668
Generation 0: Best fitness = 0.869878
Generation 50: Best fitness = 1.673984
Generation 100: Best fitness = 1.769357
Generation 150: Best fitness = 1.777651
Generation 200: Best fitness = 1.780671
Generation 250: Best fitness = 1.781780
Generation 300: Best fitness = 1.782707
Generation 350: Best fitness = 1.782808
Generation 400: Best fitness = 1.783031
Generation 450: Best fitness = 1.783573
Attempt 282: Current best = 1.941668
Generation 0: Best fitness = 0.861262
Generation 50: Best fitness = 1.656689
Generation 100: Best fitness = 1.737750
Generation 150: Best fitness = 1.743169
Generation 200: Best fitness = 1.748868
Generation 250: Best fitness = 1.749009
Generation 300: Best fitness = 1.749970
Generation 350: Best fitness = 1.750335
Generation 400: Best fitness = 1.750890
Generation 450: Best fitness = 1.751045
Attempt 283: Current best = 1.941668
Generation 0: Best fitness = 0.867944
Generation 50: Best fitness = 1.624807
Generation 100: Best fitness = 1.724910
Generation 150: Best fitness = 1.735361
Generation 200: Best fitness = 1.740583
Generation 250: Best fitness = 1.741311
Generation 300: Best fitness = 1.742658
Generation 350: Best fitness = 1.743472
Generation 400: Best fitness = 1.743755
Generation 450: Best fitness = 1.744377
Attempt 284: Current best = 1.941668
Generation 0: Best fitness = 0.858188
Generation 50: Best fitness = 1.671163
Generation 100: Best fitness = 1.749185
Generation 150: Best fitness = 1.758500
Generation 200: Best fitness = 1.761081
Generation 250: Best fitness = 1.763401
Generation 300: Best fitness = 1.764775
Generation 350: Best fitness = 1.764775
Generation 400: Best fitness = 1.764984
Generation 450: Best fitness = 1.765316
Attempt 285: Current best = 1.941668
Generation 0: Best fitness = 0.860915
Generation 50: Best fitness = 1.649917
Generation 100: Best fitness = 1.748883
Generation 150: Best fitness = 1.755542
Generation 200: Best fitness = 1.757656
Generation 250: Best fitness = 1.760065
Generation 300: Best fitness = 1.760755
Generation 350: Best fitness = 1.761521
Generation 400: Best fitness = 1.761958
Generation 450: Best fitness = 1.762284
Attempt 286: Current best = 1.941668
Generation 0: Best fitness = 0.849507
Generation 50: Best fitness = 1.587380
Generation 100: Best fitness = 1.751863
Generation 150: Best fitness = 1.761249
Generation 200: Best fitness = 1.763041
Generation 250: Best fitness = 1.766710
Generation 300: Best fitness = 1.768488
Generation 350: Best fitness = 1.769150
Generation 400: Best fitness = 1.769506
Generation 450: Best fitness = 1.769728
Attempt 287: Current best = 1.941668
Generation 0: Best fitness = 0.857397
Generation 50: Best fitness = 1.589481
Generation 100: Best fitness = 1.712727
Generation 150: Best fitness = 1.722451
Generation 200: Best fitness = 1.728006
Generation 250: Best fitness = 1.729352
Generation 300: Best fitness = 1.731152
Generation 350: Best fitness = 1.731531
Generation 400: Best fitness = 1.731975
Generation 450: Best fitness = 1.732128
Attempt 288: Current best = 1.941668
Generation 0: Best fitness = 0.868707
Generation 50: Best fitness = 1.622058
Generation 100: Best fitness = 1.716350
Generation 150: Best fitness = 1.726027
Generation 200: Best fitness = 1.728152
Generation 250: Best fitness = 1.729035
Generation 300: Best fitness = 1.730503
Generation 350: Best fitness = 1.730718
Generation 400: Best fitness = 1.737200
Generation 450: Best fitness = 1.740621
Attempt 289: Current best = 1.941668
Generation 0: Best fitness = 0.853255
Generation 50: Best fitness = 1.648515
Generation 100: Best fitness = 1.780627
Generation 150: Best fitness = 1.789079
Generation 200: Best fitness = 1.791106
Generation 250: Best fitness = 1.793380
Generation 300: Best fitness = 1.793437
Generation 350: Best fitness = 1.794229
Generation 400: Best fitness = 1.794542
Generation 450: Best fitness = 1.795646
Attempt 290: Current best = 1.941668
Generation 0: Best fitness = 0.856003
Generation 50: Best fitness = 1.630062
Generation 100: Best fitness = 1.714484
Generation 150: Best fitness = 1.726877
Generation 200: Best fitness = 1.730106
Generation 250: Best fitness = 1.730957
Generation 300: Best fitness = 1.731677
Generation 350: Best fitness = 1.732350
Generation 400: Best fitness = 1.734212
Generation 450: Best fitness = 1.736168
Attempt 291: Current best = 1.941668
Generation 0: Best fitness = 0.863817
Generation 50: Best fitness = 1.638082
Generation 100: Best fitness = 1.783241
Generation 150: Best fitness = 1.795590
Generation 200: Best fitness = 1.800464
Generation 250: Best fitness = 1.801888
Generation 300: Best fitness = 1.802644
Generation 350: Best fitness = 1.803682
Generation 400: Best fitness = 1.803769
Generation 450: Best fitness = 1.803769
Attempt 292: Current best = 1.941668
Generation 0: Best fitness = 0.866017
Generation 50: Best fitness = 1.673517
Generation 100: Best fitness = 1.832793
Generation 150: Best fitness = 1.849019
Generation 200: Best fitness = 1.853385
Generation 250: Best fitness = 1.857404
Generation 300: Best fitness = 1.858193
Generation 350: Best fitness = 1.858975
Generation 400: Best fitness = 1.859504
Generation 450: Best fitness = 1.859504
Attempt 293: Current best = 1.941668
Generation 0: Best fitness = 0.844193
Generation 50: Best fitness = 1.721075
Generation 100: Best fitness = 1.912910
Generation 150: Best fitness = 1.927149
Generation 200: Best fitness = 1.933654
Generation 250: Best fitness = 1.936291
Generation 300: Best fitness = 1.937163
Generation 350: Best fitness = 1.937394
Generation 400: Best fitness = 1.937663
Generation 450: Best fitness = 1.938037
Attempt 294: Current best = 1.941668
Generation 0: Best fitness = 0.853734
Generation 50: Best fitness = 1.632346
Generation 100: Best fitness = 1.780611
Generation 150: Best fitness = 1.802802
Generation 200: Best fitness = 1.806248
Generation 250: Best fitness = 1.808280
Generation 300: Best fitness = 1.808782
Generation 350: Best fitness = 1.808838
Generation 400: Best fitness = 1.808838
Generation 450: Best fitness = 1.809357
Attempt 295: Current best = 1.941668
Generation 0: Best fitness = 0.850285
Generation 50: Best fitness = 1.580426
Generation 100: Best fitness = 1.683771
Generation 150: Best fitness = 1.693678
Generation 200: Best fitness = 1.696746
Generation 250: Best fitness = 1.698566
Generation 300: Best fitness = 1.699309
Generation 350: Best fitness = 1.699584
Generation 400: Best fitness = 1.699955
Generation 450: Best fitness = 1.700535
Attempt 296: Current best = 1.941668
Generation 0: Best fitness = 0.870971
Generation 50: Best fitness = 1.690696
Generation 100: Best fitness = 1.717203
Generation 150: Best fitness = 1.725648
Generation 200: Best fitness = 1.730434
Generation 250: Best fitness = 1.730823
Generation 300: Best fitness = 1.733674
Generation 350: Best fitness = 1.733976
Generation 400: Best fitness = 1.734873
Generation 450: Best fitness = 1.735236
Attempt 297: Current best = 1.941668
Generation 0: Best fitness = 0.858868
Generation 50: Best fitness = 1.668403
Generation 100: Best fitness = 1.771999
Generation 150: Best fitness = 1.783746
Generation 200: Best fitness = 1.789649
Generation 250: Best fitness = 1.794450
Generation 300: Best fitness = 1.795237
Generation 350: Best fitness = 1.796653
Generation 400: Best fitness = 1.797424
Generation 450: Best fitness = 1.797703
Attempt 298: Current best = 1.941668
Generation 0: Best fitness = 0.851728
Generation 50: Best fitness = 1.634722
Generation 100: Best fitness = 1.767844
Generation 150: Best fitness = 1.789544
Generation 200: Best fitness = 1.790494
Generation 250: Best fitness = 1.793232
Generation 300: Best fitness = 1.795572
Generation 350: Best fitness = 1.795894
Generation 400: Best fitness = 1.795894
Generation 450: Best fitness = 1.795960
Attempt 299: Current best = 1.941668
Generation 0: Best fitness = 0.857866
Generation 50: Best fitness = 1.664740
Generation 100: Best fitness = 1.763292
Generation 150: Best fitness = 1.769918
Generation 200: Best fitness = 1.773517
Generation 250: Best fitness = 1.774273
Generation 300: Best fitness = 1.774799
Generation 350: Best fitness = 1.775056
Generation 400: Best fitness = 1.775230
Generation 450: Best fitness = 1.775540
Attempt 300: Current best = 1.941668
Generation 0: Best fitness = 0.864534
Generation 50: Best fitness = 1.574832
Generation 100: Best fitness = 1.714596
Generation 150: Best fitness = 1.722434
Generation 200: Best fitness = 1.726225
Generation 250: Best fitness = 1.727403
Generation 300: Best fitness = 1.729264
Generation 350: Best fitness = 1.729811
Generation 400: Best fitness = 1.729898
Generation 450: Best fitness = 1.730038
Attempt 301: Current best = 1.941668
Generation 0: Best fitness = 0.869874
Generation 50: Best fitness = 1.648070
Generation 100: Best fitness = 1.770048
Generation 150: Best fitness = 1.783912
Generation 200: Best fitness = 1.787575
Generation 250: Best fitness = 1.790612
Generation 300: Best fitness = 1.792080
Generation 350: Best fitness = 1.793374
Generation 400: Best fitness = 1.793754
Generation 450: Best fitness = 1.794912
Attempt 302: Current best = 1.941668
Generation 0: Best fitness = 0.845245
Generation 50: Best fitness = 1.592378
Generation 100: Best fitness = 1.701878
Generation 150: Best fitness = 1.716370
Generation 200: Best fitness = 1.720292
Generation 250: Best fitness = 1.722468
Generation 300: Best fitness = 1.723223
Generation 350: Best fitness = 1.724556
Generation 400: Best fitness = 1.727887
Generation 450: Best fitness = 1.728036
Attempt 303: Current best = 1.941668
Generation 0: Best fitness = 0.850397
Generation 50: Best fitness = 1.611475
Generation 100: Best fitness = 1.714769
Generation 150: Best fitness = 1.726911
Generation 200: Best fitness = 1.729139
Generation 250: Best fitness = 1.731159
Generation 300: Best fitness = 1.733031
Generation 350: Best fitness = 1.734594
Generation 400: Best fitness = 1.735121
Generation 450: Best fitness = 1.735145
Attempt 304: Current best = 1.941668
Generation 0: Best fitness = 0.872407
Generation 50: Best fitness = 1.674974
Generation 100: Best fitness = 1.769399
Generation 150: Best fitness = 1.785443
Generation 200: Best fitness = 1.788394
Generation 250: Best fitness = 1.791197
Generation 300: Best fitness = 1.792620
Generation 350: Best fitness = 1.793234
Generation 400: Best fitness = 1.793584
Generation 450: Best fitness = 1.793628
Attempt 305: Current best = 1.941668
Generation 0: Best fitness = 0.867688
Generation 50: Best fitness = 1.643416
Generation 100: Best fitness = 1.748633
Generation 150: Best fitness = 1.764100
Generation 200: Best fitness = 1.769283
Generation 250: Best fitness = 1.772387
Generation 300: Best fitness = 1.786804
Generation 350: Best fitness = 1.788206
Generation 400: Best fitness = 1.789786
Generation 450: Best fitness = 1.789854
Attempt 306: Current best = 1.941668
Generation 0: Best fitness = 0.849426
Generation 50: Best fitness = 1.625617
Generation 100: Best fitness = 1.785499
Generation 150: Best fitness = 1.797375
Generation 200: Best fitness = 1.802915
Generation 250: Best fitness = 1.804395
Generation 300: Best fitness = 1.806844
Generation 350: Best fitness = 1.807130
Generation 400: Best fitness = 1.808125
Generation 450: Best fitness = 1.808265
Attempt 307: Current best = 1.941668
Generation 0: Best fitness = 0.854443
Generation 50: Best fitness = 1.640296
Generation 100: Best fitness = 1.763326
Generation 150: Best fitness = 1.799142
Generation 200: Best fitness = 1.805434
Generation 250: Best fitness = 1.807759
Generation 300: Best fitness = 1.810085
Generation 350: Best fitness = 1.810085
Generation 400: Best fitness = 1.816511
Generation 450: Best fitness = 1.816667
Attempt 308: Current best = 1.941668
Generation 0: Best fitness = 0.857767
Generation 50: Best fitness = 1.693139
Generation 100: Best fitness = 1.837158
Generation 150: Best fitness = 1.846430
Generation 200: Best fitness = 1.849514
Generation 250: Best fitness = 1.853300
Generation 300: Best fitness = 1.855234
Generation 350: Best fitness = 1.855483
Generation 400: Best fitness = 1.856499
Generation 450: Best fitness = 1.856793
Attempt 309: Current best = 1.941668
Generation 0: Best fitness = 0.866193
Generation 50: Best fitness = 1.647427
Generation 100: Best fitness = 1.710862
Generation 150: Best fitness = 1.715579
Generation 200: Best fitness = 1.719116
Generation 250: Best fitness = 1.721248
Generation 300: Best fitness = 1.721518
Generation 350: Best fitness = 1.721644
Generation 400: Best fitness = 1.721698
Generation 450: Best fitness = 1.721902
Attempt 310: Current best = 1.941668
Generation 0: Best fitness = 0.854322
Generation 50: Best fitness = 1.614879
Generation 100: Best fitness = 1.712467
Generation 150: Best fitness = 1.726316
Generation 200: Best fitness = 1.732074
Generation 250: Best fitness = 1.733828
Generation 300: Best fitness = 1.736451
Generation 350: Best fitness = 1.737010
Generation 400: Best fitness = 1.737967
Generation 450: Best fitness = 1.738560
Attempt 311: Current best = 1.941668
Generation 0: Best fitness = 0.856704
Generation 50: Best fitness = 1.638611
Generation 100: Best fitness = 1.742975
Generation 150: Best fitness = 1.749359
Generation 200: Best fitness = 1.752655
Generation 250: Best fitness = 1.754659
Generation 300: Best fitness = 1.755036
Generation 350: Best fitness = 1.755691
Generation 400: Best fitness = 1.755977
Generation 450: Best fitness = 1.756202
Attempt 312: Current best = 1.941668
Generation 0: Best fitness = 0.848516
Generation 50: Best fitness = 1.593011
Generation 100: Best fitness = 1.719400
Generation 150: Best fitness = 1.729472
Generation 200: Best fitness = 1.744174
Generation 250: Best fitness = 1.749490
Generation 300: Best fitness = 1.753641
Generation 350: Best fitness = 1.753886
Generation 400: Best fitness = 1.754549
Generation 450: Best fitness = 1.755477
Attempt 313: Current best = 1.941668
Generation 0: Best fitness = 0.866178
Generation 50: Best fitness = 1.655540
Generation 100: Best fitness = 1.776628
Generation 150: Best fitness = 1.792924
Generation 200: Best fitness = 1.794397
Generation 250: Best fitness = 1.795794
Generation 300: Best fitness = 1.796239
Generation 350: Best fitness = 1.796984
Generation 400: Best fitness = 1.797099
Generation 450: Best fitness = 1.797355
Attempt 314: Current best = 1.941668
Generation 0: Best fitness = 0.855293
Generation 50: Best fitness = 1.677182
Generation 100: Best fitness = 1.754537
Generation 150: Best fitness = 1.766632
Generation 200: Best fitness = 1.776116
Generation 250: Best fitness = 1.777968
Generation 300: Best fitness = 1.779766
Generation 350: Best fitness = 1.780762
Generation 400: Best fitness = 1.781218
Generation 450: Best fitness = 1.781499
Attempt 315: Current best = 1.941668
Generation 0: Best fitness = 0.867018
Generation 50: Best fitness = 1.666812
Generation 100: Best fitness = 1.752609
Generation 150: Best fitness = 1.762418
Generation 200: Best fitness = 1.766430
Generation 250: Best fitness = 1.770177
Generation 300: Best fitness = 1.770434
Generation 350: Best fitness = 1.770637
Generation 400: Best fitness = 1.771245
Generation 450: Best fitness = 1.772980
Attempt 316: Current best = 1.941668
Generation 0: Best fitness = 0.869520
Generation 50: Best fitness = 1.608537
Generation 100: Best fitness = 1.761528
Generation 150: Best fitness = 1.774941
Generation 200: Best fitness = 1.778843
Generation 250: Best fitness = 1.789471
Generation 300: Best fitness = 1.790062
Generation 350: Best fitness = 1.790808
Generation 400: Best fitness = 1.791101
Generation 450: Best fitness = 1.791497
Attempt 317: Current best = 1.941668
Generation 0: Best fitness = 0.859866
Generation 50: Best fitness = 1.612554
Generation 100: Best fitness = 1.690381
Generation 150: Best fitness = 1.713453
Generation 200: Best fitness = 1.715787
Generation 250: Best fitness = 1.718043
Generation 300: Best fitness = 1.719025
Generation 350: Best fitness = 1.719079
Generation 400: Best fitness = 1.719190
Generation 450: Best fitness = 1.719257
Attempt 318: Current best = 1.941668
Generation 0: Best fitness = 0.856426
Generation 50: Best fitness = 1.622138
Generation 100: Best fitness = 1.753972
Generation 150: Best fitness = 1.770906
Generation 200: Best fitness = 1.774511
Generation 250: Best fitness = 1.775768
Generation 300: Best fitness = 1.776618
Generation 350: Best fitness = 1.777712
Generation 400: Best fitness = 1.778925
Generation 450: Best fitness = 1.779445
Attempt 319: Current best = 1.941668
Generation 0: Best fitness = 0.860083
Generation 50: Best fitness = 1.659964
Generation 100: Best fitness = 1.851069
Generation 150: Best fitness = 1.867328
Generation 200: Best fitness = 1.871692
Generation 250: Best fitness = 1.874844
Generation 300: Best fitness = 1.877366
Generation 350: Best fitness = 1.878749
Generation 400: Best fitness = 1.879187
Generation 450: Best fitness = 1.879894
Attempt 320: Current best = 1.941668
Generation 0: Best fitness = 0.868540
Generation 50: Best fitness = 1.733933
Generation 100: Best fitness = 1.844394
Generation 150: Best fitness = 1.854735
Generation 200: Best fitness = 1.855822
Generation 250: Best fitness = 1.856136
Generation 300: Best fitness = 1.857885
Generation 350: Best fitness = 1.858204
Generation 400: Best fitness = 1.858808
Generation 450: Best fitness = 1.859013
Attempt 321: Current best = 1.941668
Generation 0: Best fitness = 0.853225
Generation 50: Best fitness = 1.614049
Generation 100: Best fitness = 1.709887
Generation 150: Best fitness = 1.719347
Generation 200: Best fitness = 1.720815
Generation 250: Best fitness = 1.722098
Generation 300: Best fitness = 1.722553
Generation 350: Best fitness = 1.723165
Generation 400: Best fitness = 1.723521
Generation 450: Best fitness = 1.724800
Attempt 322: Current best = 1.941668
Generation 0: Best fitness = 0.860297
Generation 50: Best fitness = 1.653542
Generation 100: Best fitness = 1.743115
Generation 150: Best fitness = 1.749662
Generation 200: Best fitness = 1.754891
Generation 250: Best fitness = 1.755928
Generation 300: Best fitness = 1.756607
Generation 350: Best fitness = 1.758443
Generation 400: Best fitness = 1.759009
Generation 450: Best fitness = 1.759081
Attempt 323: Current best = 1.941668
Generation 0: Best fitness = 0.842778
Generation 50: Best fitness = 1.666467
Generation 100: Best fitness = 1.769679
Generation 150: Best fitness = 1.778836
Generation 200: Best fitness = 1.782669
Generation 250: Best fitness = 1.783825
Generation 300: Best fitness = 1.784068
Generation 350: Best fitness = 1.784244
Generation 400: Best fitness = 1.784467
Generation 450: Best fitness = 1.785165
Attempt 324: Current best = 1.941668
Generation 0: Best fitness = 0.854083
Generation 50: Best fitness = 1.603349
Generation 100: Best fitness = 1.687820
Generation 150: Best fitness = 1.699663
Generation 200: Best fitness = 1.705829
Generation 250: Best fitness = 1.708323
Generation 300: Best fitness = 1.709279
Generation 350: Best fitness = 1.710461
Generation 400: Best fitness = 1.710891
Generation 450: Best fitness = 1.711021
Attempt 325: Current best = 1.941668
Generation 0: Best fitness = 0.854456
Generation 50: Best fitness = 1.648360
Generation 100: Best fitness = 1.797141
Generation 150: Best fitness = 1.812465
Generation 200: Best fitness = 1.813978
Generation 250: Best fitness = 1.816010
Generation 300: Best fitness = 1.816033
Generation 350: Best fitness = 1.816629
Generation 400: Best fitness = 1.817173
Generation 450: Best fitness = 1.817704
Attempt 326: Current best = 1.941668
Generation 0: Best fitness = 0.852116
Generation 50: Best fitness = 1.759433
Generation 100: Best fitness = 1.895279
Generation 150: Best fitness = 1.904827
Generation 200: Best fitness = 1.908834
Generation 250: Best fitness = 1.909450
Generation 300: Best fitness = 1.909817
Generation 350: Best fitness = 1.910143
Generation 400: Best fitness = 1.910163
Generation 450: Best fitness = 1.910258
Attempt 327: Current best = 1.941668
Generation 0: Best fitness = 0.854054
Generation 50: Best fitness = 1.584143
Generation 100: Best fitness = 1.729699
Generation 150: Best fitness = 1.738266
Generation 200: Best fitness = 1.744406
Generation 250: Best fitness = 1.745762
Generation 300: Best fitness = 1.746453
Generation 350: Best fitness = 1.747214
Generation 400: Best fitness = 1.747435
Generation 450: Best fitness = 1.747535
Attempt 328: Current best = 1.941668
Generation 0: Best fitness = 0.860183
Generation 50: Best fitness = 1.612822
Generation 100: Best fitness = 1.780704
Generation 150: Best fitness = 1.798151
Generation 200: Best fitness = 1.801085
Generation 250: Best fitness = 1.802373
Generation 300: Best fitness = 1.802801
Generation 350: Best fitness = 1.804168
Generation 400: Best fitness = 1.807778
Generation 450: Best fitness = 1.808768
Attempt 329: Current best = 1.941668
Generation 0: Best fitness = 0.868951
Generation 50: Best fitness = 1.604196
Generation 100: Best fitness = 1.734674
Generation 150: Best fitness = 1.774858
Generation 200: Best fitness = 1.783531
Generation 250: Best fitness = 1.787785
Generation 300: Best fitness = 1.798579
Generation 350: Best fitness = 1.813426
Generation 400: Best fitness = 1.814208
Generation 450: Best fitness = 1.815485
Attempt 330: Current best = 1.941668
Generation 0: Best fitness = 0.865691
Generation 50: Best fitness = 1.611447
Generation 100: Best fitness = 1.708941
Generation 150: Best fitness = 1.720755
Generation 200: Best fitness = 1.724272
Generation 250: Best fitness = 1.726674
Generation 300: Best fitness = 1.727569
Generation 350: Best fitness = 1.727736
Generation 400: Best fitness = 1.728167
Generation 450: Best fitness = 1.728580
Attempt 331: Current best = 1.941668
Generation 0: Best fitness = 0.854244
Generation 50: Best fitness = 1.691031
Generation 100: Best fitness = 1.805477
Generation 150: Best fitness = 1.821561
Generation 200: Best fitness = 1.828785
Generation 250: Best fitness = 1.831278
Generation 300: Best fitness = 1.832513
Generation 350: Best fitness = 1.833208
Generation 400: Best fitness = 1.833321
Generation 450: Best fitness = 1.833576
Attempt 332: Current best = 1.941668
Generation 0: Best fitness = 0.864222
Generation 50: Best fitness = 1.629761
Generation 100: Best fitness = 1.730380
Generation 150: Best fitness = 1.743714
Generation 200: Best fitness = 1.763010
Generation 250: Best fitness = 1.770364
Generation 300: Best fitness = 1.771101
Generation 350: Best fitness = 1.772820
Generation 400: Best fitness = 1.773791
Generation 450: Best fitness = 1.774094
Attempt 333: Current best = 1.941668
Generation 0: Best fitness = 0.848174
Generation 50: Best fitness = 1.709948
Generation 100: Best fitness = 1.814124
Generation 150: Best fitness = 1.825259
Generation 200: Best fitness = 1.828250
Generation 250: Best fitness = 1.830510
Generation 300: Best fitness = 1.831826
Generation 350: Best fitness = 1.831826
Generation 400: Best fitness = 1.831925
Generation 450: Best fitness = 1.832669
Attempt 334: Current best = 1.941668
Generation 0: Best fitness = 0.858945
Generation 50: Best fitness = 1.614217
Generation 100: Best fitness = 1.715596
Generation 150: Best fitness = 1.730798
Generation 200: Best fitness = 1.735838
Generation 250: Best fitness = 1.746892
Generation 300: Best fitness = 1.748351
Generation 350: Best fitness = 1.749224
Generation 400: Best fitness = 1.751520
Generation 450: Best fitness = 1.752068
Attempt 335: Current best = 1.941668
Generation 0: Best fitness = 0.855247
Generation 50: Best fitness = 1.645863
Generation 100: Best fitness = 1.763638
Generation 150: Best fitness = 1.777593
Generation 200: Best fitness = 1.780305
Generation 250: Best fitness = 1.781190
Generation 300: Best fitness = 1.782170
Generation 350: Best fitness = 1.782649
Generation 400: Best fitness = 1.782649
Generation 450: Best fitness = 1.783089
Attempt 336: Current best = 1.941668
Generation 0: Best fitness = 0.864198
Generation 50: Best fitness = 1.617752
Generation 100: Best fitness = 1.703269
Generation 150: Best fitness = 1.709155
Generation 200: Best fitness = 1.712172
Generation 250: Best fitness = 1.713609
Generation 300: Best fitness = 1.716817
Generation 350: Best fitness = 1.716881
Generation 400: Best fitness = 1.717380
Generation 450: Best fitness = 1.717412
Attempt 337: Current best = 1.941668
Generation 0: Best fitness = 0.857146
Generation 50: Best fitness = 1.644662
Generation 100: Best fitness = 1.742869
Generation 150: Best fitness = 1.755249
Generation 200: Best fitness = 1.759319
Generation 250: Best fitness = 1.763072
Generation 300: Best fitness = 1.763477
Generation 350: Best fitness = 1.764449
Generation 400: Best fitness = 1.765688
Generation 450: Best fitness = 1.772614
Attempt 338: Current best = 1.941668
Generation 0: Best fitness = 0.856152
Generation 50: Best fitness = 1.646794
Generation 100: Best fitness = 1.753522
Generation 150: Best fitness = 1.760898
Generation 200: Best fitness = 1.764849
Generation 250: Best fitness = 1.766838
Generation 300: Best fitness = 1.767783
Generation 350: Best fitness = 1.768551
Generation 400: Best fitness = 1.768675
Generation 450: Best fitness = 1.769292
Attempt 339: Current best = 1.941668
Generation 0: Best fitness = 0.867676
Generation 50: Best fitness = 1.647125
Generation 100: Best fitness = 1.750236
Generation 150: Best fitness = 1.762635
Generation 200: Best fitness = 1.766993
Generation 250: Best fitness = 1.767642
Generation 300: Best fitness = 1.769066
Generation 350: Best fitness = 1.769606
Generation 400: Best fitness = 1.770008
Generation 450: Best fitness = 1.771630
Attempt 340: Current best = 1.941668
Generation 0: Best fitness = 0.862841
Generation 50: Best fitness = 1.592389
Generation 100: Best fitness = 1.743747
Generation 150: Best fitness = 1.756803
Generation 200: Best fitness = 1.763226
Generation 250: Best fitness = 1.765484
Generation 300: Best fitness = 1.766065
Generation 350: Best fitness = 1.766868
Generation 400: Best fitness = 1.766984
Generation 450: Best fitness = 1.767270
Attempt 341: Current best = 1.941668
Generation 0: Best fitness = 0.846251
Generation 50: Best fitness = 1.615125
Generation 100: Best fitness = 1.737421
Generation 150: Best fitness = 1.748784
Generation 200: Best fitness = 1.750722
Generation 250: Best fitness = 1.753037
Generation 300: Best fitness = 1.753677
Generation 350: Best fitness = 1.754258
Generation 400: Best fitness = 1.754392
Generation 450: Best fitness = 1.754662
Attempt 342: Current best = 1.941668
Generation 0: Best fitness = 0.858449
Generation 50: Best fitness = 1.663460
Generation 100: Best fitness = 1.780129
Generation 150: Best fitness = 1.787598
Generation 200: Best fitness = 1.790408
Generation 250: Best fitness = 1.792071
Generation 300: Best fitness = 1.792604
Generation 350: Best fitness = 1.793335
Generation 400: Best fitness = 1.793367
Generation 450: Best fitness = 1.793877
Attempt 343: Current best = 1.941668
Generation 0: Best fitness = 0.863714
Generation 50: Best fitness = 1.661949
Generation 100: Best fitness = 1.775621
Generation 150: Best fitness = 1.790322
Generation 200: Best fitness = 1.798543
Generation 250: Best fitness = 1.801365
Generation 300: Best fitness = 1.801972
Generation 350: Best fitness = 1.802876
Generation 400: Best fitness = 1.803292
Generation 450: Best fitness = 1.803946
Attempt 344: Current best = 1.941668
Generation 0: Best fitness = 0.856945
Generation 50: Best fitness = 1.737273
Generation 100: Best fitness = 1.811486
Generation 150: Best fitness = 1.822234
Generation 200: Best fitness = 1.824232
Generation 250: Best fitness = 1.824705
Generation 300: Best fitness = 1.826669
Generation 350: Best fitness = 1.827131
Generation 400: Best fitness = 1.827818
Generation 450: Best fitness = 1.828190
Attempt 345: Current best = 1.941668
Generation 0: Best fitness = 0.862558
Generation 50: Best fitness = 1.674347
Generation 100: Best fitness = 1.755753
Generation 150: Best fitness = 1.762548
Generation 200: Best fitness = 1.770249
Generation 250: Best fitness = 1.776451
Generation 300: Best fitness = 1.778498
Generation 350: Best fitness = 1.779042
Generation 400: Best fitness = 1.780581
Generation 450: Best fitness = 1.780630
Attempt 346: Current best = 1.941668
Generation 0: Best fitness = 0.874191
Generation 50: Best fitness = 1.598593
Generation 100: Best fitness = 1.732393
Generation 150: Best fitness = 1.743300
Generation 200: Best fitness = 1.749137
Generation 250: Best fitness = 1.759346
Generation 300: Best fitness = 1.760600
Generation 350: Best fitness = 1.761354
Generation 400: Best fitness = 1.761612
Generation 450: Best fitness = 1.761721
Attempt 347: Current best = 1.941668
Generation 0: Best fitness = 0.869646
Generation 50: Best fitness = 1.601597
Generation 100: Best fitness = 1.713890
Generation 150: Best fitness = 1.723901
Generation 200: Best fitness = 1.728559
Generation 250: Best fitness = 1.731198
Generation 300: Best fitness = 1.732838
Generation 350: Best fitness = 1.733200
Generation 400: Best fitness = 1.733460
Generation 450: Best fitness = 1.733664
Attempt 348: Current best = 1.941668
Generation 0: Best fitness = 0.854119
Generation 50: Best fitness = 1.659378
Generation 100: Best fitness = 1.746217
Generation 150: Best fitness = 1.756286
Generation 200: Best fitness = 1.760412
Generation 250: Best fitness = 1.762593
Generation 300: Best fitness = 1.763082
Generation 350: Best fitness = 1.763511
Generation 400: Best fitness = 1.763579
Generation 450: Best fitness = 1.763988
Attempt 349: Current best = 1.941668
Generation 0: Best fitness = 0.857883
Generation 50: Best fitness = 1.626587
Generation 100: Best fitness = 1.748390
Generation 150: Best fitness = 1.756877
Generation 200: Best fitness = 1.765016
Generation 250: Best fitness = 1.766340
Generation 300: Best fitness = 1.767188
Generation 350: Best fitness = 1.767188
Generation 400: Best fitness = 1.767403
Generation 450: Best fitness = 1.767423
Attempt 350: Current best = 1.941668
Generation 0: Best fitness = 0.856063
Generation 50: Best fitness = 1.692657
Generation 100: Best fitness = 1.797229
Generation 150: Best fitness = 1.808246
Generation 200: Best fitness = 1.810576
Generation 250: Best fitness = 1.811900
Generation 300: Best fitness = 1.814010
Generation 350: Best fitness = 1.814556
Generation 400: Best fitness = 1.814813
Generation 450: Best fitness = 1.815435
Attempt 351: Current best = 1.941668
Generation 0: Best fitness = 0.861506
Generation 50: Best fitness = 1.666841
Generation 100: Best fitness = 1.747937
Generation 150: Best fitness = 1.751191
Generation 200: Best fitness = 1.757589
Generation 250: Best fitness = 1.759785
Generation 300: Best fitness = 1.760278
Generation 350: Best fitness = 1.760635
Generation 400: Best fitness = 1.761377
Generation 450: Best fitness = 1.762418
Attempt 352: Current best = 1.941668
Generation 0: Best fitness = 0.859249
Generation 50: Best fitness = 1.604852
Generation 100: Best fitness = 1.681989
Generation 150: Best fitness = 1.689501
Generation 200: Best fitness = 1.691178
Generation 250: Best fitness = 1.691405
Generation 300: Best fitness = 1.695288
Generation 350: Best fitness = 1.701575
Generation 400: Best fitness = 1.703224
Generation 450: Best fitness = 1.703435
Attempt 353: Current best = 1.941668
Generation 0: Best fitness = 0.864712
Generation 50: Best fitness = 1.612752
Generation 100: Best fitness = 1.796746
Generation 150: Best fitness = 1.802868
Generation 200: Best fitness = 1.806156
Generation 250: Best fitness = 1.807686
Generation 300: Best fitness = 1.807686
Generation 350: Best fitness = 1.808283
Generation 400: Best fitness = 1.808917
Generation 450: Best fitness = 1.809063
Attempt 354: Current best = 1.941668
Generation 0: Best fitness = 0.868509
Generation 50: Best fitness = 1.632699
Generation 100: Best fitness = 1.755744
Generation 150: Best fitness = 1.764954
Generation 200: Best fitness = 1.772902
Generation 250: Best fitness = 1.774133
Generation 300: Best fitness = 1.776813
Generation 350: Best fitness = 1.778159
Generation 400: Best fitness = 1.778391
Generation 450: Best fitness = 1.778391
Attempt 355: Current best = 1.941668
Generation 0: Best fitness = 0.847781
Generation 50: Best fitness = 1.650851
Generation 100: Best fitness = 1.698708
Generation 150: Best fitness = 1.705883
Generation 200: Best fitness = 1.708769
Generation 250: Best fitness = 1.709704
Generation 300: Best fitness = 1.711270
Generation 350: Best fitness = 1.711838
Generation 400: Best fitness = 1.712892
Generation 450: Best fitness = 1.713444
Attempt 356: Current best = 1.941668
Generation 0: Best fitness = 0.880524
Generation 50: Best fitness = 1.771556
Generation 100: Best fitness = 1.905952
Generation 150: Best fitness = 1.918811
Generation 200: Best fitness = 1.924030
Generation 250: Best fitness = 1.924430
Generation 300: Best fitness = 1.926474
Generation 350: Best fitness = 1.927852
Generation 400: Best fitness = 1.929936
Generation 450: Best fitness = 1.929936
Attempt 357: Current best = 1.941668
Generation 0: Best fitness = 0.857608
Generation 50: Best fitness = 1.652223
Generation 100: Best fitness = 1.761247
Generation 150: Best fitness = 1.778954
Generation 200: Best fitness = 1.780777
Generation 250: Best fitness = 1.781323
Generation 300: Best fitness = 1.782004
Generation 350: Best fitness = 1.782568
Generation 400: Best fitness = 1.783249
Generation 450: Best fitness = 1.783903
Attempt 358: Current best = 1.941668
Generation 0: Best fitness = 0.855624
Generation 50: Best fitness = 1.717567
Generation 100: Best fitness = 1.788527
Generation 150: Best fitness = 1.798377
Generation 200: Best fitness = 1.801866
Generation 250: Best fitness = 1.802823
Generation 300: Best fitness = 1.804057
Generation 350: Best fitness = 1.804543
Generation 400: Best fitness = 1.804683
Generation 450: Best fitness = 1.804739
Attempt 359: Current best = 1.941668
Generation 0: Best fitness = 0.852643
Generation 50: Best fitness = 1.581458
Generation 100: Best fitness = 1.686676
Generation 150: Best fitness = 1.699621
Generation 200: Best fitness = 1.701284
Generation 250: Best fitness = 1.701862
Generation 300: Best fitness = 1.702752
Generation 350: Best fitness = 1.703113
Generation 400: Best fitness = 1.703617
Generation 450: Best fitness = 1.703899
Attempt 360: Current best = 1.941668
Generation 0: Best fitness = 0.857268
Generation 50: Best fitness = 1.597071
Generation 100: Best fitness = 1.722361
Generation 150: Best fitness = 1.741539
Generation 200: Best fitness = 1.744615
Generation 250: Best fitness = 1.748008
Generation 300: Best fitness = 1.750158
Generation 350: Best fitness = 1.751083
Generation 400: Best fitness = 1.751299
Generation 450: Best fitness = 1.751522
Attempt 361: Current best = 1.941668
Generation 0: Best fitness = 0.863332
Generation 50: Best fitness = 1.660866
Generation 100: Best fitness = 1.809720
Generation 150: Best fitness = 1.824604
Generation 200: Best fitness = 1.829364
Generation 250: Best fitness = 1.830746
Generation 300: Best fitness = 1.831306
Generation 350: Best fitness = 1.831944
Generation 400: Best fitness = 1.832040
Generation 450: Best fitness = 1.832118
Attempt 362: Current best = 1.941668
Generation 0: Best fitness = 0.850699
Generation 50: Best fitness = 1.700223
Generation 100: Best fitness = 1.775631
Generation 150: Best fitness = 1.783967
Generation 200: Best fitness = 1.788053
Generation 250: Best fitness = 1.799397
Generation 300: Best fitness = 1.802084
Generation 350: Best fitness = 1.803846
Generation 400: Best fitness = 1.804955
Generation 450: Best fitness = 1.805282
Attempt 363: Current best = 1.941668
Generation 0: Best fitness = 0.848478
Generation 50: Best fitness = 1.655691
Generation 100: Best fitness = 1.759763
Generation 150: Best fitness = 1.789747
Generation 200: Best fitness = 1.796016
Generation 250: Best fitness = 1.800525
Generation 300: Best fitness = 1.801646
Generation 350: Best fitness = 1.802134
Generation 400: Best fitness = 1.802408
Generation 450: Best fitness = 1.802858
Attempt 364: Current best = 1.941668
Generation 0: Best fitness = 0.869697
Generation 50: Best fitness = 1.648921
Generation 100: Best fitness = 1.786575
Generation 150: Best fitness = 1.800222
Generation 200: Best fitness = 1.804008
Generation 250: Best fitness = 1.805526
Generation 300: Best fitness = 1.807363
Generation 350: Best fitness = 1.808322
Generation 400: Best fitness = 1.808529
Generation 450: Best fitness = 1.808980
Attempt 365: Current best = 1.941668
Generation 0: Best fitness = 0.860836
Generation 50: Best fitness = 1.638080
Generation 100: Best fitness = 1.825176
Generation 150: Best fitness = 1.833546
Generation 200: Best fitness = 1.835040
Generation 250: Best fitness = 1.838627
Generation 300: Best fitness = 1.839698
Generation 350: Best fitness = 1.840465
Generation 400: Best fitness = 1.841098
Generation 450: Best fitness = 1.841566
Attempt 366: Current best = 1.941668
Generation 0: Best fitness = 0.866144
Generation 50: Best fitness = 1.561315
Generation 100: Best fitness = 1.681836
Generation 150: Best fitness = 1.691138
Generation 200: Best fitness = 1.693590
Generation 250: Best fitness = 1.694736
Generation 300: Best fitness = 1.695351
Generation 350: Best fitness = 1.695940
Generation 400: Best fitness = 1.696296
Generation 450: Best fitness = 1.712452
Attempt 367: Current best = 1.941668
Generation 0: Best fitness = 0.848318
Generation 50: Best fitness = 1.591718
Generation 100: Best fitness = 1.700900
Generation 150: Best fitness = 1.707957
Generation 200: Best fitness = 1.715150
Generation 250: Best fitness = 1.718174
Generation 300: Best fitness = 1.721602
Generation 350: Best fitness = 1.722199
Generation 400: Best fitness = 1.723195
Generation 450: Best fitness = 1.723516
Attempt 368: Current best = 1.941668
Generation 0: Best fitness = 0.856294
Generation 50: Best fitness = 1.639549
Generation 100: Best fitness = 1.749713
Generation 150: Best fitness = 1.755444
Generation 200: Best fitness = 1.758195
Generation 250: Best fitness = 1.758957
Generation 300: Best fitness = 1.760606
Generation 350: Best fitness = 1.760972
Generation 400: Best fitness = 1.761307
Generation 450: Best fitness = 1.765403
Attempt 369: Current best = 1.941668
Generation 0: Best fitness = 0.861719
Generation 50: Best fitness = 1.587058
Generation 100: Best fitness = 1.671477
Generation 150: Best fitness = 1.690821
Generation 200: Best fitness = 1.694622
Generation 250: Best fitness = 1.695961
Generation 300: Best fitness = 1.698319
Generation 350: Best fitness = 1.698756
Generation 400: Best fitness = 1.698951
Generation 450: Best fitness = 1.699154
Attempt 370: Current best = 1.941668
Generation 0: Best fitness = 0.877256
Generation 50: Best fitness = 1.639307
Generation 100: Best fitness = 1.758004
Generation 150: Best fitness = 1.778541
Generation 200: Best fitness = 1.785712
Generation 250: Best fitness = 1.789280
Generation 300: Best fitness = 1.790416
Generation 350: Best fitness = 1.791427
Generation 400: Best fitness = 1.791446
Generation 450: Best fitness = 1.791446
Attempt 371: Current best = 1.941668
Generation 0: Best fitness = 0.853652
Generation 50: Best fitness = 1.655381
Generation 100: Best fitness = 1.738080
Generation 150: Best fitness = 1.748630
Generation 200: Best fitness = 1.754933
Generation 250: Best fitness = 1.759066
Generation 300: Best fitness = 1.760534
Generation 350: Best fitness = 1.760995
Generation 400: Best fitness = 1.761391
Generation 450: Best fitness = 1.761391
Attempt 372: Current best = 1.941668
Generation 0: Best fitness = 0.856487
Generation 50: Best fitness = 1.642658
Generation 100: Best fitness = 1.789719
Generation 150: Best fitness = 1.801214
Generation 200: Best fitness = 1.805923
Generation 250: Best fitness = 1.808004
Generation 300: Best fitness = 1.809266
Generation 350: Best fitness = 1.809744
Generation 400: Best fitness = 1.809799
Generation 450: Best fitness = 1.810140
Attempt 373: Current best = 1.941668
Generation 0: Best fitness = 0.872399
Generation 50: Best fitness = 1.614080
Generation 100: Best fitness = 1.711794
Generation 150: Best fitness = 1.726480
Generation 200: Best fitness = 1.728484
Generation 250: Best fitness = 1.729743
Generation 300: Best fitness = 1.730685
Generation 350: Best fitness = 1.730829
Generation 400: Best fitness = 1.730829
Generation 450: Best fitness = 1.731737
Attempt 374: Current best = 1.941668
Generation 0: Best fitness = 0.851245
Generation 50: Best fitness = 1.588616
Generation 100: Best fitness = 1.732373
Generation 150: Best fitness = 1.745366
Generation 200: Best fitness = 1.748738
Generation 250: Best fitness = 1.750168
Generation 300: Best fitness = 1.757825
Generation 350: Best fitness = 1.759293
Generation 400: Best fitness = 1.759458
Generation 450: Best fitness = 1.760689
Attempt 375: Current best = 1.941668
Generation 0: Best fitness = 0.852360
Generation 50: Best fitness = 1.652370
Generation 100: Best fitness = 1.780011
Generation 150: Best fitness = 1.788948
Generation 200: Best fitness = 1.792800
Generation 250: Best fitness = 1.793991
Generation 300: Best fitness = 1.796387
Generation 350: Best fitness = 1.796813
Generation 400: Best fitness = 1.797116
Generation 450: Best fitness = 1.797116
Attempt 376: Current best = 1.941668
Generation 0: Best fitness = 0.863977
Generation 50: Best fitness = 1.628089
Generation 100: Best fitness = 1.756241
Generation 150: Best fitness = 1.768502
Generation 200: Best fitness = 1.771181
Generation 250: Best fitness = 1.773547
Generation 300: Best fitness = 1.775882
Generation 350: Best fitness = 1.775907
Generation 400: Best fitness = 1.776061
Generation 450: Best fitness = 1.776771
Attempt 377: Current best = 1.941668
Generation 0: Best fitness = 0.856972
Generation 50: Best fitness = 1.690799
Generation 100: Best fitness = 1.808779
Generation 150: Best fitness = 1.822040
Generation 200: Best fitness = 1.826112
Generation 250: Best fitness = 1.826914
Generation 300: Best fitness = 1.828685
Generation 350: Best fitness = 1.829287
Generation 400: Best fitness = 1.829533
Generation 450: Best fitness = 1.829690
Attempt 378: Current best = 1.941668
Generation 0: Best fitness = 0.856732
Generation 50: Best fitness = 1.627451
Generation 100: Best fitness = 1.765043
Generation 150: Best fitness = 1.773869
Generation 200: Best fitness = 1.778890
Generation 250: Best fitness = 1.780044
Generation 300: Best fitness = 1.781149
Generation 350: Best fitness = 1.781935
Generation 400: Best fitness = 1.782456
Generation 450: Best fitness = 1.782881
Attempt 379: Current best = 1.941668
Generation 0: Best fitness = 0.857512
Generation 50: Best fitness = 1.641265
Generation 100: Best fitness = 1.777653
Generation 150: Best fitness = 1.787821
Generation 200: Best fitness = 1.791564
Generation 250: Best fitness = 1.793101
Generation 300: Best fitness = 1.793426
Generation 350: Best fitness = 1.795860
Generation 400: Best fitness = 1.795926
Generation 450: Best fitness = 1.796555
Attempt 380: Current best = 1.941668
Generation 0: Best fitness = 0.864679
Generation 50: Best fitness = 1.585707
Generation 100: Best fitness = 1.762249
Generation 150: Best fitness = 1.795894
Generation 200: Best fitness = 1.797968
Generation 250: Best fitness = 1.802584
Generation 300: Best fitness = 1.804270
Generation 350: Best fitness = 1.805977
Generation 400: Best fitness = 1.806259
Generation 450: Best fitness = 1.807157
Attempt 381: Current best = 1.941668
Generation 0: Best fitness = 0.843860
Generation 50: Best fitness = 1.647510
Generation 100: Best fitness = 1.748495
Generation 150: Best fitness = 1.761890
Generation 200: Best fitness = 1.765551
Generation 250: Best fitness = 1.768944
Generation 300: Best fitness = 1.769154
Generation 350: Best fitness = 1.769838
Generation 400: Best fitness = 1.770300
Generation 450: Best fitness = 1.770864
Attempt 382: Current best = 1.941668
Generation 0: Best fitness = 0.858692
Generation 50: Best fitness = 1.633870
Generation 100: Best fitness = 1.780122
Generation 150: Best fitness = 1.787089
Generation 200: Best fitness = 1.793722
Generation 250: Best fitness = 1.795656
Generation 300: Best fitness = 1.796320
Generation 350: Best fitness = 1.796469
Generation 400: Best fitness = 1.796938
Generation 450: Best fitness = 1.797187
Attempt 383: Current best = 1.941668
Generation 0: Best fitness = 0.865702
Generation 50: Best fitness = 1.654650
Generation 100: Best fitness = 1.777915
Generation 150: Best fitness = 1.785333
Generation 200: Best fitness = 1.789047
Generation 250: Best fitness = 1.790002
Generation 300: Best fitness = 1.791866
Generation 350: Best fitness = 1.792043
Generation 400: Best fitness = 1.792341
Generation 450: Best fitness = 1.792756
Attempt 384: Current best = 1.941668
Generation 0: Best fitness = 0.865471
Generation 50: Best fitness = 1.605040
Generation 100: Best fitness = 1.786131
Generation 150: Best fitness = 1.811779
Generation 200: Best fitness = 1.814436
Generation 250: Best fitness = 1.814544
Generation 300: Best fitness = 1.814954
Generation 350: Best fitness = 1.815665
Generation 400: Best fitness = 1.816343
Generation 450: Best fitness = 1.816798
Attempt 385: Current best = 1.941668
Generation 0: Best fitness = 0.849960
Generation 50: Best fitness = 1.598593
Generation 100: Best fitness = 1.737048
Generation 150: Best fitness = 1.744439
Generation 200: Best fitness = 1.747266
Generation 250: Best fitness = 1.748850
Generation 300: Best fitness = 1.751954
Generation 350: Best fitness = 1.752204
Generation 400: Best fitness = 1.752717
Generation 450: Best fitness = 1.753000
Attempt 386: Current best = 1.941668
Generation 0: Best fitness = 0.852689
Generation 50: Best fitness = 1.655004
Generation 100: Best fitness = 1.791248
Generation 150: Best fitness = 1.807764
Generation 200: Best fitness = 1.809015
Generation 250: Best fitness = 1.811056
Generation 300: Best fitness = 1.812109
Generation 350: Best fitness = 1.814394
Generation 400: Best fitness = 1.814797
Generation 450: Best fitness = 1.816123
Attempt 387: Current best = 1.941668
Generation 0: Best fitness = 0.866610
Generation 50: Best fitness = 1.615244
Generation 100: Best fitness = 1.733023
Generation 150: Best fitness = 1.746726
Generation 200: Best fitness = 1.749289
Generation 250: Best fitness = 1.752513
Generation 300: Best fitness = 1.753490
Generation 350: Best fitness = 1.753683
Generation 400: Best fitness = 1.757093
Generation 450: Best fitness = 1.759361
Attempt 388: Current best = 1.941668
Generation 0: Best fitness = 0.848616
Generation 50: Best fitness = 1.687503
Generation 100: Best fitness = 1.796134
Generation 150: Best fitness = 1.814066
Generation 200: Best fitness = 1.818555
Generation 250: Best fitness = 1.819728
Generation 300: Best fitness = 1.820850
Generation 350: Best fitness = 1.821257
Generation 400: Best fitness = 1.821497
Generation 450: Best fitness = 1.822413
Attempt 389: Current best = 1.941668
Generation 0: Best fitness = 0.862992
Generation 50: Best fitness = 1.667972
Generation 100: Best fitness = 1.790588
Generation 150: Best fitness = 1.804723
Generation 200: Best fitness = 1.808283
Generation 250: Best fitness = 1.813385
Generation 300: Best fitness = 1.814851
Generation 350: Best fitness = 1.815536
Generation 400: Best fitness = 1.816007
Generation 450: Best fitness = 1.816191
Attempt 390: Current best = 1.941668
Generation 0: Best fitness = 0.856817
Generation 50: Best fitness = 1.672845
Generation 100: Best fitness = 1.759283
Generation 150: Best fitness = 1.768662
Generation 200: Best fitness = 1.772632
Generation 250: Best fitness = 1.776842
Generation 300: Best fitness = 1.778230
Generation 350: Best fitness = 1.778820
Generation 400: Best fitness = 1.779072
Generation 450: Best fitness = 1.779072
Attempt 391: Current best = 1.941668
Generation 0: Best fitness = 0.862333
Generation 50: Best fitness = 1.621839
Generation 100: Best fitness = 1.736887
Generation 150: Best fitness = 1.750304
Generation 200: Best fitness = 1.754083
Generation 250: Best fitness = 1.755035
Generation 300: Best fitness = 1.755336
Generation 350: Best fitness = 1.756535
Generation 400: Best fitness = 1.757156
Generation 450: Best fitness = 1.764349
Attempt 392: Current best = 1.941668
Generation 0: Best fitness = 0.860024
Generation 50: Best fitness = 1.584470
Generation 100: Best fitness = 1.660344
Generation 150: Best fitness = 1.673248
Generation 200: Best fitness = 1.681296
Generation 250: Best fitness = 1.683534
Generation 300: Best fitness = 1.683655
Generation 350: Best fitness = 1.684375
Generation 400: Best fitness = 1.685346
Generation 450: Best fitness = 1.685419
Attempt 393: Current best = 1.941668
Generation 0: Best fitness = 0.847211
Generation 50: Best fitness = 1.610580
Generation 100: Best fitness = 1.722750
Generation 150: Best fitness = 1.736582
Generation 200: Best fitness = 1.740280
Generation 250: Best fitness = 1.742632
Generation 300: Best fitness = 1.743416
Generation 350: Best fitness = 1.744718
Generation 400: Best fitness = 1.747183
Generation 450: Best fitness = 1.747634
Attempt 394: Current best = 1.941668
Generation 0: Best fitness = 0.872875
Generation 50: Best fitness = 1.802788
Generation 100: Best fitness = 1.904071
Generation 150: Best fitness = 1.916404
Generation 200: Best fitness = 1.919213
Generation 250: Best fitness = 1.922020
Generation 300: Best fitness = 1.928940
Generation 350: Best fitness = 1.931417
Generation 400: Best fitness = 1.932935
Generation 450: Best fitness = 1.933660
Attempt 395: Current best = 1.941668
Generation 0: Best fitness = 0.854429
Generation 50: Best fitness = 1.726809
Generation 100: Best fitness = 1.825545
Generation 150: Best fitness = 1.851024
Generation 200: Best fitness = 1.858591
Generation 250: Best fitness = 1.861864
Generation 300: Best fitness = 1.876938
Generation 350: Best fitness = 1.879466
Generation 400: Best fitness = 1.879966
Generation 450: Best fitness = 1.881398
Attempt 396: Current best = 1.941668
Generation 0: Best fitness = 0.846577
Generation 50: Best fitness = 1.561015
Generation 100: Best fitness = 1.654902
Generation 150: Best fitness = 1.664859
Generation 200: Best fitness = 1.668942
Generation 250: Best fitness = 1.669485
Generation 300: Best fitness = 1.670786
Generation 350: Best fitness = 1.681032
Generation 400: Best fitness = 1.687204
Generation 450: Best fitness = 1.688249
Attempt 397: Current best = 1.941668
Generation 0: Best fitness = 0.858401
Generation 50: Best fitness = 1.633148
Generation 100: Best fitness = 1.777165
Generation 150: Best fitness = 1.792345
Generation 200: Best fitness = 1.798266
Generation 250: Best fitness = 1.798749
Generation 300: Best fitness = 1.798749
Generation 350: Best fitness = 1.803071
Generation 400: Best fitness = 1.803173
Generation 450: Best fitness = 1.803290
Attempt 398: Current best = 1.941668
Generation 0: Best fitness = 0.860172
Generation 50: Best fitness = 1.650569
Generation 100: Best fitness = 1.761015
Generation 150: Best fitness = 1.781557
Generation 200: Best fitness = 1.785547
Generation 250: Best fitness = 1.789199
Generation 300: Best fitness = 1.790328
Generation 350: Best fitness = 1.791526
Generation 400: Best fitness = 1.792318
Generation 450: Best fitness = 1.792567
Attempt 399: Current best = 1.941668
Generation 0: Best fitness = 0.857975
Generation 50: Best fitness = 1.562604
Generation 100: Best fitness = 1.735119
Generation 150: Best fitness = 1.747230
Generation 200: Best fitness = 1.750973
Generation 250: Best fitness = 1.752181
Generation 300: Best fitness = 1.753279
Generation 350: Best fitness = 1.753332
Generation 400: Best fitness = 1.753417
Generation 450: Best fitness = 1.753441
Attempt 400: Current best = 1.941668
Generation 0: Best fitness = 0.844626
Generation 50: Best fitness = 1.635459
Generation 100: Best fitness = 1.757412
Generation 150: Best fitness = 1.771621
Generation 200: Best fitness = 1.777762
Generation 250: Best fitness = 1.781452
Generation 300: Best fitness = 1.782057
Generation 350: Best fitness = 1.784112
Generation 400: Best fitness = 1.784435
Generation 450: Best fitness = 1.784708
Attempt 401: Current best = 1.941668
Generation 0: Best fitness = 0.857049
Generation 50: Best fitness = 1.593171
Generation 100: Best fitness = 1.711208
Generation 150: Best fitness = 1.716571
Generation 200: Best fitness = 1.720101
Generation 250: Best fitness = 1.720665
Generation 300: Best fitness = 1.722915
Generation 350: Best fitness = 1.723017
Generation 400: Best fitness = 1.723680
Generation 450: Best fitness = 1.724237
Attempt 402: Current best = 1.941668
Generation 0: Best fitness = 0.850831
Generation 50: Best fitness = 1.583235
Generation 100: Best fitness = 1.718247
Generation 150: Best fitness = 1.756506
Generation 200: Best fitness = 1.776239
Generation 250: Best fitness = 1.784444
Generation 300: Best fitness = 1.787415
Generation 350: Best fitness = 1.790511
Generation 400: Best fitness = 1.791320
Generation 450: Best fitness = 1.792198
Attempt 403: Current best = 1.941668
Generation 0: Best fitness = 0.854304
Generation 50: Best fitness = 1.711470
Generation 100: Best fitness = 1.808971
Generation 150: Best fitness = 1.816874
Generation 200: Best fitness = 1.819322
Generation 250: Best fitness = 1.821553
Generation 300: Best fitness = 1.821937
Generation 350: Best fitness = 1.822426
Generation 400: Best fitness = 1.824335
Generation 450: Best fitness = 1.824606
Attempt 404: Current best = 1.941668
Generation 0: Best fitness = 0.842975
Generation 50: Best fitness = 1.708877
Generation 100: Best fitness = 1.809691
Generation 150: Best fitness = 1.820422
Generation 200: Best fitness = 1.826810
Generation 250: Best fitness = 1.831081
Generation 300: Best fitness = 1.831755
Generation 350: Best fitness = 1.832606
Generation 400: Best fitness = 1.832707
Generation 450: Best fitness = 1.832821
Attempt 405: Current best = 1.941668
Generation 0: Best fitness = 0.848703
Generation 50: Best fitness = 1.628409
Generation 100: Best fitness = 1.745380
Generation 150: Best fitness = 1.753960
Generation 200: Best fitness = 1.754898
Generation 250: Best fitness = 1.756302
Generation 300: Best fitness = 1.757176
Generation 350: Best fitness = 1.761800
Generation 400: Best fitness = 1.764370
Generation 450: Best fitness = 1.770085
Attempt 406: Current best = 1.941668
Generation 0: Best fitness = 0.852130
Generation 50: Best fitness = 1.599080
Generation 100: Best fitness = 1.732080
Generation 150: Best fitness = 1.753948
Generation 200: Best fitness = 1.756119
Generation 250: Best fitness = 1.760560
Generation 300: Best fitness = 1.766353
Generation 350: Best fitness = 1.770125
Generation 400: Best fitness = 1.771237
Generation 450: Best fitness = 1.773045
Attempt 407: Current best = 1.941668
Generation 0: Best fitness = 0.849237
Generation 50: Best fitness = 1.723389
Generation 100: Best fitness = 1.819376
Generation 150: Best fitness = 1.827157
Generation 200: Best fitness = 1.829666
Generation 250: Best fitness = 1.832400
Generation 300: Best fitness = 1.833363
Generation 350: Best fitness = 1.833994
Generation 400: Best fitness = 1.834201
Generation 450: Best fitness = 1.839999
Attempt 408: Current best = 1.941668
Generation 0: Best fitness = 0.852590
Generation 50: Best fitness = 1.582823
Generation 100: Best fitness = 1.663423
Generation 150: Best fitness = 1.669969
Generation 200: Best fitness = 1.672525
Generation 250: Best fitness = 1.672922
Generation 300: Best fitness = 1.674324
Generation 350: Best fitness = 1.674679
Generation 400: Best fitness = 1.675008
Generation 450: Best fitness = 1.675888
Attempt 409: Current best = 1.941668
Generation 0: Best fitness = 0.871508
Generation 50: Best fitness = 1.588309
Generation 100: Best fitness = 1.734785
Generation 150: Best fitness = 1.746076
Generation 200: Best fitness = 1.750466
Generation 250: Best fitness = 1.751362
Generation 300: Best fitness = 1.752823
Generation 350: Best fitness = 1.753841
Generation 400: Best fitness = 1.754258
Generation 450: Best fitness = 1.754616
Attempt 410: Current best = 1.941668
Generation 0: Best fitness = 0.874194
Generation 50: Best fitness = 1.654366
Generation 100: Best fitness = 1.777101
Generation 150: Best fitness = 1.784439
Generation 200: Best fitness = 1.786138
Generation 250: Best fitness = 1.786741
Generation 300: Best fitness = 1.787244
Generation 350: Best fitness = 1.787551
Generation 400: Best fitness = 1.788906
Generation 450: Best fitness = 1.789579
Attempt 411: Current best = 1.941668
Generation 0: Best fitness = 0.847247
Generation 50: Best fitness = 1.624356
Generation 100: Best fitness = 1.752263
Generation 150: Best fitness = 1.768595
Generation 200: Best fitness = 1.772141
Generation 250: Best fitness = 1.774356
Generation 300: Best fitness = 1.775528
Generation 350: Best fitness = 1.776005
Generation 400: Best fitness = 1.776326
Generation 450: Best fitness = 1.776540
Attempt 412: Current best = 1.941668
Generation 0: Best fitness = 0.853788
Generation 50: Best fitness = 1.691128
Generation 100: Best fitness = 1.824034
Generation 150: Best fitness = 1.829552
Generation 200: Best fitness = 1.833592
Generation 250: Best fitness = 1.835074
Generation 300: Best fitness = 1.842349
Generation 350: Best fitness = 1.845627
Generation 400: Best fitness = 1.847300
Generation 450: Best fitness = 1.847781
Attempt 413: Current best = 1.941668
Generation 0: Best fitness = 0.852303
Generation 50: Best fitness = 1.713853
Generation 100: Best fitness = 1.766155
Generation 150: Best fitness = 1.772220
Generation 200: Best fitness = 1.776262
Generation 250: Best fitness = 1.776980
Generation 300: Best fitness = 1.785043
Generation 350: Best fitness = 1.786568
Generation 400: Best fitness = 1.787643
Generation 450: Best fitness = 1.787934
Attempt 414: Current best = 1.941668
Generation 0: Best fitness = 0.850818
Generation 50: Best fitness = 1.648136
Generation 100: Best fitness = 1.770469
Generation 150: Best fitness = 1.782833
Generation 200: Best fitness = 1.784080
Generation 250: Best fitness = 1.785245
Generation 300: Best fitness = 1.787569
Generation 350: Best fitness = 1.788783
Generation 400: Best fitness = 1.789956
Generation 450: Best fitness = 1.790687
Attempt 415: Current best = 1.941668
Generation 0: Best fitness = 0.855930
Generation 50: Best fitness = 1.601343
Generation 100: Best fitness = 1.768815
Generation 150: Best fitness = 1.799089
Generation 200: Best fitness = 1.811666
Generation 250: Best fitness = 1.814370
Generation 300: Best fitness = 1.817871
Generation 350: Best fitness = 1.819389
Generation 400: Best fitness = 1.819733
Generation 450: Best fitness = 1.820068
Attempt 416: Current best = 1.941668
Generation 0: Best fitness = 0.859221
Generation 50: Best fitness = 1.623569
Generation 100: Best fitness = 1.732600
Generation 150: Best fitness = 1.757695
Generation 200: Best fitness = 1.761409
Generation 250: Best fitness = 1.764221
Generation 300: Best fitness = 1.765125
Generation 350: Best fitness = 1.766188
Generation 400: Best fitness = 1.766773
Generation 450: Best fitness = 1.767194
Attempt 417: Current best = 1.941668
Generation 0: Best fitness = 0.847126
Generation 50: Best fitness = 1.722601
Generation 100: Best fitness = 1.829946
Generation 150: Best fitness = 1.844045
Generation 200: Best fitness = 1.844776
Generation 250: Best fitness = 1.851257
Generation 300: Best fitness = 1.852026
Generation 350: Best fitness = 1.852324
Generation 400: Best fitness = 1.853645
Generation 450: Best fitness = 1.853907
Attempt 418: Current best = 1.941668
Generation 0: Best fitness = 0.860592
Generation 50: Best fitness = 1.648287
Generation 100: Best fitness = 1.806238
Generation 150: Best fitness = 1.819328
Generation 200: Best fitness = 1.824676
Generation 250: Best fitness = 1.825428
Generation 300: Best fitness = 1.826996
Generation 350: Best fitness = 1.827461
Generation 400: Best fitness = 1.827853
Generation 450: Best fitness = 1.828120
Attempt 419: Current best = 1.941668
Generation 0: Best fitness = 0.850231
Generation 50: Best fitness = 1.624520
Generation 100: Best fitness = 1.715081
Generation 150: Best fitness = 1.719652
Generation 200: Best fitness = 1.720260
Generation 250: Best fitness = 1.720871
Generation 300: Best fitness = 1.721796
Generation 350: Best fitness = 1.722372
Generation 400: Best fitness = 1.722899
Generation 450: Best fitness = 1.722899
Attempt 420: Current best = 1.941668
Generation 0: Best fitness = 0.879703
Generation 50: Best fitness = 1.715861
Generation 100: Best fitness = 1.810365
Generation 150: Best fitness = 1.813890
Generation 200: Best fitness = 1.816880
Generation 250: Best fitness = 1.820995
Generation 300: Best fitness = 1.821786
Generation 350: Best fitness = 1.822035
Generation 400: Best fitness = 1.822128
Generation 450: Best fitness = 1.822324
Attempt 421: Current best = 1.941668
Generation 0: Best fitness = 0.860373
Generation 50: Best fitness = 1.621555
Generation 100: Best fitness = 1.731392
Generation 150: Best fitness = 1.745566
Generation 200: Best fitness = 1.751021
Generation 250: Best fitness = 1.752223
Generation 300: Best fitness = 1.753147
Generation 350: Best fitness = 1.753226
Generation 400: Best fitness = 1.753793
Generation 450: Best fitness = 1.754204
Attempt 422: Current best = 1.941668
Generation 0: Best fitness = 0.862223
Generation 50: Best fitness = 1.615397
Generation 100: Best fitness = 1.748325
Generation 150: Best fitness = 1.760362
Generation 200: Best fitness = 1.767630
Generation 250: Best fitness = 1.768401
Generation 300: Best fitness = 1.769117
Generation 350: Best fitness = 1.769441
Generation 400: Best fitness = 1.769805
Generation 450: Best fitness = 1.769859
Attempt 423: Current best = 1.941668
Generation 0: Best fitness = 0.849784
Generation 50: Best fitness = 1.605779
Generation 100: Best fitness = 1.777707
Generation 150: Best fitness = 1.804777
Generation 200: Best fitness = 1.810161
Generation 250: Best fitness = 1.818568
Generation 300: Best fitness = 1.820858
Generation 350: Best fitness = 1.822094
Generation 400: Best fitness = 1.823104
Generation 450: Best fitness = 1.823602
Attempt 424: Current best = 1.941668
Generation 0: Best fitness = 0.842954
Generation 50: Best fitness = 1.592662
Generation 100: Best fitness = 1.717848
Generation 150: Best fitness = 1.727511
Generation 200: Best fitness = 1.733267
Generation 250: Best fitness = 1.744830
Generation 300: Best fitness = 1.745463
Generation 350: Best fitness = 1.746850
Generation 400: Best fitness = 1.747146
Generation 450: Best fitness = 1.747807
Attempt 425: Current best = 1.941668
Generation 0: Best fitness = 0.858277
Generation 50: Best fitness = 1.649422
Generation 100: Best fitness = 1.777841
Generation 150: Best fitness = 1.791006
Generation 200: Best fitness = 1.792559
Generation 250: Best fitness = 1.794559
Generation 300: Best fitness = 1.797194
Generation 350: Best fitness = 1.797620
Generation 400: Best fitness = 1.797712
Generation 450: Best fitness = 1.798089
Attempt 426: Current best = 1.941668
Generation 0: Best fitness = 0.843199
Generation 50: Best fitness = 1.569774
Generation 100: Best fitness = 1.724591
Generation 150: Best fitness = 1.738696
Generation 200: Best fitness = 1.740314
Generation 250: Best fitness = 1.748082
Generation 300: Best fitness = 1.751690
Generation 350: Best fitness = 1.756323
Generation 400: Best fitness = 1.758064
Generation 450: Best fitness = 1.758095
Attempt 427: Current best = 1.941668
Generation 0: Best fitness = 0.864891
Generation 50: Best fitness = 1.698638
Generation 100: Best fitness = 1.800809
Generation 150: Best fitness = 1.812672
Generation 200: Best fitness = 1.818193
Generation 250: Best fitness = 1.819286
Generation 300: Best fitness = 1.819677
Generation 350: Best fitness = 1.820380
Generation 400: Best fitness = 1.821077
Generation 450: Best fitness = 1.821258
Attempt 428: Current best = 1.941668
Generation 0: Best fitness = 0.856374
Generation 50: Best fitness = 1.570856
Generation 100: Best fitness = 1.722846
Generation 150: Best fitness = 1.743603
Generation 200: Best fitness = 1.747920
Generation 250: Best fitness = 1.748380
Generation 300: Best fitness = 1.749515
Generation 350: Best fitness = 1.750203
Generation 400: Best fitness = 1.750259
Generation 450: Best fitness = 1.750447
Attempt 429: Current best = 1.941668
Generation 0: Best fitness = 0.846331
Generation 50: Best fitness = 1.601538
Generation 100: Best fitness = 1.705691
Generation 150: Best fitness = 1.718323
Generation 200: Best fitness = 1.728653
Generation 250: Best fitness = 1.736527
Generation 300: Best fitness = 1.738283
Generation 350: Best fitness = 1.740478
Generation 400: Best fitness = 1.741442
Generation 450: Best fitness = 1.742850
Attempt 430: Current best = 1.941668
Generation 0: Best fitness = 0.857516
Generation 50: Best fitness = 1.607909
Generation 100: Best fitness = 1.697959
Generation 150: Best fitness = 1.706319
Generation 200: Best fitness = 1.714035
Generation 250: Best fitness = 1.716355
Generation 300: Best fitness = 1.717036
Generation 350: Best fitness = 1.721723
Generation 400: Best fitness = 1.722678
Generation 450: Best fitness = 1.723675
Attempt 431: Current best = 1.941668
Generation 0: Best fitness = 0.864376
Generation 50: Best fitness = 1.630501
Generation 100: Best fitness = 1.764599
Generation 150: Best fitness = 1.777098
Generation 200: Best fitness = 1.778851
Generation 250: Best fitness = 1.780419
Generation 300: Best fitness = 1.784366
Generation 350: Best fitness = 1.784963
Generation 400: Best fitness = 1.786006
Generation 450: Best fitness = 1.786167
Attempt 432: Current best = 1.941668
Generation 0: Best fitness = 0.858130
Generation 50: Best fitness = 1.732128
Generation 100: Best fitness = 1.815243
Generation 150: Best fitness = 1.827685
Generation 200: Best fitness = 1.829230
Generation 250: Best fitness = 1.830902
Generation 300: Best fitness = 1.831785
Generation 350: Best fitness = 1.832108
Generation 400: Best fitness = 1.832488
Generation 450: Best fitness = 1.832787
Attempt 433: Current best = 1.941668
Generation 0: Best fitness = 0.868951
Generation 50: Best fitness = 1.733948
Generation 100: Best fitness = 1.847350
Generation 150: Best fitness = 1.853616
Generation 200: Best fitness = 1.860053
Generation 250: Best fitness = 1.861207
Generation 300: Best fitness = 1.862405
Generation 350: Best fitness = 1.862602
Generation 400: Best fitness = 1.862952
Generation 450: Best fitness = 1.863399
Attempt 434: Current best = 1.941668
Generation 0: Best fitness = 0.842142
Generation 50: Best fitness = 1.646040
Generation 100: Best fitness = 1.732930
Generation 150: Best fitness = 1.741660
Generation 200: Best fitness = 1.744466
Generation 250: Best fitness = 1.745100
Generation 300: Best fitness = 1.746207
Generation 350: Best fitness = 1.746577
Generation 400: Best fitness = 1.746828
Generation 450: Best fitness = 1.747429
Attempt 435: Current best = 1.941668
Generation 0: Best fitness = 0.844944
Generation 50: Best fitness = 1.515534
Generation 100: Best fitness = 1.609162
Generation 150: Best fitness = 1.620955
Generation 200: Best fitness = 1.625566
Generation 250: Best fitness = 1.627197
Generation 300: Best fitness = 1.627697
Generation 350: Best fitness = 1.628971
Generation 400: Best fitness = 1.629430
Generation 450: Best fitness = 1.629436
Attempt 436: Current best = 1.941668
Generation 0: Best fitness = 0.845981
Generation 50: Best fitness = 1.623048
Generation 100: Best fitness = 1.705918
Generation 150: Best fitness = 1.715313
Generation 200: Best fitness = 1.718179
Generation 250: Best fitness = 1.719550
Generation 300: Best fitness = 1.721218
Generation 350: Best fitness = 1.721866
Generation 400: Best fitness = 1.721960
Generation 450: Best fitness = 1.722121
Attempt 437: Current best = 1.941668
Generation 0: Best fitness = 0.860642
Generation 50: Best fitness = 1.632762
Generation 100: Best fitness = 1.742663
Generation 150: Best fitness = 1.755450
Generation 200: Best fitness = 1.758506
Generation 250: Best fitness = 1.760632
Generation 300: Best fitness = 1.761659
Generation 350: Best fitness = 1.761659
Generation 400: Best fitness = 1.762711
Generation 450: Best fitness = 1.762968
Attempt 438: Current best = 1.941668
Generation 0: Best fitness = 0.855348
Generation 50: Best fitness = 1.626258
Generation 100: Best fitness = 1.694790
Generation 150: Best fitness = 1.702596
Generation 200: Best fitness = 1.704993
Generation 250: Best fitness = 1.706576
Generation 300: Best fitness = 1.707036
Generation 350: Best fitness = 1.707216
Generation 400: Best fitness = 1.707406
Generation 450: Best fitness = 1.707501
Attempt 439: Current best = 1.941668
Generation 0: Best fitness = 0.873661
Generation 50: Best fitness = 1.607709
Generation 100: Best fitness = 1.769205
Generation 150: Best fitness = 1.795178
Generation 200: Best fitness = 1.797065
Generation 250: Best fitness = 1.799797
Generation 300: Best fitness = 1.800699
Generation 350: Best fitness = 1.801307
Generation 400: Best fitness = 1.801660
Generation 450: Best fitness = 1.801660
Attempt 440: Current best = 1.941668
Generation 0: Best fitness = 0.863822
Generation 50: Best fitness = 1.635087
Generation 100: Best fitness = 1.724440
Generation 150: Best fitness = 1.737761
Generation 200: Best fitness = 1.745625
Generation 250: Best fitness = 1.748284
Generation 300: Best fitness = 1.756527
Generation 350: Best fitness = 1.760223
Generation 400: Best fitness = 1.760435
Generation 450: Best fitness = 1.760580
Attempt 441: Current best = 1.941668
Generation 0: Best fitness = 0.867792
Generation 50: Best fitness = 1.680031
Generation 100: Best fitness = 1.776490
Generation 150: Best fitness = 1.779384
Generation 200: Best fitness = 1.787295
Generation 250: Best fitness = 1.791109
Generation 300: Best fitness = 1.792473
Generation 350: Best fitness = 1.794102
Generation 400: Best fitness = 1.794876
Generation 450: Best fitness = 1.794876
Attempt 442: Current best = 1.941668
Generation 0: Best fitness = 0.853190
Generation 50: Best fitness = 1.569399
Generation 100: Best fitness = 1.726168
Generation 150: Best fitness = 1.738979
Generation 200: Best fitness = 1.745104
Generation 250: Best fitness = 1.746950
Generation 300: Best fitness = 1.747021
Generation 350: Best fitness = 1.747509
Generation 400: Best fitness = 1.748876
Generation 450: Best fitness = 1.749218
Attempt 443: Current best = 1.941668
Generation 0: Best fitness = 0.859333
Generation 50: Best fitness = 1.626707
Generation 100: Best fitness = 1.757839
Generation 150: Best fitness = 1.764329
Generation 200: Best fitness = 1.768100
Generation 250: Best fitness = 1.771318
Generation 300: Best fitness = 1.773636
Generation 350: Best fitness = 1.774879
Generation 400: Best fitness = 1.775468
Generation 450: Best fitness = 1.775600
Attempt 444: Current best = 1.941668
Generation 0: Best fitness = 0.864083
Generation 50: Best fitness = 1.665750
Generation 100: Best fitness = 1.819179
Generation 150: Best fitness = 1.852179
Generation 200: Best fitness = 1.858086
Generation 250: Best fitness = 1.861078
Generation 300: Best fitness = 1.861635
Generation 350: Best fitness = 1.869002
Generation 400: Best fitness = 1.869564
Generation 450: Best fitness = 1.870150
Attempt 445: Current best = 1.941668
Generation 0: Best fitness = 0.853380
Generation 50: Best fitness = 1.618313
Generation 100: Best fitness = 1.719304
Generation 150: Best fitness = 1.723815
Generation 200: Best fitness = 1.726708
Generation 250: Best fitness = 1.729475
Generation 300: Best fitness = 1.730143
Generation 350: Best fitness = 1.731266
Generation 400: Best fitness = 1.731268
Generation 450: Best fitness = 1.731605
Attempt 446: Current best = 1.941668
Generation 0: Best fitness = 0.855111
Generation 50: Best fitness = 1.671294
Generation 100: Best fitness = 1.802034
Generation 150: Best fitness = 1.809135
Generation 200: Best fitness = 1.814713
Generation 250: Best fitness = 1.818311
Generation 300: Best fitness = 1.818972
Generation 350: Best fitness = 1.819018
Generation 400: Best fitness = 1.819836
Generation 450: Best fitness = 1.820155
Attempt 447: Current best = 1.941668
Generation 0: Best fitness = 0.873532
Generation 50: Best fitness = 1.636233
Generation 100: Best fitness = 1.760307
Generation 150: Best fitness = 1.775340
Generation 200: Best fitness = 1.781898
Generation 250: Best fitness = 1.785441
Generation 300: Best fitness = 1.786768
Generation 350: Best fitness = 1.787797
Generation 400: Best fitness = 1.788631
Generation 450: Best fitness = 1.789437
Attempt 448: Current best = 1.941668
Generation 0: Best fitness = 0.858368
Generation 50: Best fitness = 1.586607
Generation 100: Best fitness = 1.744253
Generation 150: Best fitness = 1.755543
Generation 200: Best fitness = 1.757923
Generation 250: Best fitness = 1.758764
Generation 300: Best fitness = 1.759258
Generation 350: Best fitness = 1.759481
Generation 400: Best fitness = 1.760429
Generation 450: Best fitness = 1.760899
Attempt 449: Current best = 1.941668
Generation 0: Best fitness = 0.852263
Generation 50: Best fitness = 1.666095
Generation 100: Best fitness = 1.834820
Generation 150: Best fitness = 1.851610
Generation 200: Best fitness = 1.855305
Generation 250: Best fitness = 1.856832
Generation 300: Best fitness = 1.857535
Generation 350: Best fitness = 1.858630
Generation 400: Best fitness = 1.859308
Generation 450: Best fitness = 1.859954
Attempt 450: Current best = 1.941668
Generation 0: Best fitness = 0.850659
Generation 50: Best fitness = 1.570627
Generation 100: Best fitness = 1.723861
Generation 150: Best fitness = 1.744733
Generation 200: Best fitness = 1.747824
Generation 250: Best fitness = 1.749023
Generation 300: Best fitness = 1.749630
Generation 350: Best fitness = 1.750888
Generation 400: Best fitness = 1.752482
Generation 450: Best fitness = 1.752549
Attempt 451: Current best = 1.941668
Generation 0: Best fitness = 0.864527
Generation 50: Best fitness = 1.609812
Generation 100: Best fitness = 1.745231
Generation 150: Best fitness = 1.762066
Generation 200: Best fitness = 1.766071
Generation 250: Best fitness = 1.776010
Generation 300: Best fitness = 1.776974
Generation 350: Best fitness = 1.777182
Generation 400: Best fitness = 1.778102
Generation 450: Best fitness = 1.778760
Attempt 452: Current best = 1.941668
Generation 0: Best fitness = 0.852739
Generation 50: Best fitness = 1.562654
Generation 100: Best fitness = 1.725223
Generation 150: Best fitness = 1.743319
Generation 200: Best fitness = 1.749095
Generation 250: Best fitness = 1.751868
Generation 300: Best fitness = 1.753081
Generation 350: Best fitness = 1.753838
Generation 400: Best fitness = 1.754397
Generation 450: Best fitness = 1.754478
Attempt 453: Current best = 1.941668
Generation 0: Best fitness = 0.861266
Generation 50: Best fitness = 1.677761
Generation 100: Best fitness = 1.832240
Generation 150: Best fitness = 1.858248
Generation 200: Best fitness = 1.864213
Generation 250: Best fitness = 1.866537
Generation 300: Best fitness = 1.868693
Generation 350: Best fitness = 1.869770
Generation 400: Best fitness = 1.870424
Generation 450: Best fitness = 1.870660
Attempt 454: Current best = 1.941668
Generation 0: Best fitness = 0.862385
Generation 50: Best fitness = 1.600940
Generation 100: Best fitness = 1.710217
Generation 150: Best fitness = 1.720437
Generation 200: Best fitness = 1.722457
Generation 250: Best fitness = 1.723188
Generation 300: Best fitness = 1.724246
Generation 350: Best fitness = 1.724888
Generation 400: Best fitness = 1.725165
Generation 450: Best fitness = 1.725853
Attempt 455: Current best = 1.941668
Generation 0: Best fitness = 0.848641
Generation 50: Best fitness = 1.551347
Generation 100: Best fitness = 1.729270
Generation 150: Best fitness = 1.747528
Generation 200: Best fitness = 1.751471
Generation 250: Best fitness = 1.753096
Generation 300: Best fitness = 1.754035
Generation 350: Best fitness = 1.754462
Generation 400: Best fitness = 1.756116
Generation 450: Best fitness = 1.756137
Attempt 456: Current best = 1.941668
Generation 0: Best fitness = 0.854568
Generation 50: Best fitness = 1.633431
Generation 100: Best fitness = 1.722009
Generation 150: Best fitness = 1.734501
Generation 200: Best fitness = 1.740774
Generation 250: Best fitness = 1.742248
Generation 300: Best fitness = 1.742989
Generation 350: Best fitness = 1.744205
Generation 400: Best fitness = 1.745521
Generation 450: Best fitness = 1.750016
Attempt 457: Current best = 1.941668
Generation 0: Best fitness = 0.855734
Generation 50: Best fitness = 1.602484
Generation 100: Best fitness = 1.722270
Generation 150: Best fitness = 1.732139
Generation 200: Best fitness = 1.736848
Generation 250: Best fitness = 1.740256
Generation 300: Best fitness = 1.741938
Generation 350: Best fitness = 1.742756
Generation 400: Best fitness = 1.742804
Generation 450: Best fitness = 1.743165
Attempt 458: Current best = 1.941668
Generation 0: Best fitness = 0.854777
Generation 50: Best fitness = 1.610839
Generation 100: Best fitness = 1.713580
Generation 150: Best fitness = 1.734340
Generation 200: Best fitness = 1.737561
Generation 250: Best fitness = 1.738942
Generation 300: Best fitness = 1.739753
Generation 350: Best fitness = 1.740375
Generation 400: Best fitness = 1.741190
Generation 450: Best fitness = 1.741193
Attempt 459: Current best = 1.941668
Generation 0: Best fitness = 0.854623
Generation 50: Best fitness = 1.653368
Generation 100: Best fitness = 1.811102
Generation 150: Best fitness = 1.829284
Generation 200: Best fitness = 1.834663
Generation 250: Best fitness = 1.836287
Generation 300: Best fitness = 1.836739
Generation 350: Best fitness = 1.838102
Generation 400: Best fitness = 1.838401
Generation 450: Best fitness = 1.838446
Attempt 460: Current best = 1.941668
Generation 0: Best fitness = 0.846499
Generation 50: Best fitness = 1.669422
Generation 100: Best fitness = 1.798248
Generation 150: Best fitness = 1.811738
Generation 200: Best fitness = 1.817357
Generation 250: Best fitness = 1.817905
Generation 300: Best fitness = 1.818978
Generation 350: Best fitness = 1.819392
Generation 400: Best fitness = 1.820167
Generation 450: Best fitness = 1.820167
Attempt 461: Current best = 1.941668
Generation 0: Best fitness = 0.858181
Generation 50: Best fitness = 1.592924
Generation 100: Best fitness = 1.693498
Generation 150: Best fitness = 1.701684
Generation 200: Best fitness = 1.704355
Generation 250: Best fitness = 1.705398
Generation 300: Best fitness = 1.706270
Generation 350: Best fitness = 1.706797
Generation 400: Best fitness = 1.707239
Generation 450: Best fitness = 1.708098
Attempt 462: Current best = 1.941668
Generation 0: Best fitness = 0.854451
Generation 50: Best fitness = 1.637072
Generation 100: Best fitness = 1.731353
Generation 150: Best fitness = 1.747991
Generation 200: Best fitness = 1.751160
Generation 250: Best fitness = 1.752698
Generation 300: Best fitness = 1.758427
Generation 350: Best fitness = 1.758919
Generation 400: Best fitness = 1.758976
Generation 450: Best fitness = 1.759209
Attempt 463: Current best = 1.941668
Generation 0: Best fitness = 0.869834
Generation 50: Best fitness = 1.624202
Generation 100: Best fitness = 1.762338
Generation 150: Best fitness = 1.768289
Generation 200: Best fitness = 1.771285
Generation 250: Best fitness = 1.772770
Generation 300: Best fitness = 1.772894
Generation 350: Best fitness = 1.773318
Generation 400: Best fitness = 1.773505
Generation 450: Best fitness = 1.773907
Attempt 464: Current best = 1.941668
Generation 0: Best fitness = 0.854338
Generation 50: Best fitness = 1.609012
Generation 100: Best fitness = 1.733567
Generation 150: Best fitness = 1.756897
Generation 200: Best fitness = 1.763607
Generation 250: Best fitness = 1.766880
Generation 300: Best fitness = 1.767487
Generation 350: Best fitness = 1.767969
Generation 400: Best fitness = 1.771019
Generation 450: Best fitness = 1.771219
Attempt 465: Current best = 1.941668
Generation 0: Best fitness = 0.852517
Generation 50: Best fitness = 1.680791
Generation 100: Best fitness = 1.785586
Generation 150: Best fitness = 1.801238
Generation 200: Best fitness = 1.804894
Generation 250: Best fitness = 1.805580
Generation 300: Best fitness = 1.807346
Generation 350: Best fitness = 1.808304
Generation 400: Best fitness = 1.808439
Generation 450: Best fitness = 1.811670
Attempt 466: Current best = 1.941668
Generation 0: Best fitness = 0.857924
Generation 50: Best fitness = 1.595088
Generation 100: Best fitness = 1.698200
Generation 150: Best fitness = 1.708836
Generation 200: Best fitness = 1.711701
Generation 250: Best fitness = 1.715191
Generation 300: Best fitness = 1.716884
Generation 350: Best fitness = 1.718440
Generation 400: Best fitness = 1.718678
Generation 450: Best fitness = 1.719209
Attempt 467: Current best = 1.941668
Generation 0: Best fitness = 0.862118
Generation 50: Best fitness = 1.685272
Generation 100: Best fitness = 1.757862
Generation 150: Best fitness = 1.762202
Generation 200: Best fitness = 1.765375
Generation 250: Best fitness = 1.765879
Generation 300: Best fitness = 1.767080
Generation 350: Best fitness = 1.767593
Generation 400: Best fitness = 1.767906
Generation 450: Best fitness = 1.768175
Attempt 468: Current best = 1.941668
Generation 0: Best fitness = 0.857261
Generation 50: Best fitness = 1.597669
Generation 100: Best fitness = 1.728436
Generation 150: Best fitness = 1.738445
Generation 200: Best fitness = 1.740649
Generation 250: Best fitness = 1.742614
Generation 300: Best fitness = 1.743421
Generation 350: Best fitness = 1.743558
Generation 400: Best fitness = 1.743787
Generation 450: Best fitness = 1.744038
Attempt 469: Current best = 1.941668
Generation 0: Best fitness = 0.859564
Generation 50: Best fitness = 1.584027
Generation 100: Best fitness = 1.744267
Generation 150: Best fitness = 1.754761
Generation 200: Best fitness = 1.757397
Generation 250: Best fitness = 1.758447
Generation 300: Best fitness = 1.758602
Generation 350: Best fitness = 1.759158
Generation 400: Best fitness = 1.759466
Generation 450: Best fitness = 1.759849
Attempt 470: Current best = 1.941668
Generation 0: Best fitness = 0.856616
Generation 50: Best fitness = 1.642179
Generation 100: Best fitness = 1.770048
Generation 150: Best fitness = 1.820130
Generation 200: Best fitness = 1.826932
Generation 250: Best fitness = 1.829388
Generation 300: Best fitness = 1.831873
Generation 350: Best fitness = 1.834271
Generation 400: Best fitness = 1.834810
Generation 450: Best fitness = 1.835376
Attempt 471: Current best = 1.941668
Generation 0: Best fitness = 0.839945
Generation 50: Best fitness = 1.593209
Generation 100: Best fitness = 1.659498
Generation 150: Best fitness = 1.665895
Generation 200: Best fitness = 1.667690
Generation 250: Best fitness = 1.669048
Generation 300: Best fitness = 1.670727
Generation 350: Best fitness = 1.670932
Generation 400: Best fitness = 1.671489
Generation 450: Best fitness = 1.671612
Attempt 472: Current best = 1.941668
Generation 0: Best fitness = 0.842489
Generation 50: Best fitness = 1.588973
Generation 100: Best fitness = 1.748068
Generation 150: Best fitness = 1.757632
Generation 200: Best fitness = 1.761829
Generation 250: Best fitness = 1.763622
Generation 300: Best fitness = 1.765686
Generation 350: Best fitness = 1.766073
Generation 400: Best fitness = 1.766193
Generation 450: Best fitness = 1.767028
Attempt 473: Current best = 1.941668
Generation 0: Best fitness = 0.856713
Generation 50: Best fitness = 1.660300
Generation 100: Best fitness = 1.747464
Generation 150: Best fitness = 1.759704
Generation 200: Best fitness = 1.766070
Generation 250: Best fitness = 1.776198
Generation 300: Best fitness = 1.790343
Generation 350: Best fitness = 1.791645
Generation 400: Best fitness = 1.792097
Generation 450: Best fitness = 1.793269
Attempt 474: Current best = 1.941668
Generation 0: Best fitness = 0.862226
Generation 50: Best fitness = 1.607372
Generation 100: Best fitness = 1.735734
Generation 150: Best fitness = 1.746437
Generation 200: Best fitness = 1.749864
Generation 250: Best fitness = 1.749922
Generation 300: Best fitness = 1.751880
Generation 350: Best fitness = 1.752396
Generation 400: Best fitness = 1.756037
Generation 450: Best fitness = 1.756037
Attempt 475: Current best = 1.941668
Generation 0: Best fitness = 0.850564
Generation 50: Best fitness = 1.703453
Generation 100: Best fitness = 1.771049
Generation 150: Best fitness = 1.781562
Generation 200: Best fitness = 1.784950
Generation 250: Best fitness = 1.787661
Generation 300: Best fitness = 1.788822
Generation 350: Best fitness = 1.789022
Generation 400: Best fitness = 1.790089
Generation 450: Best fitness = 1.791079
Attempt 476: Current best = 1.941668
Generation 0: Best fitness = 0.849447
Generation 50: Best fitness = 1.599709
Generation 100: Best fitness = 1.659493
Generation 150: Best fitness = 1.671264
Generation 200: Best fitness = 1.673759
Generation 250: Best fitness = 1.676464
Generation 300: Best fitness = 1.677363
Generation 350: Best fitness = 1.677829
Generation 400: Best fitness = 1.678370
Generation 450: Best fitness = 1.679009
Attempt 477: Current best = 1.941668
Generation 0: Best fitness = 0.861415
Generation 50: Best fitness = 1.605341
Generation 100: Best fitness = 1.772631
Generation 150: Best fitness = 1.781700
Generation 200: Best fitness = 1.785549
Generation 250: Best fitness = 1.787765
Generation 300: Best fitness = 1.788170
Generation 350: Best fitness = 1.788657
Generation 400: Best fitness = 1.789116
Generation 450: Best fitness = 1.789681
Attempt 478: Current best = 1.941668
Generation 0: Best fitness = 0.856450
Generation 50: Best fitness = 1.647338
Generation 100: Best fitness = 1.748482
Generation 150: Best fitness = 1.770449
Generation 200: Best fitness = 1.776731
Generation 250: Best fitness = 1.778497
Generation 300: Best fitness = 1.779035
Generation 350: Best fitness = 1.780018
Generation 400: Best fitness = 1.780084
Generation 450: Best fitness = 1.780563
Attempt 479: Current best = 1.941668
Generation 0: Best fitness = 0.857441
Generation 50: Best fitness = 1.566658
Generation 100: Best fitness = 1.704755
Generation 150: Best fitness = 1.719075
Generation 200: Best fitness = 1.727879
Generation 250: Best fitness = 1.730643
Generation 300: Best fitness = 1.731332
Generation 350: Best fitness = 1.731868
Generation 400: Best fitness = 1.732031
Generation 450: Best fitness = 1.732031
Attempt 480: Current best = 1.941668
Generation 0: Best fitness = 0.845625
Generation 50: Best fitness = 1.646657
Generation 100: Best fitness = 1.790603
Generation 150: Best fitness = 1.803923
Generation 200: Best fitness = 1.808848
Generation 250: Best fitness = 1.809581
Generation 300: Best fitness = 1.810107
Generation 350: Best fitness = 1.810625
Generation 400: Best fitness = 1.811176
Generation 450: Best fitness = 1.811889
Attempt 481: Current best = 1.941668
Generation 0: Best fitness = 0.857305
Generation 50: Best fitness = 1.637812
Generation 100: Best fitness = 1.788839
Generation 150: Best fitness = 1.804756
Generation 200: Best fitness = 1.807756
Generation 250: Best fitness = 1.809415
Generation 300: Best fitness = 1.810507
Generation 350: Best fitness = 1.812205
Generation 400: Best fitness = 1.815625
Generation 450: Best fitness = 1.815662
Attempt 482: Current best = 1.941668
Generation 0: Best fitness = 0.845916
Generation 50: Best fitness = 1.667045
Generation 100: Best fitness = 1.776361
Generation 150: Best fitness = 1.783587
Generation 200: Best fitness = 1.786385
Generation 250: Best fitness = 1.787700
Generation 300: Best fitness = 1.788077
Generation 350: Best fitness = 1.789168
Generation 400: Best fitness = 1.790783
Generation 450: Best fitness = 1.790809
Attempt 483: Current best = 1.941668
Generation 0: Best fitness = 0.860332
Generation 50: Best fitness = 1.681606
Generation 100: Best fitness = 1.782063
Generation 150: Best fitness = 1.792780
Generation 200: Best fitness = 1.796949
Generation 250: Best fitness = 1.797474
Generation 300: Best fitness = 1.798559
Generation 350: Best fitness = 1.799072
Generation 400: Best fitness = 1.799096
Generation 450: Best fitness = 1.799817
Attempt 484: Current best = 1.941668
Generation 0: Best fitness = 0.859468
Generation 50: Best fitness = 1.665998
Generation 100: Best fitness = 1.800330
Generation 150: Best fitness = 1.811712
Generation 200: Best fitness = 1.815035
Generation 250: Best fitness = 1.816205
Generation 300: Best fitness = 1.816791
Generation 350: Best fitness = 1.817890
Generation 400: Best fitness = 1.817940
Generation 450: Best fitness = 1.818471
Attempt 485: Current best = 1.941668
Generation 0: Best fitness = 0.863297
Generation 50: Best fitness = 1.668990
Generation 100: Best fitness = 1.819096
Generation 150: Best fitness = 1.828545
Generation 200: Best fitness = 1.836653
Generation 250: Best fitness = 1.839976
Generation 300: Best fitness = 1.843381
Generation 350: Best fitness = 1.843546
Generation 400: Best fitness = 1.843787
Generation 450: Best fitness = 1.843825
Attempt 486: Current best = 1.941668
Generation 0: Best fitness = 0.870988
Generation 50: Best fitness = 1.670152
Generation 100: Best fitness = 1.877971
Generation 150: Best fitness = 1.893080
Generation 200: Best fitness = 1.895866
Generation 250: Best fitness = 1.899876
Generation 300: Best fitness = 1.901520
Generation 350: Best fitness = 1.902850
Generation 400: Best fitness = 1.903032
Generation 450: Best fitness = 1.903319
Attempt 487: Current best = 1.941668
Generation 0: Best fitness = 0.850141
Generation 50: Best fitness = 1.637202
Generation 100: Best fitness = 1.723960
Generation 150: Best fitness = 1.728678
Generation 200: Best fitness = 1.733436
Generation 250: Best fitness = 1.735270
Generation 300: Best fitness = 1.737108
Generation 350: Best fitness = 1.737831
Generation 400: Best fitness = 1.738243
Generation 450: Best fitness = 1.738838
Attempt 488: Current best = 1.941668
Generation 0: Best fitness = 0.876087
Generation 50: Best fitness = 1.645167
Generation 100: Best fitness = 1.728846
Generation 150: Best fitness = 1.736352
Generation 200: Best fitness = 1.736972
Generation 250: Best fitness = 1.738627
Generation 300: Best fitness = 1.740893
Generation 350: Best fitness = 1.741328
Generation 400: Best fitness = 1.741855
Generation 450: Best fitness = 1.743993
Attempt 489: Current best = 1.941668
Generation 0: Best fitness = 0.852828
Generation 50: Best fitness = 1.678358
Generation 100: Best fitness = 1.847455
Generation 150: Best fitness = 1.860587
Generation 200: Best fitness = 1.863425
Generation 250: Best fitness = 1.865794
Generation 300: Best fitness = 1.867747
Generation 350: Best fitness = 1.868186
Generation 400: Best fitness = 1.868641
Generation 450: Best fitness = 1.868853
Attempt 490: Current best = 1.941668
Generation 0: Best fitness = 0.857717
Generation 50: Best fitness = 1.630748
Generation 100: Best fitness = 1.740665
Generation 150: Best fitness = 1.757396
Generation 200: Best fitness = 1.763577
Generation 250: Best fitness = 1.764286
Generation 300: Best fitness = 1.767093
Generation 350: Best fitness = 1.767103
Generation 400: Best fitness = 1.774006
Generation 450: Best fitness = 1.779330
Attempt 491: Current best = 1.941668
Generation 0: Best fitness = 0.848175
Generation 50: Best fitness = 1.595003
Generation 100: Best fitness = 1.721291
Generation 150: Best fitness = 1.740355
Generation 200: Best fitness = 1.744575
Generation 250: Best fitness = 1.745280
Generation 300: Best fitness = 1.745958
Generation 350: Best fitness = 1.750147
Generation 400: Best fitness = 1.758313
Generation 450: Best fitness = 1.763017
Attempt 492: Current best = 1.941668
Generation 0: Best fitness = 0.849676
Generation 50: Best fitness = 1.614860
Generation 100: Best fitness = 1.731395
Generation 150: Best fitness = 1.746237
Generation 200: Best fitness = 1.749948
Generation 250: Best fitness = 1.751917
Generation 300: Best fitness = 1.752875
Generation 350: Best fitness = 1.753200
Generation 400: Best fitness = 1.753348
Generation 450: Best fitness = 1.753388
Attempt 493: Current best = 1.941668
Generation 0: Best fitness = 0.873089
Generation 50: Best fitness = 1.628148
Generation 100: Best fitness = 1.741418
Generation 150: Best fitness = 1.753275
Generation 200: Best fitness = 1.756268
Generation 250: Best fitness = 1.757455
Generation 300: Best fitness = 1.757720
Generation 350: Best fitness = 1.758456
Generation 400: Best fitness = 1.758677
Generation 450: Best fitness = 1.758839
Attempt 494: Current best = 1.941668
Generation 0: Best fitness = 0.858605
Generation 50: Best fitness = 1.657945
Generation 100: Best fitness = 1.807098
Generation 150: Best fitness = 1.845835
Generation 200: Best fitness = 1.881312
Generation 250: Best fitness = 1.889905
Generation 300: Best fitness = 1.892002
Generation 350: Best fitness = 1.893663
Generation 400: Best fitness = 1.900488
Generation 450: Best fitness = 1.900858
Attempt 495: Current best = 1.941668
Generation 0: Best fitness = 0.856736
Generation 50: Best fitness = 1.641962
Generation 100: Best fitness = 1.784620
Generation 150: Best fitness = 1.798989
Generation 200: Best fitness = 1.806297
Generation 250: Best fitness = 1.806698
Generation 300: Best fitness = 1.807517
Generation 350: Best fitness = 1.808272
Generation 400: Best fitness = 1.808282
Generation 450: Best fitness = 1.808433
Attempt 496: Current best = 1.941668
Generation 0: Best fitness = 0.848191
Generation 50: Best fitness = 1.632086
Generation 100: Best fitness = 1.729359
Generation 150: Best fitness = 1.751871
Generation 200: Best fitness = 1.759602
Generation 250: Best fitness = 1.764232
Generation 300: Best fitness = 1.765077
Generation 350: Best fitness = 1.765944
Generation 400: Best fitness = 1.766407
Generation 450: Best fitness = 1.766407
Attempt 497: Current best = 1.941668
Generation 0: Best fitness = 0.854497
Generation 50: Best fitness = 1.671014
Generation 100: Best fitness = 1.750217
Generation 150: Best fitness = 1.758132
Generation 200: Best fitness = 1.761253
Generation 250: Best fitness = 1.762978
Generation 300: Best fitness = 1.765199
Generation 350: Best fitness = 1.767153
Generation 400: Best fitness = 1.768241
Generation 450: Best fitness = 1.768450
Attempt 498: Current best = 1.941668
Generation 0: Best fitness = 0.848540
Generation 50: Best fitness = 1.624309
Generation 100: Best fitness = 1.719539
Generation 150: Best fitness = 1.734073
Generation 200: Best fitness = 1.737378
Generation 250: Best fitness = 1.739276
Generation 300: Best fitness = 1.740038
Generation 350: Best fitness = 1.740148
Generation 400: Best fitness = 1.740520
Generation 450: Best fitness = 1.740697
Attempt 499: Current best = 1.941668
Generation 0: Best fitness = 0.847661
Generation 50: Best fitness = 1.666765
Generation 100: Best fitness = 1.754551
Generation 150: Best fitness = 1.767811
Generation 200: Best fitness = 1.774296
Generation 250: Best fitness = 1.776052
Generation 300: Best fitness = 1.776966
Generation 350: Best fitness = 1.777194
Generation 400: Best fitness = 1.777748
Generation 450: Best fitness = 1.777809
Attempt 500: Current best = 1.941668
Generation 0: Best fitness = 0.867718
Generation 50: Best fitness = 1.654741
Generation 100: Best fitness = 1.778485
Generation 150: Best fitness = 1.792914
Generation 200: Best fitness = 1.798223
Generation 250: Best fitness = 1.801933
Generation 300: Best fitness = 1.802404
Generation 350: Best fitness = 1.802713
Generation 400: Best fitness = 1.803193
Generation 450: Best fitness = 1.803298
Attempt 501: Current best = 1.941668
Generation 0: Best fitness = 0.872946
Generation 50: Best fitness = 1.607819
Generation 100: Best fitness = 1.771874
Generation 150: Best fitness = 1.785901
Generation 200: Best fitness = 1.790026
Generation 250: Best fitness = 1.791139
Generation 300: Best fitness = 1.791874
Generation 350: Best fitness = 1.792592
Generation 400: Best fitness = 1.792699
Generation 450: Best fitness = 1.792909
Attempt 502: Current best = 1.941668
Generation 0: Best fitness = 0.849382
Generation 50: Best fitness = 1.579104
Generation 100: Best fitness = 1.740384
Generation 150: Best fitness = 1.757441
Generation 200: Best fitness = 1.759014
Generation 250: Best fitness = 1.760039
Generation 300: Best fitness = 1.760114
Generation 350: Best fitness = 1.761297
Generation 400: Best fitness = 1.761460
Generation 450: Best fitness = 1.761496
Attempt 503: Current best = 1.941668
Generation 0: Best fitness = 0.853123
Generation 50: Best fitness = 1.657583
Generation 100: Best fitness = 1.770798
Generation 150: Best fitness = 1.785046
Generation 200: Best fitness = 1.789790
Generation 250: Best fitness = 1.791338
Generation 300: Best fitness = 1.792104
Generation 350: Best fitness = 1.793683
Generation 400: Best fitness = 1.793948
Generation 450: Best fitness = 1.795038
Attempt 504: Current best = 1.941668
Generation 0: Best fitness = 0.865597
Generation 50: Best fitness = 1.691754
Generation 100: Best fitness = 1.789770
Generation 150: Best fitness = 1.802255
Generation 200: Best fitness = 1.803792
Generation 250: Best fitness = 1.805585
Generation 300: Best fitness = 1.806698
Generation 350: Best fitness = 1.807635
Generation 400: Best fitness = 1.807755
Generation 450: Best fitness = 1.808085
Attempt 505: Current best = 1.941668
Generation 0: Best fitness = 0.863609
Generation 50: Best fitness = 1.608450
Generation 100: Best fitness = 1.752373
Generation 150: Best fitness = 1.778329
Generation 200: Best fitness = 1.783652
Generation 250: Best fitness = 1.790225
Generation 300: Best fitness = 1.795997
Generation 350: Best fitness = 1.796537
Generation 400: Best fitness = 1.797001
Generation 450: Best fitness = 1.806703
Attempt 506: Current best = 1.941668
Generation 0: Best fitness = 0.849859
Generation 50: Best fitness = 1.652944
Generation 100: Best fitness = 1.758362
Generation 150: Best fitness = 1.794013
Generation 200: Best fitness = 1.796185
Generation 250: Best fitness = 1.797270
Generation 300: Best fitness = 1.798666
Generation 350: Best fitness = 1.800001
Generation 400: Best fitness = 1.800570
Generation 450: Best fitness = 1.800570
Attempt 507: Current best = 1.941668
Generation 0: Best fitness = 0.852315
Generation 50: Best fitness = 1.634382
Generation 100: Best fitness = 1.734289
Generation 150: Best fitness = 1.758694
Generation 200: Best fitness = 1.766955
Generation 250: Best fitness = 1.770172
Generation 300: Best fitness = 1.773704
Generation 350: Best fitness = 1.779267
Generation 400: Best fitness = 1.780210
Generation 450: Best fitness = 1.780713
Attempt 508: Current best = 1.941668
Generation 0: Best fitness = 0.848830
Generation 50: Best fitness = 1.628927
Generation 100: Best fitness = 1.747962
Generation 150: Best fitness = 1.760392
Generation 200: Best fitness = 1.760903
Generation 250: Best fitness = 1.762377
Generation 300: Best fitness = 1.762876
Generation 350: Best fitness = 1.763685
Generation 400: Best fitness = 1.764330
Generation 450: Best fitness = 1.765132
Attempt 509: Current best = 1.941668
Generation 0: Best fitness = 0.868272
Generation 50: Best fitness = 1.680321
Generation 100: Best fitness = 1.803275
Generation 150: Best fitness = 1.815414
Generation 200: Best fitness = 1.823545
Generation 250: Best fitness = 1.826887
Generation 300: Best fitness = 1.828183
Generation 350: Best fitness = 1.829466
Generation 400: Best fitness = 1.831347
Generation 450: Best fitness = 1.832206
Attempt 510: Current best = 1.941668
Generation 0: Best fitness = 0.855378
Generation 50: Best fitness = 1.651306
Generation 100: Best fitness = 1.763985
Generation 150: Best fitness = 1.784027
Generation 200: Best fitness = 1.788949
Generation 250: Best fitness = 1.790129
Generation 300: Best fitness = 1.790655
Generation 350: Best fitness = 1.791544
Generation 400: Best fitness = 1.791660
Generation 450: Best fitness = 1.791884
Attempt 511: Current best = 1.941668
Generation 0: Best fitness = 0.867760
Generation 50: Best fitness = 1.620273
Generation 100: Best fitness = 1.762401
Generation 150: Best fitness = 1.773798
Generation 200: Best fitness = 1.780067
Generation 250: Best fitness = 1.782388
Generation 300: Best fitness = 1.782927
Generation 350: Best fitness = 1.783421
Generation 400: Best fitness = 1.783956
Generation 450: Best fitness = 1.788863
Attempt 512: Current best = 1.941668
Generation 0: Best fitness = 0.844351
Generation 50: Best fitness = 1.603105
Generation 100: Best fitness = 1.771728
Generation 150: Best fitness = 1.791904
Generation 200: Best fitness = 1.796056
Generation 250: Best fitness = 1.798641
Generation 300: Best fitness = 1.799968
Generation 350: Best fitness = 1.800847
Generation 400: Best fitness = 1.802495
Generation 450: Best fitness = 1.802613
Attempt 513: Current best = 1.941668
Generation 0: Best fitness = 0.866677
Generation 50: Best fitness = 1.641332
Generation 100: Best fitness = 1.734443
Generation 150: Best fitness = 1.753193
Generation 200: Best fitness = 1.755842
Generation 250: Best fitness = 1.762670
Generation 300: Best fitness = 1.763382
Generation 350: Best fitness = 1.763583
Generation 400: Best fitness = 1.764559
Generation 450: Best fitness = 1.765001
Attempt 514: Current best = 1.941668
Generation 0: Best fitness = 0.860076
Generation 50: Best fitness = 1.679806
Generation 100: Best fitness = 1.764170
Generation 150: Best fitness = 1.776923
Generation 200: Best fitness = 1.781963
Generation 250: Best fitness = 1.784140
Generation 300: Best fitness = 1.784355
Generation 350: Best fitness = 1.785961
Generation 400: Best fitness = 1.786705
Generation 450: Best fitness = 1.786705
Attempt 515: Current best = 1.941668
Generation 0: Best fitness = 0.865221
Generation 50: Best fitness = 1.662138
Generation 100: Best fitness = 1.782110
Generation 150: Best fitness = 1.802703
Generation 200: Best fitness = 1.811071
Generation 250: Best fitness = 1.812664
Generation 300: Best fitness = 1.814513
Generation 350: Best fitness = 1.814760
Generation 400: Best fitness = 1.815494
Generation 450: Best fitness = 1.816309
Attempt 516: Current best = 1.941668
Generation 0: Best fitness = 0.876471
Generation 50: Best fitness = 1.657781
Generation 100: Best fitness = 1.771487
Generation 150: Best fitness = 1.784746
Generation 200: Best fitness = 1.798822
Generation 250: Best fitness = 1.800014
Generation 300: Best fitness = 1.800135
Generation 350: Best fitness = 1.802303
Generation 400: Best fitness = 1.805857
Generation 450: Best fitness = 1.806838
Attempt 517: Current best = 1.941668
Generation 0: Best fitness = 0.858372
Generation 50: Best fitness = 1.631043
Generation 100: Best fitness = 1.767500
Generation 150: Best fitness = 1.786872
Generation 200: Best fitness = 1.796312
Generation 250: Best fitness = 1.797193
Generation 300: Best fitness = 1.797353
Generation 350: Best fitness = 1.797893
Generation 400: Best fitness = 1.798387
Generation 450: Best fitness = 1.798871
Attempt 518: Current best = 1.941668
Generation 0: Best fitness = 0.857919
Generation 50: Best fitness = 1.538488
Generation 100: Best fitness = 1.719978
Generation 150: Best fitness = 1.724825
Generation 200: Best fitness = 1.727850
Generation 250: Best fitness = 1.730193
Generation 300: Best fitness = 1.731256
Generation 350: Best fitness = 1.732136
Generation 400: Best fitness = 1.733090
Generation 450: Best fitness = 1.733327
Attempt 519: Current best = 1.941668
Generation 0: Best fitness = 0.871025
Generation 50: Best fitness = 1.560248
Generation 100: Best fitness = 1.672805
Generation 150: Best fitness = 1.694365
Generation 200: Best fitness = 1.699916
Generation 250: Best fitness = 1.703539
Generation 300: Best fitness = 1.704446
Generation 350: Best fitness = 1.704913
Generation 400: Best fitness = 1.707773
Generation 450: Best fitness = 1.708121
Attempt 520: Current best = 1.941668
Generation 0: Best fitness = 0.858752
Generation 50: Best fitness = 1.568107
Generation 100: Best fitness = 1.712509
Generation 150: Best fitness = 1.733636
Generation 200: Best fitness = 1.743020
Generation 250: Best fitness = 1.745425
Generation 300: Best fitness = 1.748301
Generation 350: Best fitness = 1.749913
Generation 400: Best fitness = 1.750308
Generation 450: Best fitness = 1.752261
Attempt 521: Current best = 1.941668
Generation 0: Best fitness = 0.857975
Generation 50: Best fitness = 1.590885
Generation 100: Best fitness = 1.712908
Generation 150: Best fitness = 1.720814
Generation 200: Best fitness = 1.723975
Generation 250: Best fitness = 1.725840
Generation 300: Best fitness = 1.727123
Generation 350: Best fitness = 1.727506
Generation 400: Best fitness = 1.728441
Generation 450: Best fitness = 1.728516
Attempt 522: Current best = 1.941668
Generation 0: Best fitness = 0.852873
Generation 50: Best fitness = 1.634761
Generation 100: Best fitness = 1.781649
Generation 150: Best fitness = 1.799133
Generation 200: Best fitness = 1.800957
Generation 250: Best fitness = 1.802297
Generation 300: Best fitness = 1.802898
Generation 350: Best fitness = 1.802966
Generation 400: Best fitness = 1.803395
Generation 450: Best fitness = 1.803812
Attempt 523: Current best = 1.941668
Generation 0: Best fitness = 0.866542
Generation 50: Best fitness = 1.622259
Generation 100: Best fitness = 1.737697
Generation 150: Best fitness = 1.749526
Generation 200: Best fitness = 1.753099
Generation 250: Best fitness = 1.755476
Generation 300: Best fitness = 1.755953
Generation 350: Best fitness = 1.756833
Generation 400: Best fitness = 1.757036
Generation 450: Best fitness = 1.757519
Attempt 524: Current best = 1.941668
Generation 0: Best fitness = 0.854871
Generation 50: Best fitness = 1.590321
Generation 100: Best fitness = 1.748675
Generation 150: Best fitness = 1.764197
Generation 200: Best fitness = 1.781227
Generation 250: Best fitness = 1.782580
Generation 300: Best fitness = 1.783875
Generation 350: Best fitness = 1.784653
Generation 400: Best fitness = 1.793936
Generation 450: Best fitness = 1.794377
Attempt 525: Current best = 1.941668
Generation 0: Best fitness = 0.850783
Generation 50: Best fitness = 1.591175
Generation 100: Best fitness = 1.723112
Generation 150: Best fitness = 1.748927
Generation 200: Best fitness = 1.756156
Generation 250: Best fitness = 1.757930
Generation 300: Best fitness = 1.758993
Generation 350: Best fitness = 1.759271
Generation 400: Best fitness = 1.759336
Generation 450: Best fitness = 1.759558
Attempt 526: Current best = 1.941668
Generation 0: Best fitness = 0.861843
Generation 50: Best fitness = 1.665405
Generation 100: Best fitness = 1.809087
Generation 150: Best fitness = 1.828118
Generation 200: Best fitness = 1.830961
Generation 250: Best fitness = 1.833802
Generation 300: Best fitness = 1.833864
Generation 350: Best fitness = 1.834779
Generation 400: Best fitness = 1.835202
Generation 450: Best fitness = 1.835589
Attempt 527: Current best = 1.941668
Generation 0: Best fitness = 0.851969
Generation 50: Best fitness = 1.655574
Generation 100: Best fitness = 1.777150
Generation 150: Best fitness = 1.794793
Generation 200: Best fitness = 1.798089
Generation 250: Best fitness = 1.799316
Generation 300: Best fitness = 1.800847
Generation 350: Best fitness = 1.801436
Generation 400: Best fitness = 1.801822
Generation 450: Best fitness = 1.801836
Attempt 528: Current best = 1.941668
Generation 0: Best fitness = 0.852806
Generation 50: Best fitness = 1.673086
Generation 100: Best fitness = 1.794550
Generation 150: Best fitness = 1.812832
Generation 200: Best fitness = 1.816004
Generation 250: Best fitness = 1.818338
Generation 300: Best fitness = 1.818995
Generation 350: Best fitness = 1.819934
Generation 400: Best fitness = 1.820840
Generation 450: Best fitness = 1.821389
Attempt 529: Current best = 1.941668
Generation 0: Best fitness = 0.849418
Generation 50: Best fitness = 1.665517
Generation 100: Best fitness = 1.766370
Generation 150: Best fitness = 1.783805
Generation 200: Best fitness = 1.784673
Generation 250: Best fitness = 1.786966
Generation 300: Best fitness = 1.787481
Generation 350: Best fitness = 1.788647
Generation 400: Best fitness = 1.789287
Generation 450: Best fitness = 1.789729
Attempt 530: Current best = 1.941668
Generation 0: Best fitness = 0.854235
Generation 50: Best fitness = 1.656747
Generation 100: Best fitness = 1.779209
Generation 150: Best fitness = 1.789498
Generation 200: Best fitness = 1.794206
Generation 250: Best fitness = 1.795900
Generation 300: Best fitness = 1.797191
Generation 350: Best fitness = 1.797406
Generation 400: Best fitness = 1.797790
Generation 450: Best fitness = 1.797820
Attempt 531: Current best = 1.941668
Generation 0: Best fitness = 0.876200
Generation 50: Best fitness = 1.634147
Generation 100: Best fitness = 1.780567
Generation 150: Best fitness = 1.790705
Generation 200: Best fitness = 1.792346
Generation 250: Best fitness = 1.796363
Generation 300: Best fitness = 1.796797
Generation 350: Best fitness = 1.797781
Generation 400: Best fitness = 1.798506
Generation 450: Best fitness = 1.799534
Attempt 532: Current best = 1.941668
Generation 0: Best fitness = 0.856887
Generation 50: Best fitness = 1.667528
Generation 100: Best fitness = 1.771527
Generation 150: Best fitness = 1.780824
Generation 200: Best fitness = 1.784229
Generation 250: Best fitness = 1.784890
Generation 300: Best fitness = 1.786890
Generation 350: Best fitness = 1.789706
Generation 400: Best fitness = 1.789831
Generation 450: Best fitness = 1.789831
Attempt 533: Current best = 1.941668
Generation 0: Best fitness = 0.846762
Generation 50: Best fitness = 1.648486
Generation 100: Best fitness = 1.727076
Generation 150: Best fitness = 1.731386
Generation 200: Best fitness = 1.733746
Generation 250: Best fitness = 1.734281
Generation 300: Best fitness = 1.736626
Generation 350: Best fitness = 1.737606
Generation 400: Best fitness = 1.737880
Generation 450: Best fitness = 1.737972
Attempt 534: Current best = 1.941668
Generation 0: Best fitness = 0.870370
Generation 50: Best fitness = 1.639086
Generation 100: Best fitness = 1.746083
Generation 150: Best fitness = 1.759909
Generation 200: Best fitness = 1.765953
Generation 250: Best fitness = 1.768069
Generation 300: Best fitness = 1.770890
Generation 350: Best fitness = 1.771066
Generation 400: Best fitness = 1.771368
Generation 450: Best fitness = 1.772187
Attempt 535: Current best = 1.941668
Generation 0: Best fitness = 0.871542
Generation 50: Best fitness = 1.652010
Generation 100: Best fitness = 1.774719
Generation 150: Best fitness = 1.783728
Generation 200: Best fitness = 1.786148
Generation 250: Best fitness = 1.786719
Generation 300: Best fitness = 1.786815
Generation 350: Best fitness = 1.787324
Generation 400: Best fitness = 1.788013
Generation 450: Best fitness = 1.788170
Attempt 536: Current best = 1.941668
Generation 0: Best fitness = 0.857638
Generation 50: Best fitness = 1.630220
Generation 100: Best fitness = 1.751460
Generation 150: Best fitness = 1.758795
Generation 200: Best fitness = 1.759661
Generation 250: Best fitness = 1.760082
Generation 300: Best fitness = 1.760211
Generation 350: Best fitness = 1.761063
Generation 400: Best fitness = 1.761185
Generation 450: Best fitness = 1.761269
Attempt 537: Current best = 1.941668
Generation 0: Best fitness = 0.857122
Generation 50: Best fitness = 1.587653
Generation 100: Best fitness = 1.705116
Generation 150: Best fitness = 1.716137
Generation 200: Best fitness = 1.718629
Generation 250: Best fitness = 1.721398
Generation 300: Best fitness = 1.723271
Generation 350: Best fitness = 1.723661
Generation 400: Best fitness = 1.723772
Generation 450: Best fitness = 1.724073
Attempt 538: Current best = 1.941668
Generation 0: Best fitness = 0.863556
Generation 50: Best fitness = 1.652275
Generation 100: Best fitness = 1.838216
Generation 150: Best fitness = 1.849676
Generation 200: Best fitness = 1.854041
Generation 250: Best fitness = 1.856606
Generation 300: Best fitness = 1.858253
Generation 350: Best fitness = 1.860155
Generation 400: Best fitness = 1.861121
Generation 450: Best fitness = 1.861923
Attempt 539: Current best = 1.941668
Generation 0: Best fitness = 0.849498
Generation 50: Best fitness = 1.636422
Generation 100: Best fitness = 1.778921
Generation 150: Best fitness = 1.787333
Generation 200: Best fitness = 1.791726
Generation 250: Best fitness = 1.795420
Generation 300: Best fitness = 1.797818
Generation 350: Best fitness = 1.798417
Generation 400: Best fitness = 1.799405
Generation 450: Best fitness = 1.799557
Attempt 540: Current best = 1.941668
Generation 0: Best fitness = 0.867328
Generation 50: Best fitness = 1.696304
Generation 100: Best fitness = 1.898671
Generation 150: Best fitness = 1.914332
Generation 200: Best fitness = 1.917073
Generation 250: Best fitness = 1.918980
Generation 300: Best fitness = 1.919383
Generation 350: Best fitness = 1.920332
Generation 400: Best fitness = 1.920332
Generation 450: Best fitness = 1.920435
Attempt 541: Current best = 1.941668
Generation 0: Best fitness = 0.853292
Generation 50: Best fitness = 1.645826
Generation 100: Best fitness = 1.837848
Generation 150: Best fitness = 1.860065
Generation 200: Best fitness = 1.868419
Generation 250: Best fitness = 1.873001
Generation 300: Best fitness = 1.874598
Generation 350: Best fitness = 1.879827
Generation 400: Best fitness = 1.881045
Generation 450: Best fitness = 1.881595
Attempt 542: Current best = 1.941668
Generation 0: Best fitness = 0.863725
Generation 50: Best fitness = 1.634425
Generation 100: Best fitness = 1.700535
Generation 150: Best fitness = 1.714520
Generation 200: Best fitness = 1.718453
Generation 250: Best fitness = 1.719126
Generation 300: Best fitness = 1.720606
Generation 350: Best fitness = 1.721367
Generation 400: Best fitness = 1.721472
Generation 450: Best fitness = 1.721697
Attempt 543: Current best = 1.941668
Generation 0: Best fitness = 0.865686
Generation 50: Best fitness = 1.643528
Generation 100: Best fitness = 1.760805
Generation 150: Best fitness = 1.768412
Generation 200: Best fitness = 1.773096
Generation 250: Best fitness = 1.776648
Generation 300: Best fitness = 1.780874
Generation 350: Best fitness = 1.781520
Generation 400: Best fitness = 1.781577
Generation 450: Best fitness = 1.782106
Attempt 544: Current best = 1.941668
Generation 0: Best fitness = 0.855855
Generation 50: Best fitness = 1.643560
Generation 100: Best fitness = 1.709456
Generation 150: Best fitness = 1.730756
Generation 200: Best fitness = 1.740360
Generation 250: Best fitness = 1.744587
Generation 300: Best fitness = 1.746592
Generation 350: Best fitness = 1.746687
Generation 400: Best fitness = 1.747494
Generation 450: Best fitness = 1.747596
Attempt 545: Current best = 1.941668
Generation 0: Best fitness = 0.857260
Generation 50: Best fitness = 1.647463
Generation 100: Best fitness = 1.732136
Generation 150: Best fitness = 1.748752
Generation 200: Best fitness = 1.751015
Generation 250: Best fitness = 1.754172
Generation 300: Best fitness = 1.754975
Generation 350: Best fitness = 1.755602
Generation 400: Best fitness = 1.755759
Generation 450: Best fitness = 1.756385
Attempt 546: Current best = 1.941668
Generation 0: Best fitness = 0.859713
Generation 50: Best fitness = 1.646501
Generation 100: Best fitness = 1.752068
Generation 150: Best fitness = 1.761035
Generation 200: Best fitness = 1.767699
Generation 250: Best fitness = 1.768163
Generation 300: Best fitness = 1.769103
Generation 350: Best fitness = 1.769258
Generation 400: Best fitness = 1.769313
Generation 450: Best fitness = 1.769540
Attempt 547: Current best = 1.941668
Generation 0: Best fitness = 0.860423
Generation 50: Best fitness = 1.626568
Generation 100: Best fitness = 1.758674
Generation 150: Best fitness = 1.765228
Generation 200: Best fitness = 1.769499
Generation 250: Best fitness = 1.770594
Generation 300: Best fitness = 1.772287
Generation 350: Best fitness = 1.772392
Generation 400: Best fitness = 1.772392
Generation 450: Best fitness = 1.773020
Attempt 548: Current best = 1.941668
Generation 0: Best fitness = 0.859995
Generation 50: Best fitness = 1.645284
Generation 100: Best fitness = 1.768012
Generation 150: Best fitness = 1.773844
Generation 200: Best fitness = 1.776605
Generation 250: Best fitness = 1.779549
Generation 300: Best fitness = 1.781269
Generation 350: Best fitness = 1.781927
Generation 400: Best fitness = 1.781965
Generation 450: Best fitness = 1.782168
Attempt 549: Current best = 1.941668
Generation 0: Best fitness = 0.857970
Generation 50: Best fitness = 1.666852
Generation 100: Best fitness = 1.781456
Generation 150: Best fitness = 1.799628
Generation 200: Best fitness = 1.802554
Generation 250: Best fitness = 1.804820
Generation 300: Best fitness = 1.806298
Generation 350: Best fitness = 1.808025
Generation 400: Best fitness = 1.808880
Generation 450: Best fitness = 1.809035
Attempt 550: Current best = 1.941668
Generation 0: Best fitness = 0.854305
Generation 50: Best fitness = 1.599944
Generation 100: Best fitness = 1.730438
Generation 150: Best fitness = 1.759740
Generation 200: Best fitness = 1.769018
Generation 250: Best fitness = 1.772348
Generation 300: Best fitness = 1.775331
Generation 350: Best fitness = 1.777657
Generation 400: Best fitness = 1.778172
Generation 450: Best fitness = 1.778673
Attempt 551: Current best = 1.941668
Generation 0: Best fitness = 0.861484
Generation 50: Best fitness = 1.659225
Generation 100: Best fitness = 1.783991
Generation 150: Best fitness = 1.794617
Generation 200: Best fitness = 1.798466
Generation 250: Best fitness = 1.799726
Generation 300: Best fitness = 1.800490
Generation 350: Best fitness = 1.800755
Generation 400: Best fitness = 1.801217
Generation 450: Best fitness = 1.801988
Attempt 552: Current best = 1.941668
Generation 0: Best fitness = 0.856384
Generation 50: Best fitness = 1.611091
Generation 100: Best fitness = 1.724919
Generation 150: Best fitness = 1.742407
Generation 200: Best fitness = 1.753921
Generation 250: Best fitness = 1.756482
Generation 300: Best fitness = 1.757927
Generation 350: Best fitness = 1.759033
Generation 400: Best fitness = 1.759497
Generation 450: Best fitness = 1.760050
Attempt 553: Current best = 1.941668
Generation 0: Best fitness = 0.855027
Generation 50: Best fitness = 1.660858
Generation 100: Best fitness = 1.885517
Generation 150: Best fitness = 1.907929
Generation 200: Best fitness = 1.913628
Generation 250: Best fitness = 1.917442
Generation 300: Best fitness = 1.917822
Generation 350: Best fitness = 1.918446
Generation 400: Best fitness = 1.919786
Generation 450: Best fitness = 1.923756
Attempt 554: Current best = 1.941668
Generation 0: Best fitness = 0.866730
Generation 50: Best fitness = 1.655801
Generation 100: Best fitness = 1.794088
Generation 150: Best fitness = 1.812810
Generation 200: Best fitness = 1.817277
Generation 250: Best fitness = 1.824051
Generation 300: Best fitness = 1.831218
Generation 350: Best fitness = 1.834517
Generation 400: Best fitness = 1.835145
Generation 450: Best fitness = 1.836388
Attempt 555: Current best = 1.941668
Generation 0: Best fitness = 0.858962
Generation 50: Best fitness = 1.587195
Generation 100: Best fitness = 1.726708
Generation 150: Best fitness = 1.738830
Generation 200: Best fitness = 1.742304
Generation 250: Best fitness = 1.744033
Generation 300: Best fitness = 1.744305
Generation 350: Best fitness = 1.744410
Generation 400: Best fitness = 1.744456
Generation 450: Best fitness = 1.744456
Attempt 556: Current best = 1.941668
Generation 0: Best fitness = 0.846453
Generation 50: Best fitness = 1.651894
Generation 100: Best fitness = 1.767699
Generation 150: Best fitness = 1.782244
Generation 200: Best fitness = 1.786979
Generation 250: Best fitness = 1.788113
Generation 300: Best fitness = 1.789731
Generation 350: Best fitness = 1.790636
Generation 400: Best fitness = 1.791017
Generation 450: Best fitness = 1.791459
Attempt 557: Current best = 1.941668
Generation 0: Best fitness = 0.864327
Generation 50: Best fitness = 1.629143
Generation 100: Best fitness = 1.764395
Generation 150: Best fitness = 1.775777
Generation 200: Best fitness = 1.780838
Generation 250: Best fitness = 1.783273
Generation 300: Best fitness = 1.783622
Generation 350: Best fitness = 1.784419
Generation 400: Best fitness = 1.785447
Generation 450: Best fitness = 1.786359
Attempt 558: Current best = 1.941668
Generation 0: Best fitness = 0.855225
Generation 50: Best fitness = 1.653908
Generation 100: Best fitness = 1.760624
Generation 150: Best fitness = 1.774394
Generation 200: Best fitness = 1.777684
Generation 250: Best fitness = 1.778607
Generation 300: Best fitness = 1.779992
Generation 350: Best fitness = 1.780470
Generation 400: Best fitness = 1.781577
Generation 450: Best fitness = 1.781594
Attempt 559: Current best = 1.941668
Generation 0: Best fitness = 0.854336
Generation 50: Best fitness = 1.644750
Generation 100: Best fitness = 1.821932
Generation 150: Best fitness = 1.827536
Generation 200: Best fitness = 1.832727
Generation 250: Best fitness = 1.836936
Generation 300: Best fitness = 1.837605
Generation 350: Best fitness = 1.838207
Generation 400: Best fitness = 1.844547
Generation 450: Best fitness = 1.848195
Attempt 560: Current best = 1.941668
Generation 0: Best fitness = 0.877825
Generation 50: Best fitness = 1.643714
Generation 100: Best fitness = 1.757468
Generation 150: Best fitness = 1.768458
Generation 200: Best fitness = 1.771804
Generation 250: Best fitness = 1.772951
Generation 300: Best fitness = 1.774067
Generation 350: Best fitness = 1.774370
Generation 400: Best fitness = 1.774883
Generation 450: Best fitness = 1.775304
Attempt 561: Current best = 1.941668
Generation 0: Best fitness = 0.848958
Generation 50: Best fitness = 1.602191
Generation 100: Best fitness = 1.701475
Generation 150: Best fitness = 1.706732
Generation 200: Best fitness = 1.710683
Generation 250: Best fitness = 1.714108
Generation 300: Best fitness = 1.714652
Generation 350: Best fitness = 1.715604
Generation 400: Best fitness = 1.715864
Generation 450: Best fitness = 1.716238
Attempt 562: Current best = 1.941668
Generation 0: Best fitness = 0.870778
Generation 50: Best fitness = 1.691634
Generation 100: Best fitness = 1.803811
Generation 150: Best fitness = 1.812331
Generation 200: Best fitness = 1.814840
Generation 250: Best fitness = 1.817700
Generation 300: Best fitness = 1.818243
Generation 350: Best fitness = 1.819659
Generation 400: Best fitness = 1.820246
Generation 450: Best fitness = 1.821045
Attempt 563: Current best = 1.941668
Generation 0: Best fitness = 0.861615
Generation 50: Best fitness = 1.675202
Generation 100: Best fitness = 1.792583
Generation 150: Best fitness = 1.807141
Generation 200: Best fitness = 1.813991
Generation 250: Best fitness = 1.815366
Generation 300: Best fitness = 1.816104
Generation 350: Best fitness = 1.816417
Generation 400: Best fitness = 1.817112
Generation 450: Best fitness = 1.817328
Attempt 564: Current best = 1.941668
Generation 0: Best fitness = 0.865928
Generation 50: Best fitness = 1.651131
Generation 100: Best fitness = 1.735172
Generation 150: Best fitness = 1.745024
Generation 200: Best fitness = 1.747565
Generation 250: Best fitness = 1.749180
Generation 300: Best fitness = 1.750049
Generation 350: Best fitness = 1.750697
Generation 400: Best fitness = 1.751354
Generation 450: Best fitness = 1.752213
Attempt 565: Current best = 1.941668
Generation 0: Best fitness = 0.856925
Generation 50: Best fitness = 1.613507
Generation 100: Best fitness = 1.767231
Generation 150: Best fitness = 1.782156
Generation 200: Best fitness = 1.786266
Generation 250: Best fitness = 1.788857
Generation 300: Best fitness = 1.789415
Generation 350: Best fitness = 1.789830
Generation 400: Best fitness = 1.789869
Generation 450: Best fitness = 1.790088
Attempt 566: Current best = 1.941668
Generation 0: Best fitness = 0.855029
Generation 50: Best fitness = 1.652850
Generation 100: Best fitness = 1.722481
Generation 150: Best fitness = 1.758328
Generation 200: Best fitness = 1.783530
Generation 250: Best fitness = 1.786860
Generation 300: Best fitness = 1.787722
Generation 350: Best fitness = 1.788595
Generation 400: Best fitness = 1.789803
Generation 450: Best fitness = 1.789941
Attempt 567: Current best = 1.941668
Generation 0: Best fitness = 0.852483
Generation 50: Best fitness = 1.622402
Generation 100: Best fitness = 1.743224
Generation 150: Best fitness = 1.748927
Generation 200: Best fitness = 1.753392
Generation 250: Best fitness = 1.757392
Generation 300: Best fitness = 1.761073
Generation 350: Best fitness = 1.761476
Generation 400: Best fitness = 1.763267
Generation 450: Best fitness = 1.765169
Attempt 568: Current best = 1.941668
Generation 0: Best fitness = 0.867864
Generation 50: Best fitness = 1.684445
Generation 100: Best fitness = 1.780013
Generation 150: Best fitness = 1.792153
Generation 200: Best fitness = 1.795033
Generation 250: Best fitness = 1.796365
Generation 300: Best fitness = 1.796647
Generation 350: Best fitness = 1.797694
Generation 400: Best fitness = 1.798036
Generation 450: Best fitness = 1.798051
Attempt 569: Current best = 1.941668
Generation 0: Best fitness = 0.870433
Generation 50: Best fitness = 1.611971
Generation 100: Best fitness = 1.717882
Generation 150: Best fitness = 1.726952
Generation 200: Best fitness = 1.728690
Generation 250: Best fitness = 1.734849
Generation 300: Best fitness = 1.736136
Generation 350: Best fitness = 1.736740
Generation 400: Best fitness = 1.736740
Generation 450: Best fitness = 1.736882
Attempt 570: Current best = 1.941668
Generation 0: Best fitness = 0.857283
Generation 50: Best fitness = 1.634824
Generation 100: Best fitness = 1.714244
Generation 150: Best fitness = 1.723451
Generation 200: Best fitness = 1.726066
Generation 250: Best fitness = 1.726606
Generation 300: Best fitness = 1.727839
Generation 350: Best fitness = 1.728543
Generation 400: Best fitness = 1.729556
Generation 450: Best fitness = 1.729875
Attempt 571: Current best = 1.941668
Generation 0: Best fitness = 0.860540
Generation 50: Best fitness = 1.673741
Generation 100: Best fitness = 1.778534
Generation 150: Best fitness = 1.789006
Generation 200: Best fitness = 1.792002
Generation 250: Best fitness = 1.795044
Generation 300: Best fitness = 1.796237
Generation 350: Best fitness = 1.796237
Generation 400: Best fitness = 1.797810
Generation 450: Best fitness = 1.797962
Attempt 572: Current best = 1.941668
Generation 0: Best fitness = 0.846640
Generation 50: Best fitness = 1.550357
Generation 100: Best fitness = 1.770077
Generation 150: Best fitness = 1.818556
Generation 200: Best fitness = 1.824156
Generation 250: Best fitness = 1.827152
Generation 300: Best fitness = 1.829878
Generation 350: Best fitness = 1.829878
Generation 400: Best fitness = 1.830876
Generation 450: Best fitness = 1.831540
Attempt 573: Current best = 1.941668
Generation 0: Best fitness = 0.869296
Generation 50: Best fitness = 1.627317
Generation 100: Best fitness = 1.778113
Generation 150: Best fitness = 1.795393
Generation 200: Best fitness = 1.799721
Generation 250: Best fitness = 1.804054
Generation 300: Best fitness = 1.806699
Generation 350: Best fitness = 1.808321
Generation 400: Best fitness = 1.808744
Generation 450: Best fitness = 1.809389
Attempt 574: Current best = 1.941668
Generation 0: Best fitness = 0.862763
Generation 50: Best fitness = 1.683426
Generation 100: Best fitness = 1.780468
Generation 150: Best fitness = 1.799556
Generation 200: Best fitness = 1.809282
Generation 250: Best fitness = 1.810782
Generation 300: Best fitness = 1.811497
Generation 350: Best fitness = 1.811913
Generation 400: Best fitness = 1.812063
Generation 450: Best fitness = 1.813081
Attempt 575: Current best = 1.941668
Generation 0: Best fitness = 0.868039
Generation 50: Best fitness = 1.644645
Generation 100: Best fitness = 1.821043
Generation 150: Best fitness = 1.834196
Generation 200: Best fitness = 1.837125
Generation 250: Best fitness = 1.839245
Generation 300: Best fitness = 1.842026
Generation 350: Best fitness = 1.843869
Generation 400: Best fitness = 1.844907
Generation 450: Best fitness = 1.845303
Attempt 576: Current best = 1.941668
Generation 0: Best fitness = 0.863761
Generation 50: Best fitness = 1.650674
Generation 100: Best fitness = 1.799866
Generation 150: Best fitness = 1.811804
Generation 200: Best fitness = 1.817892
Generation 250: Best fitness = 1.821368
Generation 300: Best fitness = 1.823133
Generation 350: Best fitness = 1.823924
Generation 400: Best fitness = 1.824225
Generation 450: Best fitness = 1.824406
Attempt 577: Current best = 1.941668
Generation 0: Best fitness = 0.872300
Generation 50: Best fitness = 1.659077
Generation 100: Best fitness = 1.788815
Generation 150: Best fitness = 1.805192
Generation 200: Best fitness = 1.810810
Generation 250: Best fitness = 1.813666
Generation 300: Best fitness = 1.814209
Generation 350: Best fitness = 1.815212
Generation 400: Best fitness = 1.815496
Generation 450: Best fitness = 1.815886
Attempt 578: Current best = 1.941668
Generation 0: Best fitness = 0.854599
Generation 50: Best fitness = 1.583341
Generation 100: Best fitness = 1.741784
Generation 150: Best fitness = 1.751856
Generation 200: Best fitness = 1.756295
Generation 250: Best fitness = 1.758141
Generation 300: Best fitness = 1.759550
Generation 350: Best fitness = 1.760944
Generation 400: Best fitness = 1.761340
Generation 450: Best fitness = 1.761380
Attempt 579: Current best = 1.941668
Generation 0: Best fitness = 0.843443
Generation 50: Best fitness = 1.620835
Generation 100: Best fitness = 1.744848
Generation 150: Best fitness = 1.767595
Generation 200: Best fitness = 1.772233
Generation 250: Best fitness = 1.773522
Generation 300: Best fitness = 1.774516
Generation 350: Best fitness = 1.774731
Generation 400: Best fitness = 1.774733
Generation 450: Best fitness = 1.774998
Attempt 580: Current best = 1.941668
Generation 0: Best fitness = 0.868062
Generation 50: Best fitness = 1.699615
Generation 100: Best fitness = 1.821294
Generation 150: Best fitness = 1.845272
Generation 200: Best fitness = 1.848193
Generation 250: Best fitness = 1.850334
Generation 300: Best fitness = 1.850453
Generation 350: Best fitness = 1.851586
Generation 400: Best fitness = 1.851697
Generation 450: Best fitness = 1.852201
Attempt 581: Current best = 1.941668
Generation 0: Best fitness = 0.847933
Generation 50: Best fitness = 1.631673
Generation 100: Best fitness = 1.766281
Generation 150: Best fitness = 1.774673
Generation 200: Best fitness = 1.778187
Generation 250: Best fitness = 1.778822
Generation 300: Best fitness = 1.781117
Generation 350: Best fitness = 1.781838
Generation 400: Best fitness = 1.782304
Generation 450: Best fitness = 1.782668
Attempt 582: Current best = 1.941668
Generation 0: Best fitness = 0.861018
Generation 50: Best fitness = 1.598796
Generation 100: Best fitness = 1.696135
Generation 150: Best fitness = 1.702628
Generation 200: Best fitness = 1.713604
Generation 250: Best fitness = 1.717914
Generation 300: Best fitness = 1.720832
Generation 350: Best fitness = 1.722074
Generation 400: Best fitness = 1.722991
Generation 450: Best fitness = 1.723895
Attempt 583: Current best = 1.941668
Generation 0: Best fitness = 0.873139
Generation 50: Best fitness = 1.636941
Generation 100: Best fitness = 1.764254
Generation 150: Best fitness = 1.775832
Generation 200: Best fitness = 1.782855
Generation 250: Best fitness = 1.785302
Generation 300: Best fitness = 1.786304
Generation 350: Best fitness = 1.786562
Generation 400: Best fitness = 1.787333
Generation 450: Best fitness = 1.787854
Attempt 584: Current best = 1.941668
Generation 0: Best fitness = 0.859667
Generation 50: Best fitness = 1.639838
Generation 100: Best fitness = 1.770066
Generation 150: Best fitness = 1.778432
Generation 200: Best fitness = 1.781381
Generation 250: Best fitness = 1.782849
Generation 300: Best fitness = 1.784338
Generation 350: Best fitness = 1.785034
Generation 400: Best fitness = 1.785213
Generation 450: Best fitness = 1.785314
Attempt 585: Current best = 1.941668
Generation 0: Best fitness = 0.868495
Generation 50: Best fitness = 1.605719
Generation 100: Best fitness = 1.722868
Generation 150: Best fitness = 1.736040
Generation 200: Best fitness = 1.745103
Generation 250: Best fitness = 1.746711
Generation 300: Best fitness = 1.746875
Generation 350: Best fitness = 1.749566
Generation 400: Best fitness = 1.751825
Generation 450: Best fitness = 1.752376
Attempt 586: Current best = 1.941668
Generation 0: Best fitness = 0.864224
Generation 50: Best fitness = 1.705229
Generation 100: Best fitness = 1.841210
Generation 150: Best fitness = 1.849282
Generation 200: Best fitness = 1.856674
Generation 250: Best fitness = 1.857779
Generation 300: Best fitness = 1.860490
Generation 350: Best fitness = 1.861913
Generation 400: Best fitness = 1.862155
Generation 450: Best fitness = 1.862636
Attempt 587: Current best = 1.941668
Generation 0: Best fitness = 0.850969
Generation 50: Best fitness = 1.655361
Generation 100: Best fitness = 1.738945
Generation 150: Best fitness = 1.745510
Generation 200: Best fitness = 1.751675
Generation 250: Best fitness = 1.753060
Generation 300: Best fitness = 1.753710
Generation 350: Best fitness = 1.754385
Generation 400: Best fitness = 1.754385
Generation 450: Best fitness = 1.754545
Attempt 588: Current best = 1.941668
Generation 0: Best fitness = 0.852986
Generation 50: Best fitness = 1.633471
Generation 100: Best fitness = 1.732904
Generation 150: Best fitness = 1.741838
Generation 200: Best fitness = 1.743987
Generation 250: Best fitness = 1.746482
Generation 300: Best fitness = 1.747503
Generation 350: Best fitness = 1.747671
Generation 400: Best fitness = 1.747671
Generation 450: Best fitness = 1.747760
Attempt 589: Current best = 1.941668
Generation 0: Best fitness = 0.858758
Generation 50: Best fitness = 1.685691
Generation 100: Best fitness = 1.786539
Generation 150: Best fitness = 1.797634
Generation 200: Best fitness = 1.799020
Generation 250: Best fitness = 1.802176
Generation 300: Best fitness = 1.802810
Generation 350: Best fitness = 1.803410
Generation 400: Best fitness = 1.803777
Generation 450: Best fitness = 1.803814
Attempt 590: Current best = 1.941668
Generation 0: Best fitness = 0.859082
Generation 50: Best fitness = 1.643707
Generation 100: Best fitness = 1.808772
Generation 150: Best fitness = 1.843960
Generation 200: Best fitness = 1.850334
Generation 250: Best fitness = 1.853481
Generation 300: Best fitness = 1.853621
Generation 350: Best fitness = 1.854225
Generation 400: Best fitness = 1.854402
Generation 450: Best fitness = 1.854764
Attempt 591: Current best = 1.941668
Generation 0: Best fitness = 0.863963
Generation 50: Best fitness = 1.617343
Generation 100: Best fitness = 1.728365
Generation 150: Best fitness = 1.736048
Generation 200: Best fitness = 1.738728
Generation 250: Best fitness = 1.741321
Generation 300: Best fitness = 1.742783
Generation 350: Best fitness = 1.742911
Generation 400: Best fitness = 1.743495
Generation 450: Best fitness = 1.747583
Attempt 592: Current best = 1.941668
Generation 0: Best fitness = 0.863741
Generation 50: Best fitness = 1.642617
Generation 100: Best fitness = 1.738926
Generation 150: Best fitness = 1.769050
Generation 200: Best fitness = 1.770931
Generation 250: Best fitness = 1.772111
Generation 300: Best fitness = 1.773387
Generation 350: Best fitness = 1.775376
Generation 400: Best fitness = 1.775493
Generation 450: Best fitness = 1.775616
Attempt 593: Current best = 1.941668
Generation 0: Best fitness = 0.855169
Generation 50: Best fitness = 1.703351
Generation 100: Best fitness = 1.778720
Generation 150: Best fitness = 1.786984
Generation 200: Best fitness = 1.791017
Generation 250: Best fitness = 1.791052
Generation 300: Best fitness = 1.791242
Generation 350: Best fitness = 1.791528
Generation 400: Best fitness = 1.793064
Generation 450: Best fitness = 1.795920
Attempt 594: Current best = 1.941668
Generation 0: Best fitness = 0.863887
Generation 50: Best fitness = 1.661200
Generation 100: Best fitness = 1.807760
Generation 150: Best fitness = 1.818644
Generation 200: Best fitness = 1.820935
Generation 250: Best fitness = 1.821586
Generation 300: Best fitness = 1.821840
Generation 350: Best fitness = 1.821955
Generation 400: Best fitness = 1.822722
Generation 450: Best fitness = 1.822730
Attempt 595: Current best = 1.941668
Generation 0: Best fitness = 0.875433
Generation 50: Best fitness = 1.619544
Generation 100: Best fitness = 1.727865
Generation 150: Best fitness = 1.741341
Generation 200: Best fitness = 1.745041
Generation 250: Best fitness = 1.747593
Generation 300: Best fitness = 1.749118
Generation 350: Best fitness = 1.750248
Generation 400: Best fitness = 1.751301
Generation 450: Best fitness = 1.754176
Attempt 596: Current best = 1.941668
Generation 0: Best fitness = 0.854079
Generation 50: Best fitness = 1.600023
Generation 100: Best fitness = 1.739694
Generation 150: Best fitness = 1.754040
Generation 200: Best fitness = 1.756855
Generation 250: Best fitness = 1.758705
Generation 300: Best fitness = 1.759060
Generation 350: Best fitness = 1.759348
Generation 400: Best fitness = 1.759417
Generation 450: Best fitness = 1.759417
Attempt 597: Current best = 1.941668
Generation 0: Best fitness = 0.857683
Generation 50: Best fitness = 1.571649
Generation 100: Best fitness = 1.740938
Generation 150: Best fitness = 1.753671
Generation 200: Best fitness = 1.755343
Generation 250: Best fitness = 1.758137
Generation 300: Best fitness = 1.759561
Generation 350: Best fitness = 1.760782
Generation 400: Best fitness = 1.760782
Generation 450: Best fitness = 1.762023
Attempt 598: Current best = 1.941668
Generation 0: Best fitness = 0.855164
Generation 50: Best fitness = 1.618681
Generation 100: Best fitness = 1.702864
Generation 150: Best fitness = 1.719867
Generation 200: Best fitness = 1.723275
Generation 250: Best fitness = 1.724564
Generation 300: Best fitness = 1.725546
Generation 350: Best fitness = 1.725688
Generation 400: Best fitness = 1.726299
Generation 450: Best fitness = 1.726706
Attempt 599: Current best = 1.941668
Generation 0: Best fitness = 0.847976
Generation 50: Best fitness = 1.761812
Generation 100: Best fitness = 1.910536
Generation 150: Best fitness = 1.919241
Generation 200: Best fitness = 1.920875
Generation 250: Best fitness = 1.922114
Generation 300: Best fitness = 1.922441
Generation 350: Best fitness = 1.924424
Generation 400: Best fitness = 1.924771
Generation 450: Best fitness = 1.924972
Attempt 600: Current best = 1.941668
Generation 0: Best fitness = 0.861173
Generation 50: Best fitness = 1.570342
Generation 100: Best fitness = 1.736555
Generation 150: Best fitness = 1.744774
Generation 200: Best fitness = 1.751759
Generation 250: Best fitness = 1.753546
Generation 300: Best fitness = 1.760087
Generation 350: Best fitness = 1.766794
Generation 400: Best fitness = 1.783019
Generation 450: Best fitness = 1.821354
Attempt 601: Current best = 1.941668
Generation 0: Best fitness = 0.857401
Generation 50: Best fitness = 1.606750
Generation 100: Best fitness = 1.703097
Generation 150: Best fitness = 1.710564
Generation 200: Best fitness = 1.713201
Generation 250: Best fitness = 1.714607
Generation 300: Best fitness = 1.715170
Generation 350: Best fitness = 1.715362
Generation 400: Best fitness = 1.715402
Generation 450: Best fitness = 1.716834
Attempt 602: Current best = 1.941668
Generation 0: Best fitness = 0.848938
Generation 50: Best fitness = 1.650521
Generation 100: Best fitness = 1.703390
Generation 150: Best fitness = 1.713334
Generation 200: Best fitness = 1.716113
Generation 250: Best fitness = 1.717108
Generation 300: Best fitness = 1.717368
Generation 350: Best fitness = 1.717794
Generation 400: Best fitness = 1.718405
Generation 450: Best fitness = 1.718405
Attempt 603: Current best = 1.941668
Generation 0: Best fitness = 0.849059
Generation 50: Best fitness = 1.621181
Generation 100: Best fitness = 1.717959
Generation 150: Best fitness = 1.742632
Generation 200: Best fitness = 1.744292
Generation 250: Best fitness = 1.746885
Generation 300: Best fitness = 1.748347
Generation 350: Best fitness = 1.748697
Generation 400: Best fitness = 1.749334
Generation 450: Best fitness = 1.749610
Attempt 604: Current best = 1.941668
Generation 0: Best fitness = 0.857111
Generation 50: Best fitness = 1.625197
Generation 100: Best fitness = 1.758168
Generation 150: Best fitness = 1.773254
Generation 200: Best fitness = 1.773884
Generation 250: Best fitness = 1.776823
Generation 300: Best fitness = 1.777047
Generation 350: Best fitness = 1.777308
Generation 400: Best fitness = 1.777865
Generation 450: Best fitness = 1.777903
Attempt 605: Current best = 1.941668
Generation 0: Best fitness = 0.856506
Generation 50: Best fitness = 1.664105
Generation 100: Best fitness = 1.777686
Generation 150: Best fitness = 1.786074
Generation 200: Best fitness = 1.791937
Generation 250: Best fitness = 1.794513
Generation 300: Best fitness = 1.796995
Generation 350: Best fitness = 1.798102
Generation 400: Best fitness = 1.798284
Generation 450: Best fitness = 1.798913
Attempt 606: Current best = 1.941668
Generation 0: Best fitness = 0.858575
Generation 50: Best fitness = 1.697685
Generation 100: Best fitness = 1.781806
Generation 150: Best fitness = 1.800217
Generation 200: Best fitness = 1.804935
Generation 250: Best fitness = 1.806325
Generation 300: Best fitness = 1.807237
Generation 350: Best fitness = 1.808045
Generation 400: Best fitness = 1.808156
Generation 450: Best fitness = 1.808722
Attempt 607: Current best = 1.941668
Generation 0: Best fitness = 0.868090
Generation 50: Best fitness = 1.607093
Generation 100: Best fitness = 1.761905
Generation 150: Best fitness = 1.776887
Generation 200: Best fitness = 1.780783
Generation 250: Best fitness = 1.783274
Generation 300: Best fitness = 1.783586
Generation 350: Best fitness = 1.784463
Generation 400: Best fitness = 1.785044
Generation 450: Best fitness = 1.786029
Attempt 608: Current best = 1.941668
Generation 0: Best fitness = 0.860924
Generation 50: Best fitness = 1.652582
Generation 100: Best fitness = 1.774134
Generation 150: Best fitness = 1.785617
Generation 200: Best fitness = 1.791676
Generation 250: Best fitness = 1.792780
Generation 300: Best fitness = 1.794328
Generation 350: Best fitness = 1.794974
Generation 400: Best fitness = 1.795024
Generation 450: Best fitness = 1.795143
Attempt 609: Current best = 1.941668
Generation 0: Best fitness = 0.868587
Generation 50: Best fitness = 1.614192
Generation 100: Best fitness = 1.710363
Generation 150: Best fitness = 1.721718
Generation 200: Best fitness = 1.727181
Generation 250: Best fitness = 1.735191
Generation 300: Best fitness = 1.747753
Generation 350: Best fitness = 1.751261
Generation 400: Best fitness = 1.751903
Generation 450: Best fitness = 1.752710
Attempt 610: Current best = 1.941668
Generation 0: Best fitness = 0.859745
Generation 50: Best fitness = 1.578670
Generation 100: Best fitness = 1.679101
Generation 150: Best fitness = 1.705745
Generation 200: Best fitness = 1.708617
Generation 250: Best fitness = 1.711605
Generation 300: Best fitness = 1.712458
Generation 350: Best fitness = 1.713694
Generation 400: Best fitness = 1.714345
Generation 450: Best fitness = 1.714367
Attempt 611: Current best = 1.941668
Generation 0: Best fitness = 0.869804
Generation 50: Best fitness = 1.627042
Generation 100: Best fitness = 1.715339
Generation 150: Best fitness = 1.741825
Generation 200: Best fitness = 1.747533
Generation 250: Best fitness = 1.749261
Generation 300: Best fitness = 1.753461
Generation 350: Best fitness = 1.754875
Generation 400: Best fitness = 1.755205
Generation 450: Best fitness = 1.755205
Attempt 612: Current best = 1.941668
Generation 0: Best fitness = 0.847797
Generation 50: Best fitness = 1.595737
Generation 100: Best fitness = 1.673219
Generation 150: Best fitness = 1.690147
Generation 200: Best fitness = 1.698510
Generation 250: Best fitness = 1.705275
Generation 300: Best fitness = 1.706567
Generation 350: Best fitness = 1.707132
Generation 400: Best fitness = 1.708249
Generation 450: Best fitness = 1.708858
Attempt 613: Current best = 1.941668
Generation 0: Best fitness = 0.866836
Generation 50: Best fitness = 1.586291
Generation 100: Best fitness = 1.741989
Generation 150: Best fitness = 1.757731
Generation 200: Best fitness = 1.760013
Generation 250: Best fitness = 1.761236
Generation 300: Best fitness = 1.761497
Generation 350: Best fitness = 1.763494
Generation 400: Best fitness = 1.763866
Generation 450: Best fitness = 1.764418
Attempt 614: Current best = 1.941668
Generation 0: Best fitness = 0.856614
Generation 50: Best fitness = 1.565094
Generation 100: Best fitness = 1.723915
Generation 150: Best fitness = 1.731231
Generation 200: Best fitness = 1.735193
Generation 250: Best fitness = 1.741008
Generation 300: Best fitness = 1.744924
Generation 350: Best fitness = 1.745374
Generation 400: Best fitness = 1.745632
Generation 450: Best fitness = 1.745632
Attempt 615: Current best = 1.941668
Generation 0: Best fitness = 0.858994
Generation 50: Best fitness = 1.600951
Generation 100: Best fitness = 1.740384
Generation 150: Best fitness = 1.762432
Generation 200: Best fitness = 1.766195
Generation 250: Best fitness = 1.769871
Generation 300: Best fitness = 1.771073
Generation 350: Best fitness = 1.773492
Generation 400: Best fitness = 1.775022
Generation 450: Best fitness = 1.775664
Attempt 616: Current best = 1.941668
Generation 0: Best fitness = 0.861764
Generation 50: Best fitness = 1.673245
Generation 100: Best fitness = 1.811464
Generation 150: Best fitness = 1.820290
Generation 200: Best fitness = 1.822044
Generation 250: Best fitness = 1.823838
Generation 300: Best fitness = 1.824094
Generation 350: Best fitness = 1.824138
Generation 400: Best fitness = 1.824645
Generation 450: Best fitness = 1.825051
Attempt 617: Current best = 1.941668
Generation 0: Best fitness = 0.864238
Generation 50: Best fitness = 1.577698
Generation 100: Best fitness = 1.755954
Generation 150: Best fitness = 1.782839
Generation 200: Best fitness = 1.793114
Generation 250: Best fitness = 1.794166
Generation 300: Best fitness = 1.795546
Generation 350: Best fitness = 1.796765
Generation 400: Best fitness = 1.797892
Generation 450: Best fitness = 1.798083
Attempt 618: Current best = 1.941668
Generation 0: Best fitness = 0.850403
Generation 50: Best fitness = 1.610302
Generation 100: Best fitness = 1.750525
Generation 150: Best fitness = 1.767715
Generation 200: Best fitness = 1.770627
Generation 250: Best fitness = 1.775555
Generation 300: Best fitness = 1.779248
Generation 350: Best fitness = 1.779966
Generation 400: Best fitness = 1.781361
Generation 450: Best fitness = 1.781714
Attempt 619: Current best = 1.941668
Generation 0: Best fitness = 0.864956
Generation 50: Best fitness = 1.580671
Generation 100: Best fitness = 1.706301
Generation 150: Best fitness = 1.722671
Generation 200: Best fitness = 1.727938
Generation 250: Best fitness = 1.728593
Generation 300: Best fitness = 1.729933
Generation 350: Best fitness = 1.730338
Generation 400: Best fitness = 1.730893
Generation 450: Best fitness = 1.730893
Attempt 620: Current best = 1.941668
Generation 0: Best fitness = 0.850183
Generation 50: Best fitness = 1.652539
Generation 100: Best fitness = 1.764352
Generation 150: Best fitness = 1.771802
Generation 200: Best fitness = 1.774993
Generation 250: Best fitness = 1.776670
Generation 300: Best fitness = 1.778267
Generation 350: Best fitness = 1.778376
Generation 400: Best fitness = 1.778434
Generation 450: Best fitness = 1.778884
Attempt 621: Current best = 1.941668
Generation 0: Best fitness = 0.873284
Generation 50: Best fitness = 1.725454
Generation 100: Best fitness = 1.816679
Generation 150: Best fitness = 1.825670
Generation 200: Best fitness = 1.833193
Generation 250: Best fitness = 1.835522
Generation 300: Best fitness = 1.836381
Generation 350: Best fitness = 1.837993
Generation 400: Best fitness = 1.838233
Generation 450: Best fitness = 1.838332
Attempt 622: Current best = 1.941668
Generation 0: Best fitness = 0.847314
Generation 50: Best fitness = 1.654440
Generation 100: Best fitness = 1.732924
Generation 150: Best fitness = 1.749475
Generation 200: Best fitness = 1.755236
Generation 250: Best fitness = 1.757410
Generation 300: Best fitness = 1.758111
Generation 350: Best fitness = 1.758238
Generation 400: Best fitness = 1.759953
Generation 450: Best fitness = 1.761124
Attempt 623: Current best = 1.941668
Generation 0: Best fitness = 0.858260
Generation 50: Best fitness = 1.668729
Generation 100: Best fitness = 1.785476
Generation 150: Best fitness = 1.803023
Generation 200: Best fitness = 1.807781
Generation 250: Best fitness = 1.808349
Generation 300: Best fitness = 1.809386
Generation 350: Best fitness = 1.810349
Generation 400: Best fitness = 1.811041
Generation 450: Best fitness = 1.811041
Attempt 624: Current best = 1.941668
Generation 0: Best fitness = 0.855527
Generation 50: Best fitness = 1.639286
Generation 100: Best fitness = 1.782807
Generation 150: Best fitness = 1.792154
Generation 200: Best fitness = 1.792874
Generation 250: Best fitness = 1.794165
Generation 300: Best fitness = 1.794404
Generation 350: Best fitness = 1.794550
Generation 400: Best fitness = 1.794691
Generation 450: Best fitness = 1.794691
Attempt 625: Current best = 1.941668
Generation 0: Best fitness = 0.870375
Generation 50: Best fitness = 1.663004
Generation 100: Best fitness = 1.766001
Generation 150: Best fitness = 1.782981
Generation 200: Best fitness = 1.788015
Generation 250: Best fitness = 1.790843
Generation 300: Best fitness = 1.792468
Generation 350: Best fitness = 1.793978
Generation 400: Best fitness = 1.794268
Generation 450: Best fitness = 1.794561
Attempt 626: Current best = 1.941668
Generation 0: Best fitness = 0.859124
Generation 50: Best fitness = 1.637817
Generation 100: Best fitness = 1.722907
Generation 150: Best fitness = 1.732188
Generation 200: Best fitness = 1.742331
Generation 250: Best fitness = 1.747812
Generation 300: Best fitness = 1.748720
Generation 350: Best fitness = 1.749674
Generation 400: Best fitness = 1.751140
Generation 450: Best fitness = 1.751419
Attempt 627: Current best = 1.941668
Generation 0: Best fitness = 0.858460
Generation 50: Best fitness = 1.620880
Generation 100: Best fitness = 1.726893
Generation 150: Best fitness = 1.737942
Generation 200: Best fitness = 1.746223
Generation 250: Best fitness = 1.747991
Generation 300: Best fitness = 1.750069
Generation 350: Best fitness = 1.752141
Generation 400: Best fitness = 1.752568
Generation 450: Best fitness = 1.752681
Attempt 628: Current best = 1.941668
Generation 0: Best fitness = 0.851182
Generation 50: Best fitness = 1.637218
Generation 100: Best fitness = 1.743163
Generation 150: Best fitness = 1.751984
Generation 200: Best fitness = 1.754445
Generation 250: Best fitness = 1.756910
Generation 300: Best fitness = 1.758285
Generation 350: Best fitness = 1.758355
Generation 400: Best fitness = 1.758566
Generation 450: Best fitness = 1.758566
Attempt 629: Current best = 1.941668
Generation 0: Best fitness = 0.852886
Generation 50: Best fitness = 1.615878
Generation 100: Best fitness = 1.697758
Generation 150: Best fitness = 1.707350
Generation 200: Best fitness = 1.722642
Generation 250: Best fitness = 1.724756
Generation 300: Best fitness = 1.725566
Generation 350: Best fitness = 1.726198
Generation 400: Best fitness = 1.726763
Generation 450: Best fitness = 1.727780
Attempt 630: Current best = 1.941668
Generation 0: Best fitness = 0.854599
Generation 50: Best fitness = 1.628902
Generation 100: Best fitness = 1.730555
Generation 150: Best fitness = 1.739640
Generation 200: Best fitness = 1.740648
Generation 250: Best fitness = 1.742062
Generation 300: Best fitness = 1.742914
Generation 350: Best fitness = 1.743619
Generation 400: Best fitness = 1.743657
Generation 450: Best fitness = 1.743941
Attempt 631: Current best = 1.941668
Generation 0: Best fitness = 0.851832
Generation 50: Best fitness = 1.629933
Generation 100: Best fitness = 1.705941
Generation 150: Best fitness = 1.717251
Generation 200: Best fitness = 1.723177
Generation 250: Best fitness = 1.724340
Generation 300: Best fitness = 1.726569
Generation 350: Best fitness = 1.727413
Generation 400: Best fitness = 1.727769
Generation 450: Best fitness = 1.729764
Attempt 632: Current best = 1.941668
Generation 0: Best fitness = 0.856983
Generation 50: Best fitness = 1.662235
Generation 100: Best fitness = 1.776624
Generation 150: Best fitness = 1.785937
Generation 200: Best fitness = 1.789790
Generation 250: Best fitness = 1.790375
Generation 300: Best fitness = 1.791074
Generation 350: Best fitness = 1.792473
Generation 400: Best fitness = 1.792932
Generation 450: Best fitness = 1.793033
Attempt 633: Current best = 1.941668
Generation 0: Best fitness = 0.859095
Generation 50: Best fitness = 1.622893
Generation 100: Best fitness = 1.732035
Generation 150: Best fitness = 1.742314
Generation 200: Best fitness = 1.745449
Generation 250: Best fitness = 1.747411
Generation 300: Best fitness = 1.748197
Generation 350: Best fitness = 1.748314
Generation 400: Best fitness = 1.748808
Generation 450: Best fitness = 1.748875
Attempt 634: Current best = 1.941668
Generation 0: Best fitness = 0.858840
Generation 50: Best fitness = 1.610311
Generation 100: Best fitness = 1.747939
Generation 150: Best fitness = 1.761566
Generation 200: Best fitness = 1.766841
Generation 250: Best fitness = 1.767871
Generation 300: Best fitness = 1.768983
Generation 350: Best fitness = 1.771925
Generation 400: Best fitness = 1.771944
Generation 450: Best fitness = 1.772771
Attempt 635: Current best = 1.941668
Generation 0: Best fitness = 0.869404
Generation 50: Best fitness = 1.739769
Generation 100: Best fitness = 1.858575
Generation 150: Best fitness = 1.877473
Generation 200: Best fitness = 1.880988
Generation 250: Best fitness = 1.882187
Generation 300: Best fitness = 1.882682
Generation 350: Best fitness = 1.883242
Generation 400: Best fitness = 1.883846
Generation 450: Best fitness = 1.883846
Attempt 636: Current best = 1.941668
Generation 0: Best fitness = 0.865602
Generation 50: Best fitness = 1.666407
Generation 100: Best fitness = 1.778032
Generation 150: Best fitness = 1.794644
Generation 200: Best fitness = 1.799417
Generation 250: Best fitness = 1.800783
Generation 300: Best fitness = 1.803787
Generation 350: Best fitness = 1.804333
Generation 400: Best fitness = 1.804823
Generation 450: Best fitness = 1.812356
Attempt 637: Current best = 1.941668
Generation 0: Best fitness = 0.851018
Generation 50: Best fitness = 1.649022
Generation 100: Best fitness = 1.777136
Generation 150: Best fitness = 1.795099
Generation 200: Best fitness = 1.797564
Generation 250: Best fitness = 1.799812
Generation 300: Best fitness = 1.800973
Generation 350: Best fitness = 1.801603
Generation 400: Best fitness = 1.802248
Generation 450: Best fitness = 1.802347
Attempt 638: Current best = 1.941668
Generation 0: Best fitness = 0.877602
Generation 50: Best fitness = 1.627718
Generation 100: Best fitness = 1.752737
Generation 150: Best fitness = 1.759582
Generation 200: Best fitness = 1.763580
Generation 250: Best fitness = 1.765616
Generation 300: Best fitness = 1.766010
Generation 350: Best fitness = 1.766603
Generation 400: Best fitness = 1.768641
Generation 450: Best fitness = 1.769528
Attempt 639: Current best = 1.941668
Generation 0: Best fitness = 0.863615
Generation 50: Best fitness = 1.584759
Generation 100: Best fitness = 1.747660
Generation 150: Best fitness = 1.762001
Generation 200: Best fitness = 1.770477
Generation 250: Best fitness = 1.771511
Generation 300: Best fitness = 1.773445
Generation 350: Best fitness = 1.774373
Generation 400: Best fitness = 1.775192
Generation 450: Best fitness = 1.776329
Attempt 640: Current best = 1.941668
Generation 0: Best fitness = 0.874441
Generation 50: Best fitness = 1.652109
Generation 100: Best fitness = 1.749702
Generation 150: Best fitness = 1.765434
Generation 200: Best fitness = 1.767394
Generation 250: Best fitness = 1.769699
Generation 300: Best fitness = 1.770506
Generation 350: Best fitness = 1.770556
Generation 400: Best fitness = 1.770978
Generation 450: Best fitness = 1.771631
Attempt 641: Current best = 1.941668
Generation 0: Best fitness = 0.853431
Generation 50: Best fitness = 1.655835
Generation 100: Best fitness = 1.744483
Generation 150: Best fitness = 1.754439
Generation 200: Best fitness = 1.760415
Generation 250: Best fitness = 1.763725
Generation 300: Best fitness = 1.767125
Generation 350: Best fitness = 1.768872
Generation 400: Best fitness = 1.769019
Generation 450: Best fitness = 1.769057
Attempt 642: Current best = 1.941668
Generation 0: Best fitness = 0.844479
Generation 50: Best fitness = 1.647589
Generation 100: Best fitness = 1.771106
Generation 150: Best fitness = 1.784079
Generation 200: Best fitness = 1.788461
Generation 250: Best fitness = 1.788654
Generation 300: Best fitness = 1.790985
Generation 350: Best fitness = 1.791310
Generation 400: Best fitness = 1.791518
Generation 450: Best fitness = 1.792317
Attempt 643: Current best = 1.941668
Generation 0: Best fitness = 0.865304
Generation 50: Best fitness = 1.618047
Generation 100: Best fitness = 1.759506
Generation 150: Best fitness = 1.777112
Generation 200: Best fitness = 1.785216
Generation 250: Best fitness = 1.785972
Generation 300: Best fitness = 1.788727
Generation 350: Best fitness = 1.789607
Generation 400: Best fitness = 1.791397
Generation 450: Best fitness = 1.794285
Attempt 644: Current best = 1.941668
Generation 0: Best fitness = 0.861889
Generation 50: Best fitness = 1.772204
Generation 100: Best fitness = 1.896629
Generation 150: Best fitness = 1.912941
Generation 200: Best fitness = 1.920220
Generation 250: Best fitness = 1.924245
Generation 300: Best fitness = 1.924759
Generation 350: Best fitness = 1.925302
Generation 400: Best fitness = 1.925615
Generation 450: Best fitness = 1.926125
Attempt 645: Current best = 1.941668
Generation 0: Best fitness = 0.854200
Generation 50: Best fitness = 1.654309
Generation 100: Best fitness = 1.752999
Generation 150: Best fitness = 1.761484
Generation 200: Best fitness = 1.765401
Generation 250: Best fitness = 1.768847
Generation 300: Best fitness = 1.770226
Generation 350: Best fitness = 1.771461
Generation 400: Best fitness = 1.772418
Generation 450: Best fitness = 1.772418
Attempt 646: Current best = 1.941668
Generation 0: Best fitness = 0.860840
Generation 50: Best fitness = 1.627085
Generation 100: Best fitness = 1.754951
Generation 150: Best fitness = 1.766670
Generation 200: Best fitness = 1.769274
Generation 250: Best fitness = 1.775485
Generation 300: Best fitness = 1.781940
Generation 350: Best fitness = 1.782415
Generation 400: Best fitness = 1.782568
Generation 450: Best fitness = 1.783074
Attempt 647: Current best = 1.941668
Generation 0: Best fitness = 0.861287
Generation 50: Best fitness = 1.665183
Generation 100: Best fitness = 1.782957
Generation 150: Best fitness = 1.793558
Generation 200: Best fitness = 1.797751
Generation 250: Best fitness = 1.801667
Generation 300: Best fitness = 1.802423
Generation 350: Best fitness = 1.803422
Generation 400: Best fitness = 1.803488
Generation 450: Best fitness = 1.804475
Attempt 648: Current best = 1.941668
Generation 0: Best fitness = 0.849812
Generation 50: Best fitness = 1.641458
Generation 100: Best fitness = 1.766519
Generation 150: Best fitness = 1.775585
Generation 200: Best fitness = 1.779544
Generation 250: Best fitness = 1.784493
Generation 300: Best fitness = 1.784984
Generation 350: Best fitness = 1.785881
Generation 400: Best fitness = 1.787091
Generation 450: Best fitness = 1.787355
Attempt 649: Current best = 1.941668
Generation 0: Best fitness = 0.862138
Generation 50: Best fitness = 1.577137
Generation 100: Best fitness = 1.758584
Generation 150: Best fitness = 1.774457
Generation 200: Best fitness = 1.778606
Generation 250: Best fitness = 1.782979
Generation 300: Best fitness = 1.784450
Generation 350: Best fitness = 1.786378
Generation 400: Best fitness = 1.787834
Generation 450: Best fitness = 1.787868
Attempt 650: Current best = 1.941668
Generation 0: Best fitness = 0.861464
Generation 50: Best fitness = 1.644210
Generation 100: Best fitness = 1.758844
Generation 150: Best fitness = 1.769395
Generation 200: Best fitness = 1.772821
Generation 250: Best fitness = 1.773647
Generation 300: Best fitness = 1.774682
Generation 350: Best fitness = 1.774963
Generation 400: Best fitness = 1.775286
Generation 450: Best fitness = 1.776072
Attempt 651: Current best = 1.941668
Generation 0: Best fitness = 0.846314
Generation 50: Best fitness = 1.600659
Generation 100: Best fitness = 1.793789
Generation 150: Best fitness = 1.818744
Generation 200: Best fitness = 1.820012
Generation 250: Best fitness = 1.825670
Generation 300: Best fitness = 1.825838
Generation 350: Best fitness = 1.826738
Generation 400: Best fitness = 1.827124
Generation 450: Best fitness = 1.827246
Attempt 652: Current best = 1.941668
Generation 0: Best fitness = 0.865724
Generation 50: Best fitness = 1.565573
Generation 100: Best fitness = 1.763447
Generation 150: Best fitness = 1.786359
Generation 200: Best fitness = 1.791599
Generation 250: Best fitness = 1.793087
Generation 300: Best fitness = 1.793194
Generation 350: Best fitness = 1.793577
Generation 400: Best fitness = 1.793617
Generation 450: Best fitness = 1.794016
Attempt 653: Current best = 1.941668
Generation 0: Best fitness = 0.861528
Generation 50: Best fitness = 1.656127
Generation 100: Best fitness = 1.767430
Generation 150: Best fitness = 1.780774
Generation 200: Best fitness = 1.782798
Generation 250: Best fitness = 1.786791
Generation 300: Best fitness = 1.789064
Generation 350: Best fitness = 1.790635
Generation 400: Best fitness = 1.791002
Generation 450: Best fitness = 1.791314
Attempt 654: Current best = 1.941668
Generation 0: Best fitness = 0.854262
Generation 50: Best fitness = 1.660036
Generation 100: Best fitness = 1.798246
Generation 150: Best fitness = 1.810114
Generation 200: Best fitness = 1.813791
Generation 250: Best fitness = 1.817103
Generation 300: Best fitness = 1.818295
Generation 350: Best fitness = 1.818579
Generation 400: Best fitness = 1.818962
Generation 450: Best fitness = 1.819120
Attempt 655: Current best = 1.941668
Generation 0: Best fitness = 0.860567
Generation 50: Best fitness = 1.637040
Generation 100: Best fitness = 1.739309
Generation 150: Best fitness = 1.744497
Generation 200: Best fitness = 1.748491
Generation 250: Best fitness = 1.751294
Generation 300: Best fitness = 1.751452
Generation 350: Best fitness = 1.751782
Generation 400: Best fitness = 1.751879
Generation 450: Best fitness = 1.752155
Attempt 656: Current best = 1.941668
Generation 0: Best fitness = 0.859084
Generation 50: Best fitness = 1.576132
Generation 100: Best fitness = 1.679844
Generation 150: Best fitness = 1.686473
Generation 200: Best fitness = 1.704435
Generation 250: Best fitness = 1.715996
Generation 300: Best fitness = 1.731548
Generation 350: Best fitness = 1.732763
Generation 400: Best fitness = 1.734830
Generation 450: Best fitness = 1.734830
Attempt 657: Current best = 1.941668
Generation 0: Best fitness = 0.849794
Generation 50: Best fitness = 1.656908
Generation 100: Best fitness = 1.769803
Generation 150: Best fitness = 1.777904
Generation 200: Best fitness = 1.779405
Generation 250: Best fitness = 1.781163
Generation 300: Best fitness = 1.781432
Generation 350: Best fitness = 1.783148
Generation 400: Best fitness = 1.783935
Generation 450: Best fitness = 1.784195
Attempt 658: Current best = 1.941668
Generation 0: Best fitness = 0.842613
Generation 50: Best fitness = 1.625283
Generation 100: Best fitness = 1.773956
Generation 150: Best fitness = 1.789567
Generation 200: Best fitness = 1.792904
Generation 250: Best fitness = 1.794171
Generation 300: Best fitness = 1.796097
Generation 350: Best fitness = 1.796671
Generation 400: Best fitness = 1.798250
Generation 450: Best fitness = 1.798463
Attempt 659: Current best = 1.941668
Generation 0: Best fitness = 0.862423
Generation 50: Best fitness = 1.617074
Generation 100: Best fitness = 1.730688
Generation 150: Best fitness = 1.751313
Generation 200: Best fitness = 1.757517
Generation 250: Best fitness = 1.758390
Generation 300: Best fitness = 1.760228
Generation 350: Best fitness = 1.761066
Generation 400: Best fitness = 1.761203
Generation 450: Best fitness = 1.761830
Attempt 660: Current best = 1.941668
Generation 0: Best fitness = 0.876543
Generation 50: Best fitness = 1.723520
Generation 100: Best fitness = 1.824116
Generation 150: Best fitness = 1.835365
Generation 200: Best fitness = 1.837743
Generation 250: Best fitness = 1.841625
Generation 300: Best fitness = 1.842181
Generation 350: Best fitness = 1.842589
Generation 400: Best fitness = 1.842791
Generation 450: Best fitness = 1.842900
Attempt 661: Current best = 1.941668
Generation 0: Best fitness = 0.856718
Generation 50: Best fitness = 1.624781
Generation 100: Best fitness = 1.756403
Generation 150: Best fitness = 1.763314
Generation 200: Best fitness = 1.766920
Generation 250: Best fitness = 1.769300
Generation 300: Best fitness = 1.770383
Generation 350: Best fitness = 1.771698
Generation 400: Best fitness = 1.771737
Generation 450: Best fitness = 1.771832
Attempt 662: Current best = 1.941668
Generation 0: Best fitness = 0.865415
Generation 50: Best fitness = 1.589571
Generation 100: Best fitness = 1.765233
Generation 150: Best fitness = 1.776667
Generation 200: Best fitness = 1.780204
Generation 250: Best fitness = 1.781694
Generation 300: Best fitness = 1.783505
Generation 350: Best fitness = 1.783975
Generation 400: Best fitness = 1.784341
Generation 450: Best fitness = 1.784378
Attempt 663: Current best = 1.941668
Generation 0: Best fitness = 0.855986
Generation 50: Best fitness = 1.672260
Generation 100: Best fitness = 1.783118
Generation 150: Best fitness = 1.792163
Generation 200: Best fitness = 1.793327
Generation 250: Best fitness = 1.794327
Generation 300: Best fitness = 1.795183
Generation 350: Best fitness = 1.798856
Generation 400: Best fitness = 1.798856
Generation 450: Best fitness = 1.799232
Attempt 664: Current best = 1.941668
Generation 0: Best fitness = 0.866484
Generation 50: Best fitness = 1.632224
Generation 100: Best fitness = 1.764979
Generation 150: Best fitness = 1.776903
Generation 200: Best fitness = 1.782489
Generation 250: Best fitness = 1.784558
Generation 300: Best fitness = 1.785466
Generation 350: Best fitness = 1.786650
Generation 400: Best fitness = 1.786869
Generation 450: Best fitness = 1.786894
Attempt 665: Current best = 1.941668
Generation 0: Best fitness = 0.846935
Generation 50: Best fitness = 1.660211
Generation 100: Best fitness = 1.769015
Generation 150: Best fitness = 1.787278
Generation 200: Best fitness = 1.795651
Generation 250: Best fitness = 1.798992
Generation 300: Best fitness = 1.799455
Generation 350: Best fitness = 1.801180
Generation 400: Best fitness = 1.801780
Generation 450: Best fitness = 1.801780
Attempt 666: Current best = 1.941668
Generation 0: Best fitness = 0.856309
Generation 50: Best fitness = 1.734421
Generation 100: Best fitness = 1.827605
Generation 150: Best fitness = 1.834867
Generation 200: Best fitness = 1.840028
Generation 250: Best fitness = 1.842516
Generation 300: Best fitness = 1.843699
Generation 350: Best fitness = 1.844227
Generation 400: Best fitness = 1.845226
Generation 450: Best fitness = 1.845335
Attempt 667: Current best = 1.941668
Generation 0: Best fitness = 0.842978
Generation 50: Best fitness = 1.630609
Generation 100: Best fitness = 1.735726
Generation 150: Best fitness = 1.743009
Generation 200: Best fitness = 1.745448
Generation 250: Best fitness = 1.747235
Generation 300: Best fitness = 1.749452
Generation 350: Best fitness = 1.749453
Generation 400: Best fitness = 1.749486
Generation 450: Best fitness = 1.750311
Attempt 668: Current best = 1.941668
Generation 0: Best fitness = 0.854166
Generation 50: Best fitness = 1.759608
Generation 100: Best fitness = 1.855746
Generation 150: Best fitness = 1.862972
Generation 200: Best fitness = 1.866911
Generation 250: Best fitness = 1.868890
Generation 300: Best fitness = 1.870034
Generation 350: Best fitness = 1.870376
Generation 400: Best fitness = 1.870623
Generation 450: Best fitness = 1.871945
Attempt 669: Current best = 1.941668
Generation 0: Best fitness = 0.863931
Generation 50: Best fitness = 1.651574
Generation 100: Best fitness = 1.797202
Generation 150: Best fitness = 1.815079
Generation 200: Best fitness = 1.816934
Generation 250: Best fitness = 1.825465
Generation 300: Best fitness = 1.827844
Generation 350: Best fitness = 1.828406
Generation 400: Best fitness = 1.828629
Generation 450: Best fitness = 1.829549
Attempt 670: Current best = 1.941668
Generation 0: Best fitness = 0.871099
Generation 50: Best fitness = 1.666890
Generation 100: Best fitness = 1.760175
Generation 150: Best fitness = 1.773618
Generation 200: Best fitness = 1.784681
Generation 250: Best fitness = 1.787971
Generation 300: Best fitness = 1.788933
Generation 350: Best fitness = 1.789105
Generation 400: Best fitness = 1.789497
Generation 450: Best fitness = 1.789791
Attempt 671: Current best = 1.941668
Generation 0: Best fitness = 0.849515
Generation 50: Best fitness = 1.642772
Generation 100: Best fitness = 1.727189
Generation 150: Best fitness = 1.737651
Generation 200: Best fitness = 1.740506
Generation 250: Best fitness = 1.741272
Generation 300: Best fitness = 1.741635
Generation 350: Best fitness = 1.742014
Generation 400: Best fitness = 1.742289
Generation 450: Best fitness = 1.742716
Attempt 672: Current best = 1.941668
Generation 0: Best fitness = 0.862608
Generation 50: Best fitness = 1.709813
Generation 100: Best fitness = 1.894000
Generation 150: Best fitness = 1.912310
Generation 200: Best fitness = 1.914844
Generation 250: Best fitness = 1.917620
Generation 300: Best fitness = 1.917876
Generation 350: Best fitness = 1.919099
Generation 400: Best fitness = 1.919366
Generation 450: Best fitness = 1.919920
Attempt 673: Current best = 1.941668
Generation 0: Best fitness = 0.859020
Generation 50: Best fitness = 1.662330
Generation 100: Best fitness = 1.804619
Generation 150: Best fitness = 1.847460
Generation 200: Best fitness = 1.852096
Generation 250: Best fitness = 1.854378
Generation 300: Best fitness = 1.854939
Generation 350: Best fitness = 1.855869
Generation 400: Best fitness = 1.857616
Generation 450: Best fitness = 1.858265
Attempt 674: Current best = 1.941668
Generation 0: Best fitness = 0.853623
Generation 50: Best fitness = 1.602922
Generation 100: Best fitness = 1.687173
Generation 150: Best fitness = 1.698989
Generation 200: Best fitness = 1.702529
Generation 250: Best fitness = 1.704754
Generation 300: Best fitness = 1.704895
Generation 350: Best fitness = 1.705432
Generation 400: Best fitness = 1.705432
Generation 450: Best fitness = 1.705460
Attempt 675: Current best = 1.941668
Generation 0: Best fitness = 0.869256
Generation 50: Best fitness = 1.608101
Generation 100: Best fitness = 1.721991
Generation 150: Best fitness = 1.751913
Generation 200: Best fitness = 1.779498
Generation 250: Best fitness = 1.781865
Generation 300: Best fitness = 1.784847
Generation 350: Best fitness = 1.790034
Generation 400: Best fitness = 1.791232
Generation 450: Best fitness = 1.791608
Attempt 676: Current best = 1.941668
Generation 0: Best fitness = 0.857849
Generation 50: Best fitness = 1.703669
Generation 100: Best fitness = 1.793920
Generation 150: Best fitness = 1.803563
Generation 200: Best fitness = 1.809900
Generation 250: Best fitness = 1.811535
Generation 300: Best fitness = 1.811807
Generation 350: Best fitness = 1.812674
Generation 400: Best fitness = 1.813529
Generation 450: Best fitness = 1.819337
Attempt 677: Current best = 1.941668
Generation 0: Best fitness = 0.858291
Generation 50: Best fitness = 1.612850
Generation 100: Best fitness = 1.743813
Generation 150: Best fitness = 1.757946
Generation 200: Best fitness = 1.761555
Generation 250: Best fitness = 1.763754
Generation 300: Best fitness = 1.764915
Generation 350: Best fitness = 1.767299
Generation 400: Best fitness = 1.768306
Generation 450: Best fitness = 1.769092
Attempt 678: Current best = 1.941668
Generation 0: Best fitness = 0.858116
Generation 50: Best fitness = 1.655798
Generation 100: Best fitness = 1.768823
Generation 150: Best fitness = 1.777782
Generation 200: Best fitness = 1.782968
Generation 250: Best fitness = 1.785113
Generation 300: Best fitness = 1.785623
Generation 350: Best fitness = 1.786667
Generation 400: Best fitness = 1.786690
Generation 450: Best fitness = 1.786960
Attempt 679: Current best = 1.941668
Generation 0: Best fitness = 0.845153
Generation 50: Best fitness = 1.686908
Generation 100: Best fitness = 1.749449
Generation 150: Best fitness = 1.757704
Generation 200: Best fitness = 1.760367
Generation 250: Best fitness = 1.764486
Generation 300: Best fitness = 1.765458
Generation 350: Best fitness = 1.766310
Generation 400: Best fitness = 1.766750
Generation 450: Best fitness = 1.767518
Attempt 680: Current best = 1.941668
Generation 0: Best fitness = 0.834730
Generation 50: Best fitness = 1.609161
Generation 100: Best fitness = 1.710299
Generation 150: Best fitness = 1.717345
Generation 200: Best fitness = 1.719843
Generation 250: Best fitness = 1.721407
Generation 300: Best fitness = 1.722440
Generation 350: Best fitness = 1.722886
Generation 400: Best fitness = 1.723385
Generation 450: Best fitness = 1.723572
Attempt 681: Current best = 1.941668
Generation 0: Best fitness = 0.878045
Generation 50: Best fitness = 1.669490
Generation 100: Best fitness = 1.736514
Generation 150: Best fitness = 1.756747
Generation 200: Best fitness = 1.759239
Generation 250: Best fitness = 1.761547
Generation 300: Best fitness = 1.770223
Generation 350: Best fitness = 1.776494
Generation 400: Best fitness = 1.780371
Generation 450: Best fitness = 1.780441
Attempt 682: Current best = 1.941668
Generation 0: Best fitness = 0.854888
Generation 50: Best fitness = 1.666486
Generation 100: Best fitness = 1.880975
Generation 150: Best fitness = 1.887729
Generation 200: Best fitness = 1.892942
Generation 250: Best fitness = 1.894629
Generation 300: Best fitness = 1.895509
Generation 350: Best fitness = 1.895509
Generation 400: Best fitness = 1.896141
Generation 450: Best fitness = 1.896591
Attempt 683: Current best = 1.941668
Generation 0: Best fitness = 0.865803
Generation 50: Best fitness = 1.622302
Generation 100: Best fitness = 1.746429
Generation 150: Best fitness = 1.763491
Generation 200: Best fitness = 1.768101
Generation 250: Best fitness = 1.769607
Generation 300: Best fitness = 1.771329
Generation 350: Best fitness = 1.772561
Generation 400: Best fitness = 1.773040
Generation 450: Best fitness = 1.773306
Attempt 684: Current best = 1.941668
Generation 0: Best fitness = 0.848206
Generation 50: Best fitness = 1.607719
Generation 100: Best fitness = 1.779672
Generation 150: Best fitness = 1.804663
Generation 200: Best fitness = 1.809557
Generation 250: Best fitness = 1.811338
Generation 300: Best fitness = 1.812650
Generation 350: Best fitness = 1.814519
Generation 400: Best fitness = 1.816856
Generation 450: Best fitness = 1.817917
Attempt 685: Current best = 1.941668
Generation 0: Best fitness = 0.852600
Generation 50: Best fitness = 1.597778
Generation 100: Best fitness = 1.712008
Generation 150: Best fitness = 1.734726
Generation 200: Best fitness = 1.737124
Generation 250: Best fitness = 1.739174
Generation 300: Best fitness = 1.746970
Generation 350: Best fitness = 1.747920
Generation 400: Best fitness = 1.749251
Generation 450: Best fitness = 1.751238
Attempt 686: Current best = 1.941668
Generation 0: Best fitness = 0.875244
Generation 50: Best fitness = 1.621073
Generation 100: Best fitness = 1.764489
Generation 150: Best fitness = 1.777689
Generation 200: Best fitness = 1.782152
Generation 250: Best fitness = 1.786023
Generation 300: Best fitness = 1.788134
Generation 350: Best fitness = 1.789576
Generation 400: Best fitness = 1.790193
Generation 450: Best fitness = 1.790223
Attempt 687: Current best = 1.941668
Generation 0: Best fitness = 0.855792
Generation 50: Best fitness = 1.618337
Generation 100: Best fitness = 1.764828
Generation 150: Best fitness = 1.798596
Generation 200: Best fitness = 1.803605
Generation 250: Best fitness = 1.806800
Generation 300: Best fitness = 1.817584
Generation 350: Best fitness = 1.818078
Generation 400: Best fitness = 1.818216
Generation 450: Best fitness = 1.818758
Attempt 688: Current best = 1.941668
Generation 0: Best fitness = 0.855085
Generation 50: Best fitness = 1.587991
Generation 100: Best fitness = 1.731675
Generation 150: Best fitness = 1.761256
Generation 200: Best fitness = 1.772534
Generation 250: Best fitness = 1.774650
Generation 300: Best fitness = 1.775583
Generation 350: Best fitness = 1.775816
Generation 400: Best fitness = 1.776818
Generation 450: Best fitness = 1.777028
Attempt 689: Current best = 1.941668
Generation 0: Best fitness = 0.851954
Generation 50: Best fitness = 1.582785
Generation 100: Best fitness = 1.732238
Generation 150: Best fitness = 1.755260
Generation 200: Best fitness = 1.761379
Generation 250: Best fitness = 1.763251
Generation 300: Best fitness = 1.767871
Generation 350: Best fitness = 1.771273
Generation 400: Best fitness = 1.771310
Generation 450: Best fitness = 1.771908
Attempt 690: Current best = 1.941668
Generation 0: Best fitness = 0.848555
Generation 50: Best fitness = 1.585084
Generation 100: Best fitness = 1.711602
Generation 150: Best fitness = 1.731361
Generation 200: Best fitness = 1.734370
Generation 250: Best fitness = 1.735075
Generation 300: Best fitness = 1.736476
Generation 350: Best fitness = 1.736567
Generation 400: Best fitness = 1.736770
Generation 450: Best fitness = 1.737214
Attempt 691: Current best = 1.941668
Generation 0: Best fitness = 0.854808
Generation 50: Best fitness = 1.623606
Generation 100: Best fitness = 1.741828
Generation 150: Best fitness = 1.764375
Generation 200: Best fitness = 1.767609
Generation 250: Best fitness = 1.769296
Generation 300: Best fitness = 1.770061
Generation 350: Best fitness = 1.770574
Generation 400: Best fitness = 1.770589
Generation 450: Best fitness = 1.771190
Attempt 692: Current best = 1.941668
Generation 0: Best fitness = 0.846171
Generation 50: Best fitness = 1.635114
Generation 100: Best fitness = 1.757950
Generation 150: Best fitness = 1.766309
Generation 200: Best fitness = 1.768914
Generation 250: Best fitness = 1.771038
Generation 300: Best fitness = 1.772177
Generation 350: Best fitness = 1.772478
Generation 400: Best fitness = 1.772850
Generation 450: Best fitness = 1.772974
Attempt 693: Current best = 1.941668
Generation 0: Best fitness = 0.873332
Generation 50: Best fitness = 1.648326
Generation 100: Best fitness = 1.716883
Generation 150: Best fitness = 1.725461
Generation 200: Best fitness = 1.732591
Generation 250: Best fitness = 1.734530
Generation 300: Best fitness = 1.735514
Generation 350: Best fitness = 1.736302
Generation 400: Best fitness = 1.736468
Generation 450: Best fitness = 1.736615
Attempt 694: Current best = 1.941668
Generation 0: Best fitness = 0.856740
Generation 50: Best fitness = 1.654323
Generation 100: Best fitness = 1.774029
Generation 150: Best fitness = 1.794011
Generation 200: Best fitness = 1.798798
Generation 250: Best fitness = 1.800916
Generation 300: Best fitness = 1.801620
Generation 350: Best fitness = 1.807224
Generation 400: Best fitness = 1.810859
Generation 450: Best fitness = 1.811181
Attempt 695: Current best = 1.941668
Generation 0: Best fitness = 0.865694
Generation 50: Best fitness = 1.664086
Generation 100: Best fitness = 1.783222
Generation 150: Best fitness = 1.789950
Generation 200: Best fitness = 1.791637
Generation 250: Best fitness = 1.807184
Generation 300: Best fitness = 1.809353
Generation 350: Best fitness = 1.811881
Generation 400: Best fitness = 1.813499
Generation 450: Best fitness = 1.813514
Attempt 696: Current best = 1.941668
Generation 0: Best fitness = 0.872267
Generation 50: Best fitness = 1.636451
Generation 100: Best fitness = 1.722134
Generation 150: Best fitness = 1.731704
Generation 200: Best fitness = 1.732886
Generation 250: Best fitness = 1.733772
Generation 300: Best fitness = 1.734763
Generation 350: Best fitness = 1.735361
Generation 400: Best fitness = 1.735697
Generation 450: Best fitness = 1.735731
Attempt 697: Current best = 1.941668
Generation 0: Best fitness = 0.843148
Generation 50: Best fitness = 1.626856
Generation 100: Best fitness = 1.717684
Generation 150: Best fitness = 1.725615
Generation 200: Best fitness = 1.729253
Generation 250: Best fitness = 1.729630
Generation 300: Best fitness = 1.730734
Generation 350: Best fitness = 1.731011
Generation 400: Best fitness = 1.731567
Generation 450: Best fitness = 1.732074
Attempt 698: Current best = 1.941668
Generation 0: Best fitness = 0.860990
Generation 50: Best fitness = 1.677034
Generation 100: Best fitness = 1.785748
Generation 150: Best fitness = 1.791612
Generation 200: Best fitness = 1.794032
Generation 250: Best fitness = 1.795325
Generation 300: Best fitness = 1.795357
Generation 350: Best fitness = 1.795974
Generation 400: Best fitness = 1.796546
Generation 450: Best fitness = 1.796546
Attempt 699: Current best = 1.941668
Generation 0: Best fitness = 0.853604
Generation 50: Best fitness = 1.581307
Generation 100: Best fitness = 1.746092
Generation 150: Best fitness = 1.768824
Generation 200: Best fitness = 1.773480
Generation 250: Best fitness = 1.775786
Generation 300: Best fitness = 1.777110
Generation 350: Best fitness = 1.785185
Generation 400: Best fitness = 1.786092
Generation 450: Best fitness = 1.791935
Attempt 700: Current best = 1.941668
Generation 0: Best fitness = 0.862720
Generation 50: Best fitness = 1.645709
Generation 100: Best fitness = 1.747200
Generation 150: Best fitness = 1.762526
Generation 200: Best fitness = 1.767502
Generation 250: Best fitness = 1.767965
Generation 300: Best fitness = 1.768295
Generation 350: Best fitness = 1.768909
Generation 400: Best fitness = 1.769457
Generation 450: Best fitness = 1.769518
Attempt 701: Current best = 1.941668
Generation 0: Best fitness = 0.856721
Generation 50: Best fitness = 1.654854
Generation 100: Best fitness = 1.806722
Generation 150: Best fitness = 1.817179
Generation 200: Best fitness = 1.819148
Generation 250: Best fitness = 1.821204
Generation 300: Best fitness = 1.821873
Generation 350: Best fitness = 1.823754
Generation 400: Best fitness = 1.824136
Generation 450: Best fitness = 1.824956
Attempt 702: Current best = 1.941668
Generation 0: Best fitness = 0.862964
Generation 50: Best fitness = 1.653168
Generation 100: Best fitness = 1.776450
Generation 150: Best fitness = 1.790719
Generation 200: Best fitness = 1.795433
Generation 250: Best fitness = 1.796175
Generation 300: Best fitness = 1.797651
Generation 350: Best fitness = 1.798551
Generation 400: Best fitness = 1.798551
Generation 450: Best fitness = 1.798811
Attempt 703: Current best = 1.941668
Generation 0: Best fitness = 0.857135
Generation 50: Best fitness = 1.625353
Generation 100: Best fitness = 1.757048
Generation 150: Best fitness = 1.765104
Generation 200: Best fitness = 1.766845
Generation 250: Best fitness = 1.768248
Generation 300: Best fitness = 1.770013
Generation 350: Best fitness = 1.771135
Generation 400: Best fitness = 1.771365
Generation 450: Best fitness = 1.771867
Attempt 704: Current best = 1.941668
Generation 0: Best fitness = 0.863586
Generation 50: Best fitness = 1.689740
Generation 100: Best fitness = 1.801845
Generation 150: Best fitness = 1.813112
Generation 200: Best fitness = 1.817817
Generation 250: Best fitness = 1.820774
Generation 300: Best fitness = 1.821637
Generation 350: Best fitness = 1.821637
Generation 400: Best fitness = 1.822163
Generation 450: Best fitness = 1.822380
Attempt 705: Current best = 1.941668
Generation 0: Best fitness = 0.850752
Generation 50: Best fitness = 1.683743
Generation 100: Best fitness = 1.831829
Generation 150: Best fitness = 1.845011
Generation 200: Best fitness = 1.846902
Generation 250: Best fitness = 1.850681
Generation 300: Best fitness = 1.851939
Generation 350: Best fitness = 1.852901
Generation 400: Best fitness = 1.853922
Generation 450: Best fitness = 1.854069
Attempt 706: Current best = 1.941668
Generation 0: Best fitness = 0.844754
Generation 50: Best fitness = 1.593040
Generation 100: Best fitness = 1.713413
Generation 150: Best fitness = 1.727939
Generation 200: Best fitness = 1.734139
Generation 250: Best fitness = 1.743328
Generation 300: Best fitness = 1.746159
Generation 350: Best fitness = 1.747585
Generation 400: Best fitness = 1.748684
Generation 450: Best fitness = 1.748897
Attempt 707: Current best = 1.941668
Generation 0: Best fitness = 0.847921
Generation 50: Best fitness = 1.611177
Generation 100: Best fitness = 1.763557
Generation 150: Best fitness = 1.783815
Generation 200: Best fitness = 1.788620
Generation 250: Best fitness = 1.790551
Generation 300: Best fitness = 1.791959
Generation 350: Best fitness = 1.792683
Generation 400: Best fitness = 1.793475
Generation 450: Best fitness = 1.793938
Attempt 708: Current best = 1.941668
Generation 0: Best fitness = 0.874063
Generation 50: Best fitness = 1.711763
Generation 100: Best fitness = 1.800746
Generation 150: Best fitness = 1.809482
Generation 200: Best fitness = 1.814905
Generation 250: Best fitness = 1.822891
Generation 300: Best fitness = 1.823385
Generation 350: Best fitness = 1.824454
Generation 400: Best fitness = 1.824639
Generation 450: Best fitness = 1.824639
Attempt 709: Current best = 1.941668
Generation 0: Best fitness = 0.865185
Generation 50: Best fitness = 1.670269
Generation 100: Best fitness = 1.755773
Generation 150: Best fitness = 1.768117
Generation 200: Best fitness = 1.773743
Generation 250: Best fitness = 1.776460
Generation 300: Best fitness = 1.777448
Generation 350: Best fitness = 1.778447
Generation 400: Best fitness = 1.779560
Generation 450: Best fitness = 1.780193
Attempt 710: Current best = 1.941668
Generation 0: Best fitness = 0.859716
Generation 50: Best fitness = 1.650586
Generation 100: Best fitness = 1.754987
Generation 150: Best fitness = 1.765169
Generation 200: Best fitness = 1.769195
Generation 250: Best fitness = 1.772090
Generation 300: Best fitness = 1.773267
Generation 350: Best fitness = 1.773818
Generation 400: Best fitness = 1.773978
Generation 450: Best fitness = 1.774402
Attempt 711: Current best = 1.941668
Generation 0: Best fitness = 0.850356
Generation 50: Best fitness = 1.649252
Generation 100: Best fitness = 1.759748
Generation 150: Best fitness = 1.766069
Generation 200: Best fitness = 1.767274
Generation 250: Best fitness = 1.769818
Generation 300: Best fitness = 1.771272
Generation 350: Best fitness = 1.771579
Generation 400: Best fitness = 1.771963
Generation 450: Best fitness = 1.772455
Attempt 712: Current best = 1.941668
Generation 0: Best fitness = 0.867660
Generation 50: Best fitness = 1.629179
Generation 100: Best fitness = 1.786349
Generation 150: Best fitness = 1.799517
Generation 200: Best fitness = 1.801362
Generation 250: Best fitness = 1.802202
Generation 300: Best fitness = 1.802771
Generation 350: Best fitness = 1.802948
Generation 400: Best fitness = 1.803333
Generation 450: Best fitness = 1.803442
Attempt 713: Current best = 1.941668
Generation 0: Best fitness = 0.845496
Generation 50: Best fitness = 1.576430
Generation 100: Best fitness = 1.752679
Generation 150: Best fitness = 1.786924
Generation 200: Best fitness = 1.792186
Generation 250: Best fitness = 1.794961
Generation 300: Best fitness = 1.795825
Generation 350: Best fitness = 1.803408
Generation 400: Best fitness = 1.803806
Generation 450: Best fitness = 1.804481
Attempt 714: Current best = 1.941668
Generation 0: Best fitness = 0.865526
Generation 50: Best fitness = 1.618694
Generation 100: Best fitness = 1.752081
Generation 150: Best fitness = 1.765444
Generation 200: Best fitness = 1.767460
Generation 250: Best fitness = 1.767812
Generation 300: Best fitness = 1.768375
Generation 350: Best fitness = 1.769391
Generation 400: Best fitness = 1.769534
Generation 450: Best fitness = 1.775867
Attempt 715: Current best = 1.941668
Generation 0: Best fitness = 0.862886
Generation 50: Best fitness = 1.669701
Generation 100: Best fitness = 1.805556
Generation 150: Best fitness = 1.815525
Generation 200: Best fitness = 1.818843
Generation 250: Best fitness = 1.820839
Generation 300: Best fitness = 1.821811
Generation 350: Best fitness = 1.821971
Generation 400: Best fitness = 1.823331
Generation 450: Best fitness = 1.823836
Attempt 716: Current best = 1.941668
Generation 0: Best fitness = 0.849559
Generation 50: Best fitness = 1.739049
Generation 100: Best fitness = 1.899244
Generation 150: Best fitness = 1.938856
Generation 200: Best fitness = 1.953708
Generation 250: Best fitness = 1.957300
Generation 300: Best fitness = 1.958001
Generation 350: Best fitness = 1.958512
Generation 400: Best fitness = 1.959351
Generation 450: Best fitness = 1.959762
Attempt 717: Current best = 1.959807
Generation 0: Best fitness = 0.851964
Generation 50: Best fitness = 1.543723
Generation 100: Best fitness = 1.698646
Generation 150: Best fitness = 1.720476
Generation 200: Best fitness = 1.727314
Generation 250: Best fitness = 1.740253
Generation 300: Best fitness = 1.792013
Generation 350: Best fitness = 1.856165
Generation 400: Best fitness = 1.860774
Generation 450: Best fitness = 1.867288
Attempt 718: Current best = 1.959807
Generation 0: Best fitness = 0.848305
Generation 50: Best fitness = 1.624060
Generation 100: Best fitness = 1.724743
Generation 150: Best fitness = 1.729093
Generation 200: Best fitness = 1.735068
Generation 250: Best fitness = 1.737751
Generation 300: Best fitness = 1.738352
Generation 350: Best fitness = 1.738675
Generation 400: Best fitness = 1.738772
Generation 450: Best fitness = 1.739068
Attempt 719: Current best = 1.959807
Generation 0: Best fitness = 0.856442
Generation 50: Best fitness = 1.599808
Generation 100: Best fitness = 1.654202
Generation 150: Best fitness = 1.661565
Generation 200: Best fitness = 1.664340
Generation 250: Best fitness = 1.665417
Generation 300: Best fitness = 1.666401
Generation 350: Best fitness = 1.666714
Generation 400: Best fitness = 1.666879
Generation 450: Best fitness = 1.666879
Attempt 720: Current best = 1.959807
Generation 0: Best fitness = 0.849741
Generation 50: Best fitness = 1.580595
Generation 100: Best fitness = 1.763802
Generation 150: Best fitness = 1.796492
Generation 200: Best fitness = 1.801138
Generation 250: Best fitness = 1.804677
Generation 300: Best fitness = 1.813487
Generation 350: Best fitness = 1.821597
Generation 400: Best fitness = 1.823100
Generation 450: Best fitness = 1.823889
Attempt 721: Current best = 1.959807
Generation 0: Best fitness = 0.870657
Generation 50: Best fitness = 1.616759
Generation 100: Best fitness = 1.776397
Generation 150: Best fitness = 1.789821
Generation 200: Best fitness = 1.791478
Generation 250: Best fitness = 1.792593
Generation 300: Best fitness = 1.794006
Generation 350: Best fitness = 1.794345
Generation 400: Best fitness = 1.794520
Generation 450: Best fitness = 1.795230
Attempt 722: Current best = 1.959807
Generation 0: Best fitness = 0.862072
Generation 50: Best fitness = 1.636080
Generation 100: Best fitness = 1.741028
Generation 150: Best fitness = 1.755169
Generation 200: Best fitness = 1.758994
Generation 250: Best fitness = 1.759849
Generation 300: Best fitness = 1.760167
Generation 350: Best fitness = 1.762241
Generation 400: Best fitness = 1.763560
Generation 450: Best fitness = 1.764076
Attempt 723: Current best = 1.959807
Generation 0: Best fitness = 0.861959
Generation 50: Best fitness = 1.560026
Generation 100: Best fitness = 1.724014
Generation 150: Best fitness = 1.739766
Generation 200: Best fitness = 1.744436
Generation 250: Best fitness = 1.746020
Generation 300: Best fitness = 1.747025
Generation 350: Best fitness = 1.747211
Generation 400: Best fitness = 1.747446
Generation 450: Best fitness = 1.748011
Attempt 724: Current best = 1.959807
Generation 0: Best fitness = 0.866528
Generation 50: Best fitness = 1.616699
Generation 100: Best fitness = 1.703458
Generation 150: Best fitness = 1.743874
Generation 200: Best fitness = 1.746498
Generation 250: Best fitness = 1.748104
Generation 300: Best fitness = 1.749695
Generation 350: Best fitness = 1.749716
Generation 400: Best fitness = 1.750440
Generation 450: Best fitness = 1.751074
Attempt 725: Current best = 1.959807
Generation 0: Best fitness = 0.852758
Generation 50: Best fitness = 1.575530
Generation 100: Best fitness = 1.678340
Generation 150: Best fitness = 1.693271
Generation 200: Best fitness = 1.697014
Generation 250: Best fitness = 1.697352
Generation 300: Best fitness = 1.698390
Generation 350: Best fitness = 1.699657
Generation 400: Best fitness = 1.700054
Generation 450: Best fitness = 1.723563
Attempt 726: Current best = 1.959807
Generation 0: Best fitness = 0.860484
Generation 50: Best fitness = 1.635870
Generation 100: Best fitness = 1.731595
Generation 150: Best fitness = 1.740249
Generation 200: Best fitness = 1.743412
Generation 250: Best fitness = 1.744179
Generation 300: Best fitness = 1.745562
Generation 350: Best fitness = 1.745562
Generation 400: Best fitness = 1.746692
Generation 450: Best fitness = 1.746696
Attempt 727: Current best = 1.959807
Generation 0: Best fitness = 0.863136
Generation 50: Best fitness = 1.625926
Generation 100: Best fitness = 1.757003
Generation 150: Best fitness = 1.770790
Generation 200: Best fitness = 1.773303
Generation 250: Best fitness = 1.777108
Generation 300: Best fitness = 1.777521
Generation 350: Best fitness = 1.777762
Generation 400: Best fitness = 1.777906
Generation 450: Best fitness = 1.777978
Attempt 728: Current best = 1.959807
Generation 0: Best fitness = 0.868530
Generation 50: Best fitness = 1.657394
Generation 100: Best fitness = 1.755462
Generation 150: Best fitness = 1.764343
Generation 200: Best fitness = 1.766942
Generation 250: Best fitness = 1.774153
Generation 300: Best fitness = 1.774774
Generation 350: Best fitness = 1.775568
Generation 400: Best fitness = 1.775950
Generation 450: Best fitness = 1.777325
Attempt 729: Current best = 1.959807
Generation 0: Best fitness = 0.863730
Generation 50: Best fitness = 1.610848
Generation 100: Best fitness = 1.751316
Generation 150: Best fitness = 1.760060
Generation 200: Best fitness = 1.764391
Generation 250: Best fitness = 1.767167
Generation 300: Best fitness = 1.767591
Generation 350: Best fitness = 1.768163
Generation 400: Best fitness = 1.768383
Generation 450: Best fitness = 1.768383
Attempt 730: Current best = 1.959807
Generation 0: Best fitness = 0.851562
Generation 50: Best fitness = 1.689071
Generation 100: Best fitness = 1.805641
Generation 150: Best fitness = 1.819707
Generation 200: Best fitness = 1.824307
Generation 250: Best fitness = 1.826389
Generation 300: Best fitness = 1.828339
Generation 350: Best fitness = 1.829068
Generation 400: Best fitness = 1.830026
Generation 450: Best fitness = 1.830148
Attempt 731: Current best = 1.959807
Generation 0: Best fitness = 0.854616
Generation 50: Best fitness = 1.631910
Generation 100: Best fitness = 1.769718
Generation 150: Best fitness = 1.796136
Generation 200: Best fitness = 1.801165
Generation 250: Best fitness = 1.806578
Generation 300: Best fitness = 1.808562
Generation 350: Best fitness = 1.809937
Generation 400: Best fitness = 1.812447
Generation 450: Best fitness = 1.815765
Attempt 732: Current best = 1.959807
Generation 0: Best fitness = 0.875352
Generation 50: Best fitness = 1.668279
Generation 100: Best fitness = 1.741980
Generation 150: Best fitness = 1.754366
Generation 200: Best fitness = 1.758188
Generation 250: Best fitness = 1.761699
Generation 300: Best fitness = 1.763332
Generation 350: Best fitness = 1.764204
Generation 400: Best fitness = 1.768277
Generation 450: Best fitness = 1.770146
Attempt 733: Current best = 1.959807
Generation 0: Best fitness = 0.845673
Generation 50: Best fitness = 1.572746
Generation 100: Best fitness = 1.696890
Generation 150: Best fitness = 1.708298
Generation 200: Best fitness = 1.711800
Generation 250: Best fitness = 1.714142
Generation 300: Best fitness = 1.714605
Generation 350: Best fitness = 1.715921
Generation 400: Best fitness = 1.716193
Generation 450: Best fitness = 1.716270
Attempt 734: Current best = 1.959807
Generation 0: Best fitness = 0.865321
Generation 50: Best fitness = 1.668026
Generation 100: Best fitness = 1.768778
Generation 150: Best fitness = 1.778413
Generation 200: Best fitness = 1.781291
Generation 250: Best fitness = 1.783558
Generation 300: Best fitness = 1.783943
Generation 350: Best fitness = 1.784279
Generation 400: Best fitness = 1.784302
Generation 450: Best fitness = 1.784666
Attempt 735: Current best = 1.959807
Generation 0: Best fitness = 0.870101
Generation 50: Best fitness = 1.729705
Generation 100: Best fitness = 1.840824
Generation 150: Best fitness = 1.847924
Generation 200: Best fitness = 1.851068
Generation 250: Best fitness = 1.853675
Generation 300: Best fitness = 1.854892
Generation 350: Best fitness = 1.855595
Generation 400: Best fitness = 1.855724
Generation 450: Best fitness = 1.856361
Attempt 736: Current best = 1.959807
Generation 0: Best fitness = 0.857839
Generation 50: Best fitness = 1.614623
Generation 100: Best fitness = 1.802801
Generation 150: Best fitness = 1.822721
Generation 200: Best fitness = 1.829009
Generation 250: Best fitness = 1.829907
Generation 300: Best fitness = 1.830650
Generation 350: Best fitness = 1.831175
Generation 400: Best fitness = 1.831759
Generation 450: Best fitness = 1.832354
Attempt 737: Current best = 1.959807
Generation 0: Best fitness = 0.867210
Generation 50: Best fitness = 1.641604
Generation 100: Best fitness = 1.791956
Generation 150: Best fitness = 1.810993
Generation 200: Best fitness = 1.814145
Generation 250: Best fitness = 1.816783
Generation 300: Best fitness = 1.819422
Generation 350: Best fitness = 1.819960
Generation 400: Best fitness = 1.819960
Generation 450: Best fitness = 1.821372
Attempt 738: Current best = 1.959807
Generation 0: Best fitness = 0.849188
Generation 50: Best fitness = 1.621417
Generation 100: Best fitness = 1.728189
Generation 150: Best fitness = 1.750548
Generation 200: Best fitness = 1.755749
Generation 250: Best fitness = 1.766798
Generation 300: Best fitness = 1.768375
Generation 350: Best fitness = 1.770148
Generation 400: Best fitness = 1.770508
Generation 450: Best fitness = 1.770519
Attempt 739: Current best = 1.959807
Generation 0: Best fitness = 0.861166
Generation 50: Best fitness = 1.653061
Generation 100: Best fitness = 1.731307
Generation 150: Best fitness = 1.742074
Generation 200: Best fitness = 1.744044
Generation 250: Best fitness = 1.744962
Generation 300: Best fitness = 1.745756
Generation 350: Best fitness = 1.746164
Generation 400: Best fitness = 1.746749
Generation 450: Best fitness = 1.749520
Attempt 740: Current best = 1.959807
Generation 0: Best fitness = 0.866539
Generation 50: Best fitness = 1.584404
Generation 100: Best fitness = 1.705706
Generation 150: Best fitness = 1.712582
Generation 200: Best fitness = 1.715344
Generation 250: Best fitness = 1.716454
Generation 300: Best fitness = 1.716760
Generation 350: Best fitness = 1.716867
Generation 400: Best fitness = 1.716923
Generation 450: Best fitness = 1.717088
Attempt 741: Current best = 1.959807
Generation 0: Best fitness = 0.871187
Generation 50: Best fitness = 1.650751
Generation 100: Best fitness = 1.768510
Generation 150: Best fitness = 1.793687
Generation 200: Best fitness = 1.798886
Generation 250: Best fitness = 1.801052
Generation 300: Best fitness = 1.802935
Generation 350: Best fitness = 1.803450
Generation 400: Best fitness = 1.804083
Generation 450: Best fitness = 1.804182
Attempt 742: Current best = 1.959807
Generation 0: Best fitness = 0.854520
Generation 50: Best fitness = 1.651476
Generation 100: Best fitness = 1.748505
Generation 150: Best fitness = 1.755785
Generation 200: Best fitness = 1.760017
Generation 250: Best fitness = 1.761914
Generation 300: Best fitness = 1.763043
Generation 350: Best fitness = 1.763632
Generation 400: Best fitness = 1.763770
Generation 450: Best fitness = 1.763770
Attempt 743: Current best = 1.959807
Generation 0: Best fitness = 0.867232
Generation 50: Best fitness = 1.596276
Generation 100: Best fitness = 1.768309
Generation 150: Best fitness = 1.799279
Generation 200: Best fitness = 1.804197
Generation 250: Best fitness = 1.807985
Generation 300: Best fitness = 1.810056
Generation 350: Best fitness = 1.810398
Generation 400: Best fitness = 1.811210
Generation 450: Best fitness = 1.811347
Attempt 744: Current best = 1.959807
Generation 0: Best fitness = 0.863046
Generation 50: Best fitness = 1.638915
Generation 100: Best fitness = 1.793375
Generation 150: Best fitness = 1.834570
Generation 200: Best fitness = 1.843167
Generation 250: Best fitness = 1.847556
Generation 300: Best fitness = 1.849584
Generation 350: Best fitness = 1.850545
Generation 400: Best fitness = 1.852110
Generation 450: Best fitness = 1.852352
Attempt 745: Current best = 1.959807
Generation 0: Best fitness = 0.853482
Generation 50: Best fitness = 1.641818
Generation 100: Best fitness = 1.725546
Generation 150: Best fitness = 1.741111
Generation 200: Best fitness = 1.745727
Generation 250: Best fitness = 1.749102
Generation 300: Best fitness = 1.749642
Generation 350: Best fitness = 1.750565
Generation 400: Best fitness = 1.751523
Generation 450: Best fitness = 1.752143
Attempt 746: Current best = 1.959807
Generation 0: Best fitness = 0.850510
Generation 50: Best fitness = 1.666600
Generation 100: Best fitness = 1.768556
Generation 150: Best fitness = 1.775646
Generation 200: Best fitness = 1.777513
Generation 250: Best fitness = 1.780200
Generation 300: Best fitness = 1.781397
Generation 350: Best fitness = 1.782619
Generation 400: Best fitness = 1.782849
Generation 450: Best fitness = 1.783461
Attempt 747: Current best = 1.959807
Generation 0: Best fitness = 0.866077
Generation 50: Best fitness = 1.637358
Generation 100: Best fitness = 1.729195
Generation 150: Best fitness = 1.741864
Generation 200: Best fitness = 1.744240
Generation 250: Best fitness = 1.745457
Generation 300: Best fitness = 1.747036
Generation 350: Best fitness = 1.754087
Generation 400: Best fitness = 1.763022
Generation 450: Best fitness = 1.767939
Attempt 748: Current best = 1.959807
Generation 0: Best fitness = 0.841664
Generation 50: Best fitness = 1.506695
Generation 100: Best fitness = 1.588618
Generation 150: Best fitness = 1.599220
Generation 200: Best fitness = 1.606058
Generation 250: Best fitness = 1.606610
Generation 300: Best fitness = 1.608081
Generation 350: Best fitness = 1.610330
Generation 400: Best fitness = 1.610493
Generation 450: Best fitness = 1.610782
Attempt 749: Current best = 1.959807
Generation 0: Best fitness = 0.869160
Generation 50: Best fitness = 1.678381
Generation 100: Best fitness = 1.785140
Generation 150: Best fitness = 1.794538
Generation 200: Best fitness = 1.796782
Generation 250: Best fitness = 1.800444
Generation 300: Best fitness = 1.801727
Generation 350: Best fitness = 1.803851
Generation 400: Best fitness = 1.804063
Generation 450: Best fitness = 1.804260
Attempt 750: Current best = 1.959807
Generation 0: Best fitness = 0.855778
Generation 50: Best fitness = 1.597642
Generation 100: Best fitness = 1.691852
Generation 150: Best fitness = 1.707207
Generation 200: Best fitness = 1.710949
Generation 250: Best fitness = 1.719162
Generation 300: Best fitness = 1.721371
Generation 350: Best fitness = 1.722890
Generation 400: Best fitness = 1.723300
Generation 450: Best fitness = 1.724490
Attempt 751: Current best = 1.959807
Generation 0: Best fitness = 0.851706
Generation 50: Best fitness = 1.627214
Generation 100: Best fitness = 1.764884
Generation 150: Best fitness = 1.790913
Generation 200: Best fitness = 1.795796
Generation 250: Best fitness = 1.797926
Generation 300: Best fitness = 1.798847
Generation 350: Best fitness = 1.799950
Generation 400: Best fitness = 1.800393
Generation 450: Best fitness = 1.801384
Attempt 752: Current best = 1.959807
Generation 0: Best fitness = 0.866998
Generation 50: Best fitness = 1.624197
Generation 100: Best fitness = 1.746815
Generation 150: Best fitness = 1.759309
Generation 200: Best fitness = 1.760957
Generation 250: Best fitness = 1.763487
Generation 300: Best fitness = 1.763888
Generation 350: Best fitness = 1.764764
Generation 400: Best fitness = 1.765214
Generation 450: Best fitness = 1.765444
Attempt 753: Current best = 1.959807
Generation 0: Best fitness = 0.848556
Generation 50: Best fitness = 1.615589
Generation 100: Best fitness = 1.766716
Generation 150: Best fitness = 1.778836
Generation 200: Best fitness = 1.781735
Generation 250: Best fitness = 1.784132
Generation 300: Best fitness = 1.785687
Generation 350: Best fitness = 1.786310
Generation 400: Best fitness = 1.786746
Generation 450: Best fitness = 1.787185
Attempt 754: Current best = 1.959807
Generation 0: Best fitness = 0.852860
Generation 50: Best fitness = 1.590066
Generation 100: Best fitness = 1.751088
Generation 150: Best fitness = 1.787806
Generation 200: Best fitness = 1.791651
Generation 250: Best fitness = 1.793898
Generation 300: Best fitness = 1.795467
Generation 350: Best fitness = 1.798729
Generation 400: Best fitness = 1.799612
Generation 450: Best fitness = 1.799796
Attempt 755: Current best = 1.959807
Generation 0: Best fitness = 0.864087
Generation 50: Best fitness = 1.658876
Generation 100: Best fitness = 1.768693
Generation 150: Best fitness = 1.780919
Generation 200: Best fitness = 1.785578
Generation 250: Best fitness = 1.786588
Generation 300: Best fitness = 1.788403
Generation 350: Best fitness = 1.788833
Generation 400: Best fitness = 1.788961
Generation 450: Best fitness = 1.789284
Attempt 756: Current best = 1.959807
Generation 0: Best fitness = 0.839591
Generation 50: Best fitness = 1.640573
Generation 100: Best fitness = 1.713727
Generation 150: Best fitness = 1.744597
Generation 200: Best fitness = 1.749471
Generation 250: Best fitness = 1.751702
Generation 300: Best fitness = 1.752076
Generation 350: Best fitness = 1.752546
Generation 400: Best fitness = 1.752919
Generation 450: Best fitness = 1.753226
Attempt 757: Current best = 1.959807
Generation 0: Best fitness = 0.875768
Generation 50: Best fitness = 1.665232
Generation 100: Best fitness = 1.768108
Generation 150: Best fitness = 1.777336
Generation 200: Best fitness = 1.780693
Generation 250: Best fitness = 1.783171
Generation 300: Best fitness = 1.784465
Generation 350: Best fitness = 1.784465
Generation 400: Best fitness = 1.784557
Generation 450: Best fitness = 1.784858
Attempt 758: Current best = 1.959807
Generation 0: Best fitness = 0.858422
Generation 50: Best fitness = 1.698802
Generation 100: Best fitness = 1.842416
Generation 150: Best fitness = 1.872678
Generation 200: Best fitness = 1.876864
Generation 250: Best fitness = 1.879660
Generation 300: Best fitness = 1.886915
Generation 350: Best fitness = 1.887822
Generation 400: Best fitness = 1.888220
Generation 450: Best fitness = 1.888271
Attempt 759: Current best = 1.959807
Generation 0: Best fitness = 0.860121
Generation 50: Best fitness = 1.660649
Generation 100: Best fitness = 1.781925
Generation 150: Best fitness = 1.792659
Generation 200: Best fitness = 1.794688
Generation 250: Best fitness = 1.796577
Generation 300: Best fitness = 1.797640
Generation 350: Best fitness = 1.798418
Generation 400: Best fitness = 1.798735
Generation 450: Best fitness = 1.798993
Attempt 760: Current best = 1.959807
Generation 0: Best fitness = 0.852518
Generation 50: Best fitness = 1.616380
Generation 100: Best fitness = 1.748875
Generation 150: Best fitness = 1.762263
Generation 200: Best fitness = 1.769188
Generation 250: Best fitness = 1.770913
Generation 300: Best fitness = 1.771091
Generation 350: Best fitness = 1.771535
Generation 400: Best fitness = 1.772516
Generation 450: Best fitness = 1.773183
Attempt 761: Current best = 1.959807
Generation 0: Best fitness = 0.850999
Generation 50: Best fitness = 1.681280
Generation 100: Best fitness = 1.790987
Generation 150: Best fitness = 1.808841
Generation 200: Best fitness = 1.811685
Generation 250: Best fitness = 1.813321
Generation 300: Best fitness = 1.813720
Generation 350: Best fitness = 1.814649
Generation 400: Best fitness = 1.815040
Generation 450: Best fitness = 1.815620
Attempt 762: Current best = 1.959807
Generation 0: Best fitness = 0.864882
Generation 50: Best fitness = 1.641628
Generation 100: Best fitness = 1.770801
Generation 150: Best fitness = 1.777066
Generation 200: Best fitness = 1.779493
Generation 250: Best fitness = 1.780786
Generation 300: Best fitness = 1.781027
Generation 350: Best fitness = 1.781515
Generation 400: Best fitness = 1.781931
Generation 450: Best fitness = 1.781931
Attempt 763: Current best = 1.959807
Generation 0: Best fitness = 0.873279
Generation 50: Best fitness = 1.612995
Generation 100: Best fitness = 1.758345
Generation 150: Best fitness = 1.771305
Generation 200: Best fitness = 1.788024
Generation 250: Best fitness = 1.790372
Generation 300: Best fitness = 1.790737
Generation 350: Best fitness = 1.791490
Generation 400: Best fitness = 1.791932
Generation 450: Best fitness = 1.792315
Attempt 764: Current best = 1.959807
Generation 0: Best fitness = 0.861229
Generation 50: Best fitness = 1.635479
Generation 100: Best fitness = 1.771624
Generation 150: Best fitness = 1.777810
Generation 200: Best fitness = 1.782617
Generation 250: Best fitness = 1.784142
Generation 300: Best fitness = 1.784946
Generation 350: Best fitness = 1.785198
Generation 400: Best fitness = 1.786223
Generation 450: Best fitness = 1.786809
Attempt 765: Current best = 1.959807
Generation 0: Best fitness = 0.869271
Generation 50: Best fitness = 1.661389
Generation 100: Best fitness = 1.730606
Generation 150: Best fitness = 1.749531
Generation 200: Best fitness = 1.751299
Generation 250: Best fitness = 1.756010
Generation 300: Best fitness = 1.757342
Generation 350: Best fitness = 1.758393
Generation 400: Best fitness = 1.759213
Generation 450: Best fitness = 1.759240
Attempt 766: Current best = 1.959807
Generation 0: Best fitness = 0.851953
Generation 50: Best fitness = 1.696574
Generation 100: Best fitness = 1.789596
Generation 150: Best fitness = 1.799675
Generation 200: Best fitness = 1.805067
Generation 250: Best fitness = 1.808152
Generation 300: Best fitness = 1.809359
Generation 350: Best fitness = 1.810422
Generation 400: Best fitness = 1.812412
Generation 450: Best fitness = 1.812440
Attempt 767: Current best = 1.959807
Generation 0: Best fitness = 0.961218
Generation 50: Best fitness = 1.285785
Generation 100: Best fitness = 1.421059
Generation 150: Best fitness = 1.444482
Generation 200: Best fitness = 1.468481
Generation 250: Best fitness = 1.495916
Generation 300: Best fitness = 1.534115
Generation 350: Best fitness = 1.541516
Generation 400: Best fitness = 1.546784
Generation 450: Best fitness = 1.552568
Attempt 768: Current best = 1.959807
Generation 0: Best fitness = 0.854210
Generation 50: Best fitness = 1.611405
Generation 100: Best fitness = 1.699507
Generation 150: Best fitness = 1.716572
Generation 200: Best fitness = 1.720002
Generation 250: Best fitness = 1.721166
Generation 300: Best fitness = 1.722493
Generation 350: Best fitness = 1.723875
Generation 400: Best fitness = 1.723875
Generation 450: Best fitness = 1.723875
Attempt 769: Current best = 1.959807
Generation 0: Best fitness = 0.868931
Generation 50: Best fitness = 1.615266
Generation 100: Best fitness = 1.748125
Generation 150: Best fitness = 1.760013
Generation 200: Best fitness = 1.772020
Generation 250: Best fitness = 1.780203
Generation 300: Best fitness = 1.783386
Generation 350: Best fitness = 1.784608
Generation 400: Best fitness = 1.784716
Generation 450: Best fitness = 1.785472
Attempt 770: Current best = 1.959807
Generation 0: Best fitness = 0.859682
Generation 50: Best fitness = 1.656322
Generation 100: Best fitness = 1.740235
Generation 150: Best fitness = 1.749922
Generation 200: Best fitness = 1.751458
Generation 250: Best fitness = 1.753216
Generation 300: Best fitness = 1.753905
Generation 350: Best fitness = 1.755188
Generation 400: Best fitness = 1.755486
Generation 450: Best fitness = 1.756477
Attempt 771: Current best = 1.959807
Generation 0: Best fitness = 0.851079
Generation 50: Best fitness = 1.629309
Generation 100: Best fitness = 1.775016
Generation 150: Best fitness = 1.792743
Generation 200: Best fitness = 1.796099
Generation 250: Best fitness = 1.797159
Generation 300: Best fitness = 1.798547
Generation 350: Best fitness = 1.798547
Generation 400: Best fitness = 1.799229
Generation 450: Best fitness = 1.799405
Attempt 772: Current best = 1.959807
Generation 0: Best fitness = 0.866851
Generation 50: Best fitness = 1.571213
Generation 100: Best fitness = 1.706449
Generation 150: Best fitness = 1.722685
Generation 200: Best fitness = 1.725542
Generation 250: Best fitness = 1.729472
Generation 300: Best fitness = 1.734031
Generation 350: Best fitness = 1.735871
Generation 400: Best fitness = 1.736755
Generation 450: Best fitness = 1.738974
Attempt 773: Current best = 1.959807
Generation 0: Best fitness = 0.851630
Generation 50: Best fitness = 1.594245
Generation 100: Best fitness = 1.703605
Generation 150: Best fitness = 1.711957
Generation 200: Best fitness = 1.713748
Generation 250: Best fitness = 1.715434
Generation 300: Best fitness = 1.716300
Generation 350: Best fitness = 1.716733
Generation 400: Best fitness = 1.716733
Generation 450: Best fitness = 1.716789
Attempt 774: Current best = 1.959807
Generation 0: Best fitness = 0.852292
Generation 50: Best fitness = 1.695381
Generation 100: Best fitness = 1.823418
Generation 150: Best fitness = 1.844466
Generation 200: Best fitness = 1.847047
Generation 250: Best fitness = 1.850366
Generation 300: Best fitness = 1.850714
Generation 350: Best fitness = 1.850993
Generation 400: Best fitness = 1.851460
Generation 450: Best fitness = 1.851593
Attempt 775: Current best = 1.959807
Generation 0: Best fitness = 0.855166
Generation 50: Best fitness = 1.654734
Generation 100: Best fitness = 1.753945
Generation 150: Best fitness = 1.759480
Generation 200: Best fitness = 1.763523
Generation 250: Best fitness = 1.770024
Generation 300: Best fitness = 1.771382
Generation 350: Best fitness = 1.771382
Generation 400: Best fitness = 1.772146
Generation 450: Best fitness = 1.772542
Attempt 776: Current best = 1.959807
Generation 0: Best fitness = 0.857254
Generation 50: Best fitness = 1.680686
Generation 100: Best fitness = 1.766108
Generation 150: Best fitness = 1.772578
Generation 200: Best fitness = 1.774962
Generation 250: Best fitness = 1.783625
Generation 300: Best fitness = 1.788608
Generation 350: Best fitness = 1.790237
Generation 400: Best fitness = 1.791044
Generation 450: Best fitness = 1.791169
Attempt 777: Current best = 1.959807
Generation 0: Best fitness = 0.851513
Generation 50: Best fitness = 1.655804
Generation 100: Best fitness = 1.754892
Generation 150: Best fitness = 1.767156
Generation 200: Best fitness = 1.772877
Generation 250: Best fitness = 1.774430
Generation 300: Best fitness = 1.776400
Generation 350: Best fitness = 1.776735
Generation 400: Best fitness = 1.777145
Generation 450: Best fitness = 1.777463
Attempt 778: Current best = 1.959807
Generation 0: Best fitness = 0.860274
Generation 50: Best fitness = 1.639061
Generation 100: Best fitness = 1.749890
Generation 150: Best fitness = 1.762490
Generation 200: Best fitness = 1.765113
Generation 250: Best fitness = 1.767100
Generation 300: Best fitness = 1.767795
Generation 350: Best fitness = 1.769677
Generation 400: Best fitness = 1.778050
Generation 450: Best fitness = 1.778750
Attempt 779: Current best = 1.959807
Generation 0: Best fitness = 0.853059
Generation 50: Best fitness = 1.626729
Generation 100: Best fitness = 1.730002
Generation 150: Best fitness = 1.745235
Generation 200: Best fitness = 1.749519
Generation 250: Best fitness = 1.753282
Generation 300: Best fitness = 1.754103
Generation 350: Best fitness = 1.754337
Generation 400: Best fitness = 1.754482
Generation 450: Best fitness = 1.754592
Attempt 780: Current best = 1.959807
Generation 0: Best fitness = 0.850622
Generation 50: Best fitness = 1.602314
Generation 100: Best fitness = 1.760479
Generation 150: Best fitness = 1.788283
Generation 200: Best fitness = 1.793148
Generation 250: Best fitness = 1.797871
Generation 300: Best fitness = 1.801760
Generation 350: Best fitness = 1.803604
Generation 400: Best fitness = 1.804843
Generation 450: Best fitness = 1.806018
Attempt 781: Current best = 1.959807
Generation 0: Best fitness = 0.851057
Generation 50: Best fitness = 1.552093
Generation 100: Best fitness = 1.699853
Generation 150: Best fitness = 1.712654
Generation 200: Best fitness = 1.714844
Generation 250: Best fitness = 1.716145
Generation 300: Best fitness = 1.716145
Generation 350: Best fitness = 1.716465
Generation 400: Best fitness = 1.717479
Generation 450: Best fitness = 1.717514
Attempt 782: Current best = 1.959807
Generation 0: Best fitness = 0.836427
Generation 50: Best fitness = 1.667254
Generation 100: Best fitness = 1.758399
Generation 150: Best fitness = 1.767721
Generation 200: Best fitness = 1.774545
Generation 250: Best fitness = 1.775880
Generation 300: Best fitness = 1.776177
Generation 350: Best fitness = 1.776664
Generation 400: Best fitness = 1.777028
Generation 450: Best fitness = 1.777028
Attempt 783: Current best = 1.959807
Generation 0: Best fitness = 0.853601
Generation 50: Best fitness = 1.634227
Generation 100: Best fitness = 1.765649
Generation 150: Best fitness = 1.774064
Generation 200: Best fitness = 1.776046
Generation 250: Best fitness = 1.777324
Generation 300: Best fitness = 1.777921
Generation 350: Best fitness = 1.779944
Generation 400: Best fitness = 1.786981
Generation 450: Best fitness = 1.789424
Attempt 784: Current best = 1.959807
Generation 0: Best fitness = 0.843284
Generation 50: Best fitness = 1.607718
Generation 100: Best fitness = 1.731791
Generation 150: Best fitness = 1.764737
Generation 200: Best fitness = 1.769782
Generation 250: Best fitness = 1.772308
Generation 300: Best fitness = 1.774926
Generation 350: Best fitness = 1.775172
Generation 400: Best fitness = 1.779548
Generation 450: Best fitness = 1.782258
Attempt 785: Current best = 1.959807
Generation 0: Best fitness = 0.854470
Generation 50: Best fitness = 1.638229
Generation 100: Best fitness = 1.744129
Generation 150: Best fitness = 1.757540
Generation 200: Best fitness = 1.764133
Generation 250: Best fitness = 1.765867
Generation 300: Best fitness = 1.767125
Generation 350: Best fitness = 1.768512
Generation 400: Best fitness = 1.768962
Generation 450: Best fitness = 1.769568
Attempt 786: Current best = 1.959807
Generation 0: Best fitness = 0.857291
Generation 50: Best fitness = 1.676167
Generation 100: Best fitness = 1.795604
Generation 150: Best fitness = 1.805139
Generation 200: Best fitness = 1.810895
Generation 250: Best fitness = 1.814309
Generation 300: Best fitness = 1.814632
Generation 350: Best fitness = 1.815714
Generation 400: Best fitness = 1.816414
Generation 450: Best fitness = 1.816513
Attempt 787: Current best = 1.959807
Generation 0: Best fitness = 0.864530
Generation 50: Best fitness = 1.655868
Generation 100: Best fitness = 1.793222
Generation 150: Best fitness = 1.806440
Generation 200: Best fitness = 1.808323
Generation 250: Best fitness = 1.811055
Generation 300: Best fitness = 1.812265
Generation 350: Best fitness = 1.812859
Generation 400: Best fitness = 1.813285
Generation 450: Best fitness = 1.813508
Attempt 788: Current best = 1.959807
Generation 0: Best fitness = 0.868275
Generation 50: Best fitness = 1.638488
Generation 100: Best fitness = 1.792213
Generation 150: Best fitness = 1.800337
Generation 200: Best fitness = 1.802983
Generation 250: Best fitness = 1.804712
Generation 300: Best fitness = 1.804890
Generation 350: Best fitness = 1.805898
Generation 400: Best fitness = 1.807134
Generation 450: Best fitness = 1.807378
Attempt 789: Current best = 1.959807
Generation 0: Best fitness = 0.845347
Generation 50: Best fitness = 1.624260
Generation 100: Best fitness = 1.740895
Generation 150: Best fitness = 1.752504
Generation 200: Best fitness = 1.756051
Generation 250: Best fitness = 1.758748
Generation 300: Best fitness = 1.760055
Generation 350: Best fitness = 1.760549
Generation 400: Best fitness = 1.761851
Generation 450: Best fitness = 1.762486
Attempt 790: Current best = 1.959807
Generation 0: Best fitness = 0.863582
Generation 50: Best fitness = 1.679861
Generation 100: Best fitness = 1.804798
Generation 150: Best fitness = 1.813322
Generation 200: Best fitness = 1.816502
Generation 250: Best fitness = 1.817906
Generation 300: Best fitness = 1.818132
Generation 350: Best fitness = 1.819269
Generation 400: Best fitness = 1.820221
Generation 450: Best fitness = 1.820667
Attempt 791: Current best = 1.959807
Generation 0: Best fitness = 0.874193
Generation 50: Best fitness = 1.629139
Generation 100: Best fitness = 1.760564
Generation 150: Best fitness = 1.771174
Generation 200: Best fitness = 1.774032
Generation 250: Best fitness = 1.775908
Generation 300: Best fitness = 1.777526
Generation 350: Best fitness = 1.778046
Generation 400: Best fitness = 1.778605
Generation 450: Best fitness = 1.778662
Attempt 792: Current best = 1.959807
Generation 0: Best fitness = 0.860875
Generation 50: Best fitness = 1.643592
Generation 100: Best fitness = 1.828314
Generation 150: Best fitness = 1.847740
Generation 200: Best fitness = 1.853323
Generation 250: Best fitness = 1.856629
Generation 300: Best fitness = 1.857426
Generation 350: Best fitness = 1.858548
Generation 400: Best fitness = 1.860358
Generation 450: Best fitness = 1.861698
Attempt 793: Current best = 1.959807
Generation 0: Best fitness = 0.849143
Generation 50: Best fitness = 1.704265
Generation 100: Best fitness = 1.779036
Generation 150: Best fitness = 1.788496
Generation 200: Best fitness = 1.790330
Generation 250: Best fitness = 1.790737
Generation 300: Best fitness = 1.791282
Generation 350: Best fitness = 1.792024
Generation 400: Best fitness = 1.792210
Generation 450: Best fitness = 1.792210
Attempt 794: Current best = 1.959807
Generation 0: Best fitness = 0.857049
Generation 50: Best fitness = 1.586361
Generation 100: Best fitness = 1.742973
Generation 150: Best fitness = 1.757398
Generation 200: Best fitness = 1.764091
Generation 250: Best fitness = 1.768097
Generation 300: Best fitness = 1.770441
Generation 350: Best fitness = 1.771498
Generation 400: Best fitness = 1.772867
Generation 450: Best fitness = 1.772931
Attempt 795: Current best = 1.959807
Generation 0: Best fitness = 0.854665
Generation 50: Best fitness = 1.618573
Generation 100: Best fitness = 1.721420
Generation 150: Best fitness = 1.730158
Generation 200: Best fitness = 1.733286
Generation 250: Best fitness = 1.734070
Generation 300: Best fitness = 1.735198
Generation 350: Best fitness = 1.737625
Generation 400: Best fitness = 1.744591
Generation 450: Best fitness = 1.744591
Attempt 796: Current best = 1.959807
Generation 0: Best fitness = 0.849330
Generation 50: Best fitness = 1.623158
Generation 100: Best fitness = 1.713809
Generation 150: Best fitness = 1.721726
Generation 200: Best fitness = 1.723004
Generation 250: Best fitness = 1.723392
Generation 300: Best fitness = 1.723779
Generation 350: Best fitness = 1.723827
Generation 400: Best fitness = 1.724456
Generation 450: Best fitness = 1.724538
Attempt 797: Current best = 1.959807
Generation 0: Best fitness = 0.861184
Generation 50: Best fitness = 1.669573
Generation 100: Best fitness = 1.801335
Generation 150: Best fitness = 1.813857
Generation 200: Best fitness = 1.818860
Generation 250: Best fitness = 1.820476
Generation 300: Best fitness = 1.821017
Generation 350: Best fitness = 1.822030
Generation 400: Best fitness = 1.822368
Generation 450: Best fitness = 1.822553
Attempt 798: Current best = 1.959807
Generation 0: Best fitness = 0.851327
Generation 50: Best fitness = 1.607816
Generation 100: Best fitness = 1.732020
Generation 150: Best fitness = 1.754215
Generation 200: Best fitness = 1.765190
Generation 250: Best fitness = 1.772928
Generation 300: Best fitness = 1.774886
Generation 350: Best fitness = 1.775989
Generation 400: Best fitness = 1.776873
Generation 450: Best fitness = 1.777834
Attempt 799: Current best = 1.959807
Generation 0: Best fitness = 0.862121
Generation 50: Best fitness = 1.655091
Generation 100: Best fitness = 1.748621
Generation 150: Best fitness = 1.758275
Generation 200: Best fitness = 1.763369
Generation 250: Best fitness = 1.765799
Generation 300: Best fitness = 1.766791
Generation 350: Best fitness = 1.767379
Generation 400: Best fitness = 1.776379
Generation 450: Best fitness = 1.780734
Attempt 800: Current best = 1.959807
Generation 0: Best fitness = 0.856342
Generation 50: Best fitness = 1.652505
Generation 100: Best fitness = 1.802299
Generation 150: Best fitness = 1.815174
Generation 200: Best fitness = 1.819886
Generation 250: Best fitness = 1.830914
Generation 300: Best fitness = 1.833051
Generation 350: Best fitness = 1.836838
Generation 400: Best fitness = 1.837687
Generation 450: Best fitness = 1.839163
Attempt 801: Current best = 1.959807
Generation 0: Best fitness = 0.858162
Generation 50: Best fitness = 1.574176
Generation 100: Best fitness = 1.737382
Generation 150: Best fitness = 1.746462
Generation 200: Best fitness = 1.751245
Generation 250: Best fitness = 1.752538
Generation 300: Best fitness = 1.753533
Generation 350: Best fitness = 1.753713
Generation 400: Best fitness = 1.754174
Generation 450: Best fitness = 1.754201
Attempt 802: Current best = 1.959807
Generation 0: Best fitness = 0.872758
Generation 50: Best fitness = 1.699345
Generation 100: Best fitness = 1.778851
Generation 150: Best fitness = 1.795900
Generation 200: Best fitness = 1.801654
Generation 250: Best fitness = 1.806306
Generation 300: Best fitness = 1.808581
Generation 350: Best fitness = 1.809211
Generation 400: Best fitness = 1.809630
Generation 450: Best fitness = 1.809965
Attempt 803: Current best = 1.959807
Generation 0: Best fitness = 0.864381
Generation 50: Best fitness = 1.632435
Generation 100: Best fitness = 1.736201
Generation 150: Best fitness = 1.743355
Generation 200: Best fitness = 1.746922
Generation 250: Best fitness = 1.748454
Generation 300: Best fitness = 1.749680
Generation 350: Best fitness = 1.750431
Generation 400: Best fitness = 1.753406
Generation 450: Best fitness = 1.759000
Attempt 804: Current best = 1.959807
Generation 0: Best fitness = 0.860716
Generation 50: Best fitness = 1.579571
Generation 100: Best fitness = 1.759838
Generation 150: Best fitness = 1.783055
Generation 200: Best fitness = 1.786205
Generation 250: Best fitness = 1.789600
Generation 300: Best fitness = 1.791614
Generation 350: Best fitness = 1.792107
Generation 400: Best fitness = 1.792997
Generation 450: Best fitness = 1.793116
Attempt 805: Current best = 1.959807
Generation 0: Best fitness = 0.873844
Generation 50: Best fitness = 1.764340
Generation 100: Best fitness = 1.856802
Generation 150: Best fitness = 1.883063
Generation 200: Best fitness = 1.888163
Generation 250: Best fitness = 1.889021
Generation 300: Best fitness = 1.889701
Generation 350: Best fitness = 1.890653
Generation 400: Best fitness = 1.891153
Generation 450: Best fitness = 1.891153
Attempt 806: Current best = 1.959807
Generation 0: Best fitness = 0.842425
Generation 50: Best fitness = 1.628623
Generation 100: Best fitness = 1.727685
Generation 150: Best fitness = 1.732640
Generation 200: Best fitness = 1.733797
Generation 250: Best fitness = 1.734549
Generation 300: Best fitness = 1.734993
Generation 350: Best fitness = 1.735654
Generation 400: Best fitness = 1.736405
Generation 450: Best fitness = 1.736579
Attempt 807: Current best = 1.959807
Generation 0: Best fitness = 0.871097
Generation 50: Best fitness = 1.590766
Generation 100: Best fitness = 1.769620
Generation 150: Best fitness = 1.799617
Generation 200: Best fitness = 1.807811
Generation 250: Best fitness = 1.809416
Generation 300: Best fitness = 1.810162
Generation 350: Best fitness = 1.810787
Generation 400: Best fitness = 1.811525
Generation 450: Best fitness = 1.813131
Attempt 808: Current best = 1.959807
Generation 0: Best fitness = 0.864394
Generation 50: Best fitness = 1.653834
Generation 100: Best fitness = 1.762623
Generation 150: Best fitness = 1.770091
Generation 200: Best fitness = 1.775027
Generation 250: Best fitness = 1.778999
Generation 300: Best fitness = 1.780755
Generation 350: Best fitness = 1.781145
Generation 400: Best fitness = 1.781633
Generation 450: Best fitness = 1.781780
Attempt 809: Current best = 1.959807
Generation 0: Best fitness = 0.840480
Generation 50: Best fitness = 1.615284
Generation 100: Best fitness = 1.746617
Generation 150: Best fitness = 1.775521
Generation 200: Best fitness = 1.780982
Generation 250: Best fitness = 1.786255
Generation 300: Best fitness = 1.786741
Generation 350: Best fitness = 1.787845
Generation 400: Best fitness = 1.788842
Generation 450: Best fitness = 1.789828
Attempt 810: Current best = 1.959807
Generation 0: Best fitness = 0.855733
Generation 50: Best fitness = 1.634956
Generation 100: Best fitness = 1.743180
Generation 150: Best fitness = 1.756326
Generation 200: Best fitness = 1.759824
Generation 250: Best fitness = 1.760380
Generation 300: Best fitness = 1.761482
Generation 350: Best fitness = 1.761872
Generation 400: Best fitness = 1.761967
Generation 450: Best fitness = 1.762158
Attempt 811: Current best = 1.959807
Generation 0: Best fitness = 0.861422
Generation 50: Best fitness = 1.647798
Generation 100: Best fitness = 1.746976
Generation 150: Best fitness = 1.756519
Generation 200: Best fitness = 1.770003
Generation 250: Best fitness = 1.773968
Generation 300: Best fitness = 1.775164
Generation 350: Best fitness = 1.775975
Generation 400: Best fitness = 1.776359
Generation 450: Best fitness = 1.776585
Attempt 812: Current best = 1.959807
Generation 0: Best fitness = 0.869209
Generation 50: Best fitness = 1.642232
Generation 100: Best fitness = 1.743269
Generation 150: Best fitness = 1.750243
Generation 200: Best fitness = 1.754026
Generation 250: Best fitness = 1.754299
Generation 300: Best fitness = 1.754425
Generation 350: Best fitness = 1.754532
Generation 400: Best fitness = 1.755222
Generation 450: Best fitness = 1.755670
Attempt 813: Current best = 1.959807
Generation 0: Best fitness = 0.842478
Generation 50: Best fitness = 1.601860
Generation 100: Best fitness = 1.702946
Generation 150: Best fitness = 1.708865
Generation 200: Best fitness = 1.710765
Generation 250: Best fitness = 1.712007
Generation 300: Best fitness = 1.712690
Generation 350: Best fitness = 1.713628
Generation 400: Best fitness = 1.714139
Generation 450: Best fitness = 1.714587
Attempt 814: Current best = 1.959807
Generation 0: Best fitness = 0.857284
Generation 50: Best fitness = 1.633065
Generation 100: Best fitness = 1.741839
Generation 150: Best fitness = 1.751828
Generation 200: Best fitness = 1.755775
Generation 250: Best fitness = 1.757239
Generation 300: Best fitness = 1.758987
Generation 350: Best fitness = 1.760043
Generation 400: Best fitness = 1.764212
Generation 450: Best fitness = 1.766360
Attempt 815: Current best = 1.959807
Generation 0: Best fitness = 0.842093
Generation 50: Best fitness = 1.706420
Generation 100: Best fitness = 1.871854
Generation 150: Best fitness = 1.876904
Generation 200: Best fitness = 1.883112
Generation 250: Best fitness = 1.884777
Generation 300: Best fitness = 1.885401
Generation 350: Best fitness = 1.886580
Generation 400: Best fitness = 1.886601
Generation 450: Best fitness = 1.887114
Attempt 816: Current best = 1.959807
Generation 0: Best fitness = 0.844483
Generation 50: Best fitness = 1.649675
Generation 100: Best fitness = 1.746874
Generation 150: Best fitness = 1.758141
Generation 200: Best fitness = 1.761995
Generation 250: Best fitness = 1.765645
Generation 300: Best fitness = 1.767483
Generation 350: Best fitness = 1.767790
Generation 400: Best fitness = 1.768378
Generation 450: Best fitness = 1.768715
Attempt 817: Current best = 1.959807
Generation 0: Best fitness = 0.846469
Generation 50: Best fitness = 1.616758
Generation 100: Best fitness = 1.727687
Generation 150: Best fitness = 1.736473
Generation 200: Best fitness = 1.740299
Generation 250: Best fitness = 1.740796
Generation 300: Best fitness = 1.741108
Generation 350: Best fitness = 1.741430
Generation 400: Best fitness = 1.741459
Generation 450: Best fitness = 1.741459
Attempt 818: Current best = 1.959807
Generation 0: Best fitness = 0.880097
Generation 50: Best fitness = 1.807874
Generation 100: Best fitness = 1.909530
Generation 150: Best fitness = 1.920326
Generation 200: Best fitness = 1.926960
Generation 250: Best fitness = 1.929034
Generation 300: Best fitness = 1.929743
Generation 350: Best fitness = 1.930235
Generation 400: Best fitness = 1.930651
Generation 450: Best fitness = 1.931271
Attempt 819: Current best = 1.959807
Generation 0: Best fitness = 0.842404
Generation 50: Best fitness = 1.583667
Generation 100: Best fitness = 1.715777
Generation 150: Best fitness = 1.727479
Generation 200: Best fitness = 1.730442
Generation 250: Best fitness = 1.730880
Generation 300: Best fitness = 1.732044
Generation 350: Best fitness = 1.732345
Generation 400: Best fitness = 1.733404
Generation 450: Best fitness = 1.733764
Attempt 820: Current best = 1.959807
Generation 0: Best fitness = 0.856079
Generation 50: Best fitness = 1.693872
Generation 100: Best fitness = 1.779086
Generation 150: Best fitness = 1.785065
Generation 200: Best fitness = 1.786473
Generation 250: Best fitness = 1.788140
Generation 300: Best fitness = 1.790035
Generation 350: Best fitness = 1.790196
Generation 400: Best fitness = 1.790196
Generation 450: Best fitness = 1.790382
Attempt 821: Current best = 1.959807
Generation 0: Best fitness = 0.854731
Generation 50: Best fitness = 1.644377
Generation 100: Best fitness = 1.774574
Generation 150: Best fitness = 1.809821
Generation 200: Best fitness = 1.816494
Generation 250: Best fitness = 1.818997
Generation 300: Best fitness = 1.819729
Generation 350: Best fitness = 1.820343
Generation 400: Best fitness = 1.820664
Generation 450: Best fitness = 1.821260
Attempt 822: Current best = 1.959807
Generation 0: Best fitness = 0.861228
Generation 50: Best fitness = 1.642833
Generation 100: Best fitness = 1.750313
Generation 150: Best fitness = 1.755776
Generation 200: Best fitness = 1.758019
Generation 250: Best fitness = 1.758303
Generation 300: Best fitness = 1.759177
Generation 350: Best fitness = 1.759243
Generation 400: Best fitness = 1.759243
Generation 450: Best fitness = 1.759745
Attempt 823: Current best = 1.959807
Generation 0: Best fitness = 0.852682
Generation 50: Best fitness = 1.667074
Generation 100: Best fitness = 1.744390
Generation 150: Best fitness = 1.752426
Generation 200: Best fitness = 1.756729
Generation 250: Best fitness = 1.758927
Generation 300: Best fitness = 1.760097
Generation 350: Best fitness = 1.762133
Generation 400: Best fitness = 1.762486
Generation 450: Best fitness = 1.763306
Attempt 824: Current best = 1.959807
Generation 0: Best fitness = 0.853712
Generation 50: Best fitness = 1.620046
Generation 100: Best fitness = 1.764514
Generation 150: Best fitness = 1.780272
Generation 200: Best fitness = 1.785967
Generation 250: Best fitness = 1.789488
Generation 300: Best fitness = 1.790741
Generation 350: Best fitness = 1.791908
Generation 400: Best fitness = 1.792337
Generation 450: Best fitness = 1.793065
Attempt 825: Current best = 1.959807
Generation 0: Best fitness = 0.861261
Generation 50: Best fitness = 1.623178
Generation 100: Best fitness = 1.778929
Generation 150: Best fitness = 1.796810
Generation 200: Best fitness = 1.798721
Generation 250: Best fitness = 1.807128
Generation 300: Best fitness = 1.809777
Generation 350: Best fitness = 1.810126
Generation 400: Best fitness = 1.810981
Generation 450: Best fitness = 1.811120
Attempt 826: Current best = 1.959807
Generation 0: Best fitness = 0.845666
Generation 50: Best fitness = 1.619581
Generation 100: Best fitness = 1.727089
Generation 150: Best fitness = 1.734336
Generation 200: Best fitness = 1.737426
Generation 250: Best fitness = 1.738795
Generation 300: Best fitness = 1.740187
Generation 350: Best fitness = 1.740962
Generation 400: Best fitness = 1.741249
Generation 450: Best fitness = 1.741658
Attempt 827: Current best = 1.959807
Generation 0: Best fitness = 0.853754
Generation 50: Best fitness = 1.697799
Generation 100: Best fitness = 1.788985
Generation 150: Best fitness = 1.797404
Generation 200: Best fitness = 1.803208
Generation 250: Best fitness = 1.809574
Generation 300: Best fitness = 1.812244
Generation 350: Best fitness = 1.812725
Generation 400: Best fitness = 1.813685
Generation 450: Best fitness = 1.814781
Attempt 828: Current best = 1.959807
Generation 0: Best fitness = 0.861592
Generation 50: Best fitness = 1.697792
Generation 100: Best fitness = 1.804275
Generation 150: Best fitness = 1.810877
Generation 200: Best fitness = 1.814316
Generation 250: Best fitness = 1.815368
Generation 300: Best fitness = 1.816313
Generation 350: Best fitness = 1.817490
Generation 400: Best fitness = 1.818071
Generation 450: Best fitness = 1.818071
Attempt 829: Current best = 1.959807
Generation 0: Best fitness = 0.854851
Generation 50: Best fitness = 1.643718
Generation 100: Best fitness = 1.758752
Generation 150: Best fitness = 1.779264
Generation 200: Best fitness = 1.782289
Generation 250: Best fitness = 1.784572
Generation 300: Best fitness = 1.784572
Generation 350: Best fitness = 1.786006
Generation 400: Best fitness = 1.786585
Generation 450: Best fitness = 1.787729
Attempt 830: Current best = 1.959807
Generation 0: Best fitness = 0.852499
Generation 50: Best fitness = 1.595501
Generation 100: Best fitness = 1.671254
Generation 150: Best fitness = 1.678654
Generation 200: Best fitness = 1.681579
Generation 250: Best fitness = 1.685228
Generation 300: Best fitness = 1.688460
Generation 350: Best fitness = 1.691023
Generation 400: Best fitness = 1.691730
Generation 450: Best fitness = 1.692735
Attempt 831: Current best = 1.959807
Generation 0: Best fitness = 0.852605
Generation 50: Best fitness = 1.623970
Generation 100: Best fitness = 1.777798
Generation 150: Best fitness = 1.787567
Generation 200: Best fitness = 1.801078
Generation 250: Best fitness = 1.803669
Generation 300: Best fitness = 1.805461
Generation 350: Best fitness = 1.806112
Generation 400: Best fitness = 1.806618
Generation 450: Best fitness = 1.807050
Attempt 832: Current best = 1.959807
Generation 0: Best fitness = 0.860550
Generation 50: Best fitness = 1.678165
Generation 100: Best fitness = 1.785762
Generation 150: Best fitness = 1.799878
Generation 200: Best fitness = 1.805013
Generation 250: Best fitness = 1.805319
Generation 300: Best fitness = 1.806900
Generation 350: Best fitness = 1.807187
Generation 400: Best fitness = 1.808102
Generation 450: Best fitness = 1.808131
Attempt 833: Current best = 1.959807
Generation 0: Best fitness = 0.844368
Generation 50: Best fitness = 1.607710
Generation 100: Best fitness = 1.747234
Generation 150: Best fitness = 1.758818
Generation 200: Best fitness = 1.761364
Generation 250: Best fitness = 1.761860
Generation 300: Best fitness = 1.764453
Generation 350: Best fitness = 1.765171
Generation 400: Best fitness = 1.765418
Generation 450: Best fitness = 1.765673
Attempt 834: Current best = 1.959807
Generation 0: Best fitness = 0.846187
Generation 50: Best fitness = 1.632774
Generation 100: Best fitness = 1.770394
Generation 150: Best fitness = 1.780673
Generation 200: Best fitness = 1.786860
Generation 250: Best fitness = 1.789277
Generation 300: Best fitness = 1.791674
Generation 350: Best fitness = 1.792906
Generation 400: Best fitness = 1.792992
Generation 450: Best fitness = 1.793552
Attempt 835: Current best = 1.959807
Generation 0: Best fitness = 0.842476
Generation 50: Best fitness = 1.701619
Generation 100: Best fitness = 1.841345
Generation 150: Best fitness = 1.849386
Generation 200: Best fitness = 1.853668
Generation 250: Best fitness = 1.855374
Generation 300: Best fitness = 1.857103
Generation 350: Best fitness = 1.857273
Generation 400: Best fitness = 1.857478
Generation 450: Best fitness = 1.857854
Attempt 836: Current best = 1.959807
Generation 0: Best fitness = 0.850093
Generation 50: Best fitness = 1.588575
Generation 100: Best fitness = 1.692535
Generation 150: Best fitness = 1.699047
Generation 200: Best fitness = 1.702591
Generation 250: Best fitness = 1.705612
Generation 300: Best fitness = 1.715806
Generation 350: Best fitness = 1.716152
Generation 400: Best fitness = 1.716735
Generation 450: Best fitness = 1.717155
Attempt 837: Current best = 1.959807
Generation 0: Best fitness = 0.856587
Generation 50: Best fitness = 1.589005
Generation 100: Best fitness = 1.776107
Generation 150: Best fitness = 1.787133
Generation 200: Best fitness = 1.790726
Generation 250: Best fitness = 1.792485
Generation 300: Best fitness = 1.793557
Generation 350: Best fitness = 1.794211
Generation 400: Best fitness = 1.794802
Generation 450: Best fitness = 1.795532
Attempt 838: Current best = 1.959807
Generation 0: Best fitness = 0.858918
Generation 50: Best fitness = 1.642367
Generation 100: Best fitness = 1.794803
Generation 150: Best fitness = 1.814257
Generation 200: Best fitness = 1.818410
Generation 250: Best fitness = 1.820016
Generation 300: Best fitness = 1.821632
Generation 350: Best fitness = 1.821930
Generation 400: Best fitness = 1.822168
Generation 450: Best fitness = 1.822168
Attempt 839: Current best = 1.959807
Generation 0: Best fitness = 0.850417
Generation 50: Best fitness = 1.615979
Generation 100: Best fitness = 1.802095
Generation 150: Best fitness = 1.811121
Generation 200: Best fitness = 1.815691
Generation 250: Best fitness = 1.816081
Generation 300: Best fitness = 1.817236
Generation 350: Best fitness = 1.817893
Generation 400: Best fitness = 1.818392
Generation 450: Best fitness = 1.819090
Attempt 840: Current best = 1.959807
Generation 0: Best fitness = 0.857326
Generation 50: Best fitness = 1.569063
Generation 100: Best fitness = 1.756604
Generation 150: Best fitness = 1.768857
Generation 200: Best fitness = 1.772617
Generation 250: Best fitness = 1.774067
Generation 300: Best fitness = 1.775081
Generation 350: Best fitness = 1.785713
Generation 400: Best fitness = 1.797133
Generation 450: Best fitness = 1.798498
Attempt 841: Current best = 1.959807
Generation 0: Best fitness = 0.878879
Generation 50: Best fitness = 1.695228
Generation 100: Best fitness = 1.834344
Generation 150: Best fitness = 1.841331
Generation 200: Best fitness = 1.846504
Generation 250: Best fitness = 1.849669
Generation 300: Best fitness = 1.850708
Generation 350: Best fitness = 1.851220
Generation 400: Best fitness = 1.852584
Generation 450: Best fitness = 1.852986
Attempt 842: Current best = 1.959807
Generation 0: Best fitness = 0.864623
Generation 50: Best fitness = 1.701368
Generation 100: Best fitness = 1.850324
Generation 150: Best fitness = 1.863280
Generation 200: Best fitness = 1.866423
Generation 250: Best fitness = 1.867910
Generation 300: Best fitness = 1.870284
Generation 350: Best fitness = 1.871494
Generation 400: Best fitness = 1.872746
Generation 450: Best fitness = 1.873586
Attempt 843: Current best = 1.959807
Generation 0: Best fitness = 0.866902
Generation 50: Best fitness = 1.682253
Generation 100: Best fitness = 1.786645
Generation 150: Best fitness = 1.799657
Generation 200: Best fitness = 1.803661
Generation 250: Best fitness = 1.805224
Generation 300: Best fitness = 1.806948
Generation 350: Best fitness = 1.808129
Generation 400: Best fitness = 1.808266
Generation 450: Best fitness = 1.808545
Attempt 844: Current best = 1.959807
Generation 0: Best fitness = 0.869431
Generation 50: Best fitness = 1.642862
Generation 100: Best fitness = 1.751960
Generation 150: Best fitness = 1.764052
Generation 200: Best fitness = 1.766249
Generation 250: Best fitness = 1.768893
Generation 300: Best fitness = 1.769472
Generation 350: Best fitness = 1.769596
Generation 400: Best fitness = 1.769709
Generation 450: Best fitness = 1.769830
Attempt 845: Current best = 1.959807
Generation 0: Best fitness = 0.868351
Generation 50: Best fitness = 1.581989
Generation 100: Best fitness = 1.715993
Generation 150: Best fitness = 1.725122
Generation 200: Best fitness = 1.728756
Generation 250: Best fitness = 1.731564
Generation 300: Best fitness = 1.733145
Generation 350: Best fitness = 1.733847
Generation 400: Best fitness = 1.735591
Generation 450: Best fitness = 1.737295
Attempt 846: Current best = 1.959807
Generation 0: Best fitness = 0.865030
Generation 50: Best fitness = 1.643083
Generation 100: Best fitness = 1.752051
Generation 150: Best fitness = 1.767060
Generation 200: Best fitness = 1.768137
Generation 250: Best fitness = 1.770334
Generation 300: Best fitness = 1.770818
Generation 350: Best fitness = 1.771871
Generation 400: Best fitness = 1.772336
Generation 450: Best fitness = 1.772336
Attempt 847: Current best = 1.959807
Generation 0: Best fitness = 0.855130
Generation 50: Best fitness = 1.650281
Generation 100: Best fitness = 1.744953
Generation 150: Best fitness = 1.770803
Generation 200: Best fitness = 1.776314
Generation 250: Best fitness = 1.780251
Generation 300: Best fitness = 1.781115
Generation 350: Best fitness = 1.781440
Generation 400: Best fitness = 1.781587
Generation 450: Best fitness = 1.782109
Attempt 848: Current best = 1.959807
Generation 0: Best fitness = 0.873992
Generation 50: Best fitness = 1.594634
Generation 100: Best fitness = 1.728066
Generation 150: Best fitness = 1.741582
Generation 200: Best fitness = 1.743686
Generation 250: Best fitness = 1.743993
Generation 300: Best fitness = 1.744636
Generation 350: Best fitness = 1.745809
Generation 400: Best fitness = 1.746257
Generation 450: Best fitness = 1.754420
Attempt 849: Current best = 1.959807
Generation 0: Best fitness = 0.856304
Generation 50: Best fitness = 1.617203
Generation 100: Best fitness = 1.716182
Generation 150: Best fitness = 1.727572
Generation 200: Best fitness = 1.729819
Generation 250: Best fitness = 1.731363
Generation 300: Best fitness = 1.731768
Generation 350: Best fitness = 1.731902
Generation 400: Best fitness = 1.732419
Generation 450: Best fitness = 1.732670
Attempt 850: Current best = 1.959807
Generation 0: Best fitness = 0.850342
Generation 50: Best fitness = 1.607554
Generation 100: Best fitness = 1.733546
Generation 150: Best fitness = 1.756505
Generation 200: Best fitness = 1.764917
Generation 250: Best fitness = 1.767096
Generation 300: Best fitness = 1.769566
Generation 350: Best fitness = 1.769579
Generation 400: Best fitness = 1.770602
Generation 450: Best fitness = 1.771233
Attempt 851: Current best = 1.959807
Generation 0: Best fitness = 0.859211
Generation 50: Best fitness = 1.626017
Generation 100: Best fitness = 1.728488
Generation 150: Best fitness = 1.756281
Generation 200: Best fitness = 1.759475
Generation 250: Best fitness = 1.760659
Generation 300: Best fitness = 1.762997
Generation 350: Best fitness = 1.763335
Generation 400: Best fitness = 1.763335
Generation 450: Best fitness = 1.763913
Attempt 852: Current best = 1.959807
Generation 0: Best fitness = 0.860790
Generation 50: Best fitness = 1.608083
Generation 100: Best fitness = 1.774154
Generation 150: Best fitness = 1.786876
Generation 200: Best fitness = 1.790167
Generation 250: Best fitness = 1.791977
Generation 300: Best fitness = 1.793657
Generation 350: Best fitness = 1.794609
Generation 400: Best fitness = 1.794609
Generation 450: Best fitness = 1.794609
Attempt 853: Current best = 1.959807
Generation 0: Best fitness = 0.848904
Generation 50: Best fitness = 1.671199
Generation 100: Best fitness = 1.751552
Generation 150: Best fitness = 1.760572
Generation 200: Best fitness = 1.763141
Generation 250: Best fitness = 1.764737
Generation 300: Best fitness = 1.765326
Generation 350: Best fitness = 1.765615
Generation 400: Best fitness = 1.765727
Generation 450: Best fitness = 1.765901
Attempt 854: Current best = 1.959807
Generation 0: Best fitness = 0.852545
Generation 50: Best fitness = 1.673561
Generation 100: Best fitness = 1.891367
Generation 150: Best fitness = 1.901806
Generation 200: Best fitness = 1.906380
Generation 250: Best fitness = 1.906896
Generation 300: Best fitness = 1.908752
Generation 350: Best fitness = 1.909184
Generation 400: Best fitness = 1.909184
Generation 450: Best fitness = 1.909502
Attempt 855: Current best = 1.959807
Generation 0: Best fitness = 0.853255
Generation 50: Best fitness = 1.622061
Generation 100: Best fitness = 1.765177
Generation 150: Best fitness = 1.778320
Generation 200: Best fitness = 1.785665
Generation 250: Best fitness = 1.790136
Generation 300: Best fitness = 1.791373
Generation 350: Best fitness = 1.792868
Generation 400: Best fitness = 1.793474
Generation 450: Best fitness = 1.793812
Attempt 856: Current best = 1.959807
Generation 0: Best fitness = 0.855897
Generation 50: Best fitness = 1.633447
Generation 100: Best fitness = 1.736277
Generation 150: Best fitness = 1.745499
Generation 200: Best fitness = 1.748355
Generation 250: Best fitness = 1.748927
Generation 300: Best fitness = 1.749779
Generation 350: Best fitness = 1.749869
Generation 400: Best fitness = 1.750178
Generation 450: Best fitness = 1.750629
Attempt 857: Current best = 1.959807
Generation 0: Best fitness = 0.857450
Generation 50: Best fitness = 1.587995
Generation 100: Best fitness = 1.666558
Generation 150: Best fitness = 1.679736
Generation 200: Best fitness = 1.685439
Generation 250: Best fitness = 1.687110
Generation 300: Best fitness = 1.688933
Generation 350: Best fitness = 1.689347
Generation 400: Best fitness = 1.690416
Generation 450: Best fitness = 1.693663
Attempt 858: Current best = 1.959807
Generation 0: Best fitness = 0.859610
Generation 50: Best fitness = 1.595336
Generation 100: Best fitness = 1.760055
Generation 150: Best fitness = 1.777873
Generation 200: Best fitness = 1.783171
Generation 250: Best fitness = 1.784753
Generation 300: Best fitness = 1.786289
Generation 350: Best fitness = 1.786809
Generation 400: Best fitness = 1.786824
Generation 450: Best fitness = 1.787568
Attempt 859: Current best = 1.959807
Generation 0: Best fitness = 0.854967
Generation 50: Best fitness = 1.618651
Generation 100: Best fitness = 1.719131
Generation 150: Best fitness = 1.723131
Generation 200: Best fitness = 1.725004
Generation 250: Best fitness = 1.725708
Generation 300: Best fitness = 1.726701
Generation 350: Best fitness = 1.726773
Generation 400: Best fitness = 1.726864
Generation 450: Best fitness = 1.726866
Attempt 860: Current best = 1.959807
Generation 0: Best fitness = 0.858863
Generation 50: Best fitness = 1.627046
Generation 100: Best fitness = 1.758671
Generation 150: Best fitness = 1.787622
Generation 200: Best fitness = 1.792331
Generation 250: Best fitness = 1.793108
Generation 300: Best fitness = 1.794487
Generation 350: Best fitness = 1.794885
Generation 400: Best fitness = 1.795233
Generation 450: Best fitness = 1.795443
Attempt 861: Current best = 1.959807
Generation 0: Best fitness = 0.870640
Generation 50: Best fitness = 1.689537
Generation 100: Best fitness = 1.792143
Generation 150: Best fitness = 1.810490
Generation 200: Best fitness = 1.816514
Generation 250: Best fitness = 1.817959
Generation 300: Best fitness = 1.818815
Generation 350: Best fitness = 1.819662
Generation 400: Best fitness = 1.819662
Generation 450: Best fitness = 1.819950
Attempt 862: Current best = 1.959807
Generation 0: Best fitness = 0.857037
Generation 50: Best fitness = 1.606877
Generation 100: Best fitness = 1.730080
Generation 150: Best fitness = 1.741996
Generation 200: Best fitness = 1.745331
Generation 250: Best fitness = 1.747662
Generation 300: Best fitness = 1.748561
Generation 350: Best fitness = 1.749284
Generation 400: Best fitness = 1.749802
Generation 450: Best fitness = 1.749991
Attempt 863: Current best = 1.959807
Generation 0: Best fitness = 0.842936
Generation 50: Best fitness = 1.665849
Generation 100: Best fitness = 1.802154
Generation 150: Best fitness = 1.812226
Generation 200: Best fitness = 1.818491
Generation 250: Best fitness = 1.820880
Generation 300: Best fitness = 1.820909
Generation 350: Best fitness = 1.821353
Generation 400: Best fitness = 1.821490
Generation 450: Best fitness = 1.822334
Attempt 864: Current best = 1.959807
Generation 0: Best fitness = 0.861199
Generation 50: Best fitness = 1.655531
Generation 100: Best fitness = 1.756085
Generation 150: Best fitness = 1.765892
Generation 200: Best fitness = 1.768764
Generation 250: Best fitness = 1.771666
Generation 300: Best fitness = 1.772904
Generation 350: Best fitness = 1.773674
Generation 400: Best fitness = 1.776008
Generation 450: Best fitness = 1.782132
Attempt 865: Current best = 1.959807
Generation 0: Best fitness = 0.852395
Generation 50: Best fitness = 1.620711
Generation 100: Best fitness = 1.737681
Generation 150: Best fitness = 1.751168
Generation 200: Best fitness = 1.756517
Generation 250: Best fitness = 1.759299
Generation 300: Best fitness = 1.760418
Generation 350: Best fitness = 1.760945
Generation 400: Best fitness = 1.761372
Generation 450: Best fitness = 1.761602
Attempt 866: Current best = 1.959807
Generation 0: Best fitness = 0.860643
Generation 50: Best fitness = 1.668979
Generation 100: Best fitness = 1.747903
Generation 150: Best fitness = 1.766137
Generation 200: Best fitness = 1.769989
Generation 250: Best fitness = 1.771126
Generation 300: Best fitness = 1.771218
Generation 350: Best fitness = 1.771252
Generation 400: Best fitness = 1.771912
Generation 450: Best fitness = 1.773143
Attempt 867: Current best = 1.959807
Generation 0: Best fitness = 0.854439
Generation 50: Best fitness = 1.678668
Generation 100: Best fitness = 1.786470
Generation 150: Best fitness = 1.799700
Generation 200: Best fitness = 1.803404
Generation 250: Best fitness = 1.804234
Generation 300: Best fitness = 1.804629
Generation 350: Best fitness = 1.804723
Generation 400: Best fitness = 1.805876
Generation 450: Best fitness = 1.806210
Attempt 868: Current best = 1.959807
Generation 0: Best fitness = 0.881503
Generation 50: Best fitness = 1.648281
Generation 100: Best fitness = 1.819343
Generation 150: Best fitness = 1.831831
Generation 200: Best fitness = 1.833914
Generation 250: Best fitness = 1.836233
Generation 300: Best fitness = 1.838398
Generation 350: Best fitness = 1.845696
Generation 400: Best fitness = 1.846064
Generation 450: Best fitness = 1.848872
Attempt 869: Current best = 1.959807
Generation 0: Best fitness = 0.852124
Generation 50: Best fitness = 1.625329
Generation 100: Best fitness = 1.784865
Generation 150: Best fitness = 1.798918
Generation 200: Best fitness = 1.800607
Generation 250: Best fitness = 1.800863
Generation 300: Best fitness = 1.801933
Generation 350: Best fitness = 1.803419
Generation 400: Best fitness = 1.803658
Generation 450: Best fitness = 1.803686
Attempt 870: Current best = 1.959807
Generation 0: Best fitness = 0.857296
Generation 50: Best fitness = 1.654245
Generation 100: Best fitness = 1.779788
Generation 150: Best fitness = 1.798068
Generation 200: Best fitness = 1.805243
Generation 250: Best fitness = 1.808045
Generation 300: Best fitness = 1.809708
Generation 350: Best fitness = 1.813422
Generation 400: Best fitness = 1.814237
Generation 450: Best fitness = 1.815484
Attempt 871: Current best = 1.959807
Generation 0: Best fitness = 0.869229
Generation 50: Best fitness = 1.729209
Generation 100: Best fitness = 1.849582
Generation 150: Best fitness = 1.887205
Generation 200: Best fitness = 1.897809
Generation 250: Best fitness = 1.898864
Generation 300: Best fitness = 1.899595
Generation 350: Best fitness = 1.900531
Generation 400: Best fitness = 1.901281
Generation 450: Best fitness = 1.901433
Attempt 872: Current best = 1.959807
Generation 0: Best fitness = 0.856242
Generation 50: Best fitness = 1.658536
Generation 100: Best fitness = 1.789554
Generation 150: Best fitness = 1.798439
Generation 200: Best fitness = 1.815735
Generation 250: Best fitness = 1.817380
Generation 300: Best fitness = 1.818261
Generation 350: Best fitness = 1.821303
Generation 400: Best fitness = 1.821858
Generation 450: Best fitness = 1.823202
Attempt 873: Current best = 1.959807
Generation 0: Best fitness = 0.864119
Generation 50: Best fitness = 1.694441
Generation 100: Best fitness = 1.837352
Generation 150: Best fitness = 1.850011
Generation 200: Best fitness = 1.854658
Generation 250: Best fitness = 1.855550
Generation 300: Best fitness = 1.858508
Generation 350: Best fitness = 1.862683
Generation 400: Best fitness = 1.862982
Generation 450: Best fitness = 1.863332
Attempt 874: Current best = 1.959807
Generation 0: Best fitness = 0.853132
Generation 50: Best fitness = 1.644848
Generation 100: Best fitness = 1.764596
Generation 150: Best fitness = 1.785531
Generation 200: Best fitness = 1.798800
Generation 250: Best fitness = 1.806366
Generation 300: Best fitness = 1.807441
Generation 350: Best fitness = 1.821476
Generation 400: Best fitness = 1.824463
Generation 450: Best fitness = 1.825177
Attempt 875: Current best = 1.959807
Generation 0: Best fitness = 0.867729
Generation 50: Best fitness = 1.604532
Generation 100: Best fitness = 1.743698
Generation 150: Best fitness = 1.754652
Generation 200: Best fitness = 1.757911
Generation 250: Best fitness = 1.758714
Generation 300: Best fitness = 1.759978
Generation 350: Best fitness = 1.761497
Generation 400: Best fitness = 1.761783
Generation 450: Best fitness = 1.762248
Attempt 876: Current best = 1.959807
Generation 0: Best fitness = 0.836625
Generation 50: Best fitness = 1.627932
Generation 100: Best fitness = 1.716010
Generation 150: Best fitness = 1.727104
Generation 200: Best fitness = 1.729558
Generation 250: Best fitness = 1.730967
Generation 300: Best fitness = 1.732344
Generation 350: Best fitness = 1.732978
Generation 400: Best fitness = 1.741292
Generation 450: Best fitness = 1.744611
Attempt 877: Current best = 1.959807
Generation 0: Best fitness = 0.849963
Generation 50: Best fitness = 1.621299
Generation 100: Best fitness = 1.730687
Generation 150: Best fitness = 1.740298
Generation 200: Best fitness = 1.742326
Generation 250: Best fitness = 1.742847
Generation 300: Best fitness = 1.744807
Generation 350: Best fitness = 1.745910
Generation 400: Best fitness = 1.746002
Generation 450: Best fitness = 1.746619
Attempt 878: Current best = 1.959807
Generation 0: Best fitness = 0.865598
Generation 50: Best fitness = 1.658527
Generation 100: Best fitness = 1.770555
Generation 150: Best fitness = 1.779343
Generation 200: Best fitness = 1.782794
Generation 250: Best fitness = 1.782971
Generation 300: Best fitness = 1.784202
Generation 350: Best fitness = 1.785680
Generation 400: Best fitness = 1.785804
Generation 450: Best fitness = 1.786734
Attempt 879: Current best = 1.959807
Generation 0: Best fitness = 0.861577
Generation 50: Best fitness = 1.612262
Generation 100: Best fitness = 1.751612
Generation 150: Best fitness = 1.761526
Generation 200: Best fitness = 1.765200
Generation 250: Best fitness = 1.767346
Generation 300: Best fitness = 1.768256
Generation 350: Best fitness = 1.768577
Generation 400: Best fitness = 1.768758
Generation 450: Best fitness = 1.769103
Attempt 880: Current best = 1.959807
Generation 0: Best fitness = 0.863169
Generation 50: Best fitness = 1.669985
Generation 100: Best fitness = 1.768967
Generation 150: Best fitness = 1.781654
Generation 200: Best fitness = 1.787265
Generation 250: Best fitness = 1.800715
Generation 300: Best fitness = 1.802152
Generation 350: Best fitness = 1.808383
Generation 400: Best fitness = 1.809717
Generation 450: Best fitness = 1.809969
Attempt 881: Current best = 1.959807
Generation 0: Best fitness = 0.870526
Generation 50: Best fitness = 1.662050
Generation 100: Best fitness = 1.768010
Generation 150: Best fitness = 1.774516
Generation 200: Best fitness = 1.780576
Generation 250: Best fitness = 1.782318
Generation 300: Best fitness = 1.782556
Generation 350: Best fitness = 1.783653
Generation 400: Best fitness = 1.783664
Generation 450: Best fitness = 1.783855
Attempt 882: Current best = 1.959807
Generation 0: Best fitness = 0.859393
Generation 50: Best fitness = 1.548780
Generation 100: Best fitness = 1.695912
Generation 150: Best fitness = 1.702627
Generation 200: Best fitness = 1.707028
Generation 250: Best fitness = 1.710022
Generation 300: Best fitness = 1.710467
Generation 350: Best fitness = 1.711040
Generation 400: Best fitness = 1.711498
Generation 450: Best fitness = 1.711566
Attempt 883: Current best = 1.959807
Generation 0: Best fitness = 0.850060
Generation 50: Best fitness = 1.559001
Generation 100: Best fitness = 1.731930
Generation 150: Best fitness = 1.744436
Generation 200: Best fitness = 1.747507
Generation 250: Best fitness = 1.749356
Generation 300: Best fitness = 1.749725
Generation 350: Best fitness = 1.750631
Generation 400: Best fitness = 1.750798
Generation 450: Best fitness = 1.750982
Attempt 884: Current best = 1.959807
Generation 0: Best fitness = 0.869398
Generation 50: Best fitness = 1.610191
Generation 100: Best fitness = 1.747742
Generation 150: Best fitness = 1.758551
Generation 200: Best fitness = 1.760807
Generation 250: Best fitness = 1.762238
Generation 300: Best fitness = 1.763065
Generation 350: Best fitness = 1.763496
Generation 400: Best fitness = 1.763586
Generation 450: Best fitness = 1.763669
Attempt 885: Current best = 1.959807
Generation 0: Best fitness = 0.839816
Generation 50: Best fitness = 1.634951
Generation 100: Best fitness = 1.739926
Generation 150: Best fitness = 1.748386
Generation 200: Best fitness = 1.751256
Generation 250: Best fitness = 1.753574
Generation 300: Best fitness = 1.754927
Generation 350: Best fitness = 1.755636
Generation 400: Best fitness = 1.755737
Generation 450: Best fitness = 1.755828
Attempt 886: Current best = 1.959807
Generation 0: Best fitness = 0.853899
Generation 50: Best fitness = 1.615050
Generation 100: Best fitness = 1.779714
Generation 150: Best fitness = 1.791949
Generation 200: Best fitness = 1.795353
Generation 250: Best fitness = 1.797068
Generation 300: Best fitness = 1.797343
Generation 350: Best fitness = 1.797363
Generation 400: Best fitness = 1.797793
Generation 450: Best fitness = 1.798250
Attempt 887: Current best = 1.959807
Generation 0: Best fitness = 0.850879
Generation 50: Best fitness = 1.620828
Generation 100: Best fitness = 1.791873
Generation 150: Best fitness = 1.800539
Generation 200: Best fitness = 1.806699
Generation 250: Best fitness = 1.807603
Generation 300: Best fitness = 1.807861
Generation 350: Best fitness = 1.808488
Generation 400: Best fitness = 1.809208
Generation 450: Best fitness = 1.809385
Attempt 888: Current best = 1.959807
Generation 0: Best fitness = 0.848909
Generation 50: Best fitness = 1.583781
Generation 100: Best fitness = 1.678230
Generation 150: Best fitness = 1.688761
Generation 200: Best fitness = 1.691138
Generation 250: Best fitness = 1.691371
Generation 300: Best fitness = 1.691559
Generation 350: Best fitness = 1.691730
Generation 400: Best fitness = 1.692072
Generation 450: Best fitness = 1.692104
Attempt 889: Current best = 1.959807
Generation 0: Best fitness = 0.856940
Generation 50: Best fitness = 1.605460
Generation 100: Best fitness = 1.766228
Generation 150: Best fitness = 1.782439
Generation 200: Best fitness = 1.785227
Generation 250: Best fitness = 1.786993
Generation 300: Best fitness = 1.787955
Generation 350: Best fitness = 1.789276
Generation 400: Best fitness = 1.789276
Generation 450: Best fitness = 1.789957
Attempt 890: Current best = 1.959807
Generation 0: Best fitness = 0.851970
Generation 50: Best fitness = 1.585601
Generation 100: Best fitness = 1.735136
Generation 150: Best fitness = 1.745744
Generation 200: Best fitness = 1.750751
Generation 250: Best fitness = 1.755233
Generation 300: Best fitness = 1.755633
Generation 350: Best fitness = 1.755828
Generation 400: Best fitness = 1.756693
Generation 450: Best fitness = 1.757301
Attempt 891: Current best = 1.959807
Generation 0: Best fitness = 0.852600
Generation 50: Best fitness = 1.552194
Generation 100: Best fitness = 1.730841
Generation 150: Best fitness = 1.743499
Generation 200: Best fitness = 1.744942
Generation 250: Best fitness = 1.745854
Generation 300: Best fitness = 1.746724
Generation 350: Best fitness = 1.746964
Generation 400: Best fitness = 1.747494
Generation 450: Best fitness = 1.749143
Attempt 892: Current best = 1.959807
Generation 0: Best fitness = 0.853971
Generation 50: Best fitness = 1.692747
Generation 100: Best fitness = 1.806929
Generation 150: Best fitness = 1.814205
Generation 200: Best fitness = 1.820189
Generation 250: Best fitness = 1.821713
Generation 300: Best fitness = 1.822191
Generation 350: Best fitness = 1.822886
Generation 400: Best fitness = 1.823602
Generation 450: Best fitness = 1.823672
Attempt 893: Current best = 1.959807
Generation 0: Best fitness = 0.844791
Generation 50: Best fitness = 1.655718
Generation 100: Best fitness = 1.753933
Generation 150: Best fitness = 1.761262
Generation 200: Best fitness = 1.762569
Generation 250: Best fitness = 1.762850
Generation 300: Best fitness = 1.765411
Generation 350: Best fitness = 1.766464
Generation 400: Best fitness = 1.768746
Generation 450: Best fitness = 1.769065
Attempt 894: Current best = 1.959807
Generation 0: Best fitness = 0.862461
Generation 50: Best fitness = 1.633086
Generation 100: Best fitness = 1.773474
Generation 150: Best fitness = 1.789474
Generation 200: Best fitness = 1.793154
Generation 250: Best fitness = 1.794804
Generation 300: Best fitness = 1.795878
Generation 350: Best fitness = 1.805077
Generation 400: Best fitness = 1.817978
Generation 450: Best fitness = 1.818145
Attempt 895: Current best = 1.959807
Generation 0: Best fitness = 0.850878
Generation 50: Best fitness = 1.614091
Generation 100: Best fitness = 1.703916
Generation 150: Best fitness = 1.708164
Generation 200: Best fitness = 1.711462
Generation 250: Best fitness = 1.712657
Generation 300: Best fitness = 1.715573
Generation 350: Best fitness = 1.716692
Generation 400: Best fitness = 1.717846
Generation 450: Best fitness = 1.718128
Attempt 896: Current best = 1.959807
Generation 0: Best fitness = 0.847360
Generation 50: Best fitness = 1.609382
Generation 100: Best fitness = 1.711305
Generation 150: Best fitness = 1.738626
Generation 200: Best fitness = 1.746401
Generation 250: Best fitness = 1.747678
Generation 300: Best fitness = 1.749098
Generation 350: Best fitness = 1.749236
Generation 400: Best fitness = 1.749585
Generation 450: Best fitness = 1.750147
Attempt 897: Current best = 1.959807
Generation 0: Best fitness = 0.856703
Generation 50: Best fitness = 1.565366
Generation 100: Best fitness = 1.699885
Generation 150: Best fitness = 1.709758
Generation 200: Best fitness = 1.736833
Generation 250: Best fitness = 1.747576
Generation 300: Best fitness = 1.750381
Generation 350: Best fitness = 1.751196
Generation 400: Best fitness = 1.757568
Generation 450: Best fitness = 1.757792
Attempt 898: Current best = 1.959807
Generation 0: Best fitness = 0.866900
Generation 50: Best fitness = 1.647596
Generation 100: Best fitness = 1.783800
Generation 150: Best fitness = 1.800004
Generation 200: Best fitness = 1.804297
Generation 250: Best fitness = 1.805065
Generation 300: Best fitness = 1.805465
Generation 350: Best fitness = 1.805799
Generation 400: Best fitness = 1.806987
Generation 450: Best fitness = 1.814739
Attempt 899: Current best = 1.959807
Generation 0: Best fitness = 0.860882
Generation 50: Best fitness = 1.598269
Generation 100: Best fitness = 1.702920
Generation 150: Best fitness = 1.711787
Generation 200: Best fitness = 1.714724
Generation 250: Best fitness = 1.719026
Generation 300: Best fitness = 1.720908
Generation 350: Best fitness = 1.721529
Generation 400: Best fitness = 1.721793
Generation 450: Best fitness = 1.722147
Attempt 900: Current best = 1.959807
Generation 0: Best fitness = 0.854350
Generation 50: Best fitness = 1.650054
Generation 100: Best fitness = 1.766984
Generation 150: Best fitness = 1.792216
Generation 200: Best fitness = 1.797166
Generation 250: Best fitness = 1.801795
Generation 300: Best fitness = 1.801988
Generation 350: Best fitness = 1.802786
Generation 400: Best fitness = 1.802786
Generation 450: Best fitness = 1.803128
Attempt 901: Current best = 1.959807
Generation 0: Best fitness = 0.845717
Generation 50: Best fitness = 1.519728
Generation 100: Best fitness = 1.637339
Generation 150: Best fitness = 1.654966
Generation 200: Best fitness = 1.658466
Generation 250: Best fitness = 1.660103
Generation 300: Best fitness = 1.662015
Generation 350: Best fitness = 1.663844
Generation 400: Best fitness = 1.664806
Generation 450: Best fitness = 1.665324
Attempt 902: Current best = 1.959807
Generation 0: Best fitness = 0.867868
Generation 50: Best fitness = 1.612111
Generation 100: Best fitness = 1.724272
Generation 150: Best fitness = 1.731205
Generation 200: Best fitness = 1.736073
Generation 250: Best fitness = 1.737271
Generation 300: Best fitness = 1.737565
Generation 350: Best fitness = 1.737626
Generation 400: Best fitness = 1.738693
Generation 450: Best fitness = 1.739389
Attempt 903: Current best = 1.959807
Generation 0: Best fitness = 0.852265
Generation 50: Best fitness = 1.633691
Generation 100: Best fitness = 1.747534
Generation 150: Best fitness = 1.752076
Generation 200: Best fitness = 1.756571
Generation 250: Best fitness = 1.757744
Generation 300: Best fitness = 1.758025
Generation 350: Best fitness = 1.758567
Generation 400: Best fitness = 1.758702
Generation 450: Best fitness = 1.758702
Attempt 904: Current best = 1.959807
Generation 0: Best fitness = 0.858927
Generation 50: Best fitness = 1.644261
Generation 100: Best fitness = 1.715833
Generation 150: Best fitness = 1.723229
Generation 200: Best fitness = 1.729291
Generation 250: Best fitness = 1.730196
Generation 300: Best fitness = 1.731964
Generation 350: Best fitness = 1.732501
Generation 400: Best fitness = 1.732501
Generation 450: Best fitness = 1.732501
Attempt 905: Current best = 1.959807
Generation 0: Best fitness = 0.873786
Generation 50: Best fitness = 1.640586
Generation 100: Best fitness = 1.736820
Generation 150: Best fitness = 1.755125
Generation 200: Best fitness = 1.760130
Generation 250: Best fitness = 1.763956
Generation 300: Best fitness = 1.764775
Generation 350: Best fitness = 1.765278
Generation 400: Best fitness = 1.765278
Generation 450: Best fitness = 1.765719
Attempt 906: Current best = 1.959807
Generation 0: Best fitness = 0.842686
Generation 50: Best fitness = 1.632216
Generation 100: Best fitness = 1.730466
Generation 150: Best fitness = 1.739713
Generation 200: Best fitness = 1.746776
Generation 250: Best fitness = 1.749486
Generation 300: Best fitness = 1.750664
Generation 350: Best fitness = 1.750899
Generation 400: Best fitness = 1.751720
Generation 450: Best fitness = 1.752087
Attempt 907: Current best = 1.959807
Generation 0: Best fitness = 0.852724
Generation 50: Best fitness = 1.635280
Generation 100: Best fitness = 1.766060
Generation 150: Best fitness = 1.791519
Generation 200: Best fitness = 1.797855
Generation 250: Best fitness = 1.799058
Generation 300: Best fitness = 1.800012
Generation 350: Best fitness = 1.800592
Generation 400: Best fitness = 1.801383
Generation 450: Best fitness = 1.801741
Attempt 908: Current best = 1.959807
Generation 0: Best fitness = 0.852814
Generation 50: Best fitness = 1.654274
Generation 100: Best fitness = 1.752737
Generation 150: Best fitness = 1.760244
Generation 200: Best fitness = 1.763094
Generation 250: Best fitness = 1.764198
Generation 300: Best fitness = 1.765522
Generation 350: Best fitness = 1.766527
Generation 400: Best fitness = 1.766958
Generation 450: Best fitness = 1.767296
Attempt 909: Current best = 1.959807
Generation 0: Best fitness = 0.855429
Generation 50: Best fitness = 1.730244
Generation 100: Best fitness = 1.791232
Generation 150: Best fitness = 1.797882
Generation 200: Best fitness = 1.800118
Generation 250: Best fitness = 1.805926
Generation 300: Best fitness = 1.810601
Generation 350: Best fitness = 1.813196
Generation 400: Best fitness = 1.813727
Generation 450: Best fitness = 1.814180
Attempt 910: Current best = 1.959807
Generation 0: Best fitness = 0.865299
Generation 50: Best fitness = 1.589011
Generation 100: Best fitness = 1.714608
Generation 150: Best fitness = 1.748662
Generation 200: Best fitness = 1.761066
Generation 250: Best fitness = 1.762149
Generation 300: Best fitness = 1.762337
Generation 350: Best fitness = 1.764041
Generation 400: Best fitness = 1.764931
Generation 450: Best fitness = 1.764931
Attempt 911: Current best = 1.959807
Generation 0: Best fitness = 0.858040
Generation 50: Best fitness = 1.636411
Generation 100: Best fitness = 1.773101
Generation 150: Best fitness = 1.787881
Generation 200: Best fitness = 1.790160
Generation 250: Best fitness = 1.791718
Generation 300: Best fitness = 1.792747
Generation 350: Best fitness = 1.793569
Generation 400: Best fitness = 1.794501
Generation 450: Best fitness = 1.795302
Attempt 912: Current best = 1.959807
Generation 0: Best fitness = 0.854696
Generation 50: Best fitness = 1.583924
Generation 100: Best fitness = 1.690756
Generation 150: Best fitness = 1.700129
Generation 200: Best fitness = 1.706553
Generation 250: Best fitness = 1.706816
Generation 300: Best fitness = 1.706967
Generation 350: Best fitness = 1.707277
Generation 400: Best fitness = 1.707443
Generation 450: Best fitness = 1.708029
Attempt 913: Current best = 1.959807
Generation 0: Best fitness = 0.870585
Generation 50: Best fitness = 1.627117
Generation 100: Best fitness = 1.766849
Generation 150: Best fitness = 1.783429
Generation 200: Best fitness = 1.785187
Generation 250: Best fitness = 1.786135
Generation 300: Best fitness = 1.786597
Generation 350: Best fitness = 1.786767
Generation 400: Best fitness = 1.787110
Generation 450: Best fitness = 1.787737
Attempt 914: Current best = 1.959807
Generation 0: Best fitness = 0.848881
Generation 50: Best fitness = 1.577770
Generation 100: Best fitness = 1.717414
Generation 150: Best fitness = 1.740625
Generation 200: Best fitness = 1.744529
Generation 250: Best fitness = 1.746170
Generation 300: Best fitness = 1.747616
Generation 350: Best fitness = 1.748882
Generation 400: Best fitness = 1.749414
Generation 450: Best fitness = 1.749820
Attempt 915: Current best = 1.959807
Generation 0: Best fitness = 0.854822
Generation 50: Best fitness = 1.663282
Generation 100: Best fitness = 1.777772
Generation 150: Best fitness = 1.788302
Generation 200: Best fitness = 1.790587
Generation 250: Best fitness = 1.792808
Generation 300: Best fitness = 1.793243
Generation 350: Best fitness = 1.793399
Generation 400: Best fitness = 1.793541
Generation 450: Best fitness = 1.793737
Attempt 916: Current best = 1.959807
Generation 0: Best fitness = 0.862690
Generation 50: Best fitness = 1.600341
Generation 100: Best fitness = 1.707877
Generation 150: Best fitness = 1.719499
Generation 200: Best fitness = 1.724545
Generation 250: Best fitness = 1.726045
Generation 300: Best fitness = 1.729317
Generation 350: Best fitness = 1.730286
Generation 400: Best fitness = 1.730506
Generation 450: Best fitness = 1.730629
Attempt 917: Current best = 1.959807
Generation 0: Best fitness = 0.863393
Generation 50: Best fitness = 1.646039
Generation 100: Best fitness = 1.762249
Generation 150: Best fitness = 1.768811
Generation 200: Best fitness = 1.774241
Generation 250: Best fitness = 1.775832
Generation 300: Best fitness = 1.776025
Generation 350: Best fitness = 1.776543
Generation 400: Best fitness = 1.777331
Generation 450: Best fitness = 1.777523
Attempt 918: Current best = 1.959807
Generation 0: Best fitness = 0.863216
Generation 50: Best fitness = 1.698557
Generation 100: Best fitness = 1.895559
Generation 150: Best fitness = 1.916235
Generation 200: Best fitness = 1.922499
Generation 250: Best fitness = 1.924661
Generation 300: Best fitness = 1.926754
Generation 350: Best fitness = 1.933745
Generation 400: Best fitness = 1.934922
Generation 450: Best fitness = 1.935111
Attempt 919: Current best = 1.959807
Generation 0: Best fitness = 0.859683
Generation 50: Best fitness = 1.587381
Generation 100: Best fitness = 1.682965
Generation 150: Best fitness = 1.705974
Generation 200: Best fitness = 1.711297
Generation 250: Best fitness = 1.713803
Generation 300: Best fitness = 1.714828
Generation 350: Best fitness = 1.715517
Generation 400: Best fitness = 1.715732
Generation 450: Best fitness = 1.716096
Attempt 920: Current best = 1.959807
Generation 0: Best fitness = 0.867501
Generation 50: Best fitness = 1.582059
Generation 100: Best fitness = 1.737722
Generation 150: Best fitness = 1.747202
Generation 200: Best fitness = 1.749548
Generation 250: Best fitness = 1.750833
Generation 300: Best fitness = 1.751689
Generation 350: Best fitness = 1.752561
Generation 400: Best fitness = 1.752977
Generation 450: Best fitness = 1.753301
Attempt 921: Current best = 1.959807
Generation 0: Best fitness = 0.861979
Generation 50: Best fitness = 1.691029
Generation 100: Best fitness = 1.789463
Generation 150: Best fitness = 1.802416
Generation 200: Best fitness = 1.804821
Generation 250: Best fitness = 1.804947
Generation 300: Best fitness = 1.805517
Generation 350: Best fitness = 1.805549
Generation 400: Best fitness = 1.806035
Generation 450: Best fitness = 1.806110
Attempt 922: Current best = 1.959807
Generation 0: Best fitness = 0.852570
Generation 50: Best fitness = 1.653272
Generation 100: Best fitness = 1.754425
Generation 150: Best fitness = 1.767847
Generation 200: Best fitness = 1.773208
Generation 250: Best fitness = 1.774736
Generation 300: Best fitness = 1.776637
Generation 350: Best fitness = 1.777062
Generation 400: Best fitness = 1.777119
Generation 450: Best fitness = 1.777797
Attempt 923: Current best = 1.959807
Generation 0: Best fitness = 0.875233
Generation 50: Best fitness = 1.625693
Generation 100: Best fitness = 1.727326
Generation 150: Best fitness = 1.732642
Generation 200: Best fitness = 1.736095
Generation 250: Best fitness = 1.737167
Generation 300: Best fitness = 1.737992
Generation 350: Best fitness = 1.740496
Generation 400: Best fitness = 1.741102
Generation 450: Best fitness = 1.741871
Attempt 924: Current best = 1.959807
Generation 0: Best fitness = 0.843500
Generation 50: Best fitness = 1.660710
Generation 100: Best fitness = 1.740015
Generation 150: Best fitness = 1.749748
Generation 200: Best fitness = 1.752461
Generation 250: Best fitness = 1.752624
Generation 300: Best fitness = 1.754342
Generation 350: Best fitness = 1.754820
Generation 400: Best fitness = 1.756435
Generation 450: Best fitness = 1.763683
Attempt 925: Current best = 1.959807
Generation 0: Best fitness = 0.858741
Generation 50: Best fitness = 1.623844
Generation 100: Best fitness = 1.724255
Generation 150: Best fitness = 1.741446
Generation 200: Best fitness = 1.746803
Generation 250: Best fitness = 1.748686
Generation 300: Best fitness = 1.749485
Generation 350: Best fitness = 1.750660
Generation 400: Best fitness = 1.751377
Generation 450: Best fitness = 1.752689
Attempt 926: Current best = 1.959807
Generation 0: Best fitness = 0.853171
Generation 50: Best fitness = 1.695154
Generation 100: Best fitness = 1.795506
Generation 150: Best fitness = 1.803482
Generation 200: Best fitness = 1.806185
Generation 250: Best fitness = 1.807137
Generation 300: Best fitness = 1.807984
Generation 350: Best fitness = 1.808414
Generation 400: Best fitness = 1.809111
Generation 450: Best fitness = 1.809485
Attempt 927: Current best = 1.959807
Generation 0: Best fitness = 0.865504
Generation 50: Best fitness = 1.632773
Generation 100: Best fitness = 1.806961
Generation 150: Best fitness = 1.820022
Generation 200: Best fitness = 1.826338
Generation 250: Best fitness = 1.828067
Generation 300: Best fitness = 1.828373
Generation 350: Best fitness = 1.829732
Generation 400: Best fitness = 1.832535
Generation 450: Best fitness = 1.832846
Attempt 928: Current best = 1.959807
Generation 0: Best fitness = 0.857255
Generation 50: Best fitness = 1.615739
Generation 100: Best fitness = 1.740806
Generation 150: Best fitness = 1.747637
Generation 200: Best fitness = 1.748606
Generation 250: Best fitness = 1.750321
Generation 300: Best fitness = 1.751425
Generation 350: Best fitness = 1.751937
Generation 400: Best fitness = 1.752503
Generation 450: Best fitness = 1.752503
Attempt 929: Current best = 1.959807
Generation 0: Best fitness = 0.846440
Generation 50: Best fitness = 1.555836
Generation 100: Best fitness = 1.716026
Generation 150: Best fitness = 1.753743
Generation 200: Best fitness = 1.756573
Generation 250: Best fitness = 1.759486
Generation 300: Best fitness = 1.761318
Generation 350: Best fitness = 1.762308
Generation 400: Best fitness = 1.763831
Generation 450: Best fitness = 1.764559
Attempt 930: Current best = 1.959807
Generation 0: Best fitness = 0.860132
Generation 50: Best fitness = 1.639010
Generation 100: Best fitness = 1.758142
Generation 150: Best fitness = 1.764566
Generation 200: Best fitness = 1.768548
Generation 250: Best fitness = 1.770486
Generation 300: Best fitness = 1.771888
Generation 350: Best fitness = 1.772495
Generation 400: Best fitness = 1.773040
Generation 450: Best fitness = 1.773081
Attempt 931: Current best = 1.959807
Generation 0: Best fitness = 0.851700
Generation 50: Best fitness = 1.640754
Generation 100: Best fitness = 1.779180
Generation 150: Best fitness = 1.803303
Generation 200: Best fitness = 1.807230
Generation 250: Best fitness = 1.810124
Generation 300: Best fitness = 1.810159
Generation 350: Best fitness = 1.811217
Generation 400: Best fitness = 1.811606
Generation 450: Best fitness = 1.812274
Attempt 932: Current best = 1.959807
Generation 0: Best fitness = 0.863376
Generation 50: Best fitness = 1.636343
Generation 100: Best fitness = 1.777600
Generation 150: Best fitness = 1.791345
Generation 200: Best fitness = 1.795898
Generation 250: Best fitness = 1.796387
Generation 300: Best fitness = 1.797579
Generation 350: Best fitness = 1.798149
Generation 400: Best fitness = 1.798748
Generation 450: Best fitness = 1.798818
Attempt 933: Current best = 1.959807
Generation 0: Best fitness = 0.848138
Generation 50: Best fitness = 1.648458
Generation 100: Best fitness = 1.729894
Generation 150: Best fitness = 1.734089
Generation 200: Best fitness = 1.736610
Generation 250: Best fitness = 1.738787
Generation 300: Best fitness = 1.739880
Generation 350: Best fitness = 1.740444
Generation 400: Best fitness = 1.740672
Generation 450: Best fitness = 1.740672
Attempt 934: Current best = 1.959807
Generation 0: Best fitness = 0.862025
Generation 50: Best fitness = 1.617378
Generation 100: Best fitness = 1.737956
Generation 150: Best fitness = 1.749694
Generation 200: Best fitness = 1.755153
Generation 250: Best fitness = 1.758277
Generation 300: Best fitness = 1.766237
Generation 350: Best fitness = 1.767054
Generation 400: Best fitness = 1.767925
Generation 450: Best fitness = 1.768326
Attempt 935: Current best = 1.959807
Generation 0: Best fitness = 0.858120
Generation 50: Best fitness = 1.598739
Generation 100: Best fitness = 1.709931
Generation 150: Best fitness = 1.721017
Generation 200: Best fitness = 1.725957
Generation 250: Best fitness = 1.727897
Generation 300: Best fitness = 1.727897
Generation 350: Best fitness = 1.728014
Generation 400: Best fitness = 1.728443
Generation 450: Best fitness = 1.728527
Attempt 936: Current best = 1.959807
Generation 0: Best fitness = 0.854853
Generation 50: Best fitness = 1.667338
Generation 100: Best fitness = 1.761680
Generation 150: Best fitness = 1.768271
Generation 200: Best fitness = 1.771433
Generation 250: Best fitness = 1.772861
Generation 300: Best fitness = 1.773956
Generation 350: Best fitness = 1.777603
Generation 400: Best fitness = 1.779036
Generation 450: Best fitness = 1.779190
Attempt 937: Current best = 1.959807
Generation 0: Best fitness = 0.853049
Generation 50: Best fitness = 1.632050
Generation 100: Best fitness = 1.750260
Generation 150: Best fitness = 1.769913
Generation 200: Best fitness = 1.778498
Generation 250: Best fitness = 1.780348
Generation 300: Best fitness = 1.781695
Generation 350: Best fitness = 1.782064
Generation 400: Best fitness = 1.782550
Generation 450: Best fitness = 1.783211
Attempt 938: Current best = 1.959807
Generation 0: Best fitness = 0.854078
Generation 50: Best fitness = 1.644750
Generation 100: Best fitness = 1.769306
Generation 150: Best fitness = 1.788011
Generation 200: Best fitness = 1.791721
Generation 250: Best fitness = 1.796275
Generation 300: Best fitness = 1.802945
Generation 350: Best fitness = 1.805133
Generation 400: Best fitness = 1.806124
Generation 450: Best fitness = 1.806436
Attempt 939: Current best = 1.959807
Generation 0: Best fitness = 0.867090
Generation 50: Best fitness = 1.677527
Generation 100: Best fitness = 1.778904
Generation 150: Best fitness = 1.788933
Generation 200: Best fitness = 1.792772
Generation 250: Best fitness = 1.794045
Generation 300: Best fitness = 1.798226
Generation 350: Best fitness = 1.799063
Generation 400: Best fitness = 1.799448
Generation 450: Best fitness = 1.799448
Attempt 940: Current best = 1.959807
Generation 0: Best fitness = 0.845883
Generation 50: Best fitness = 1.603058
Generation 100: Best fitness = 1.727512
Generation 150: Best fitness = 1.736884
Generation 200: Best fitness = 1.740494
Generation 250: Best fitness = 1.742020
Generation 300: Best fitness = 1.743196
Generation 350: Best fitness = 1.743542
Generation 400: Best fitness = 1.743934
Generation 450: Best fitness = 1.744058
Attempt 941: Current best = 1.959807
Generation 0: Best fitness = 0.854020
Generation 50: Best fitness = 1.567982
Generation 100: Best fitness = 1.707437
Generation 150: Best fitness = 1.716750
Generation 200: Best fitness = 1.720059
Generation 250: Best fitness = 1.723383
Generation 300: Best fitness = 1.724072
Generation 350: Best fitness = 1.724747
Generation 400: Best fitness = 1.725157
Generation 450: Best fitness = 1.725882
Attempt 942: Current best = 1.959807
Generation 0: Best fitness = 0.869407
Generation 50: Best fitness = 1.698192
Generation 100: Best fitness = 1.783122
Generation 150: Best fitness = 1.788077
Generation 200: Best fitness = 1.793287
Generation 250: Best fitness = 1.795544
Generation 300: Best fitness = 1.796023
Generation 350: Best fitness = 1.797159
Generation 400: Best fitness = 1.797523
Generation 450: Best fitness = 1.797676
Attempt 943: Current best = 1.959807
Generation 0: Best fitness = 0.852330
Generation 50: Best fitness = 1.719656
Generation 100: Best fitness = 1.810278
Generation 150: Best fitness = 1.817011
Generation 200: Best fitness = 1.820101
Generation 250: Best fitness = 1.820465
Generation 300: Best fitness = 1.820980
Generation 350: Best fitness = 1.821501
Generation 400: Best fitness = 1.822019
Generation 450: Best fitness = 1.822019
Attempt 944: Current best = 1.959807
Generation 0: Best fitness = 0.871493
Generation 50: Best fitness = 1.685213
Generation 100: Best fitness = 1.793108
Generation 150: Best fitness = 1.822980
Generation 200: Best fitness = 1.847918
Generation 250: Best fitness = 1.850807
Generation 300: Best fitness = 1.851892
Generation 350: Best fitness = 1.852722
Generation 400: Best fitness = 1.853142
Generation 450: Best fitness = 1.854112
Attempt 945: Current best = 1.959807
Generation 0: Best fitness = 0.861531
Generation 50: Best fitness = 1.620321
Generation 100: Best fitness = 1.764678
Generation 150: Best fitness = 1.769781
Generation 200: Best fitness = 1.772141
Generation 250: Best fitness = 1.774832
Generation 300: Best fitness = 1.775849
Generation 350: Best fitness = 1.776170
Generation 400: Best fitness = 1.776552
Generation 450: Best fitness = 1.777575
Attempt 946: Current best = 1.959807
Generation 0: Best fitness = 0.846874
Generation 50: Best fitness = 1.618809
Generation 100: Best fitness = 1.734408
Generation 150: Best fitness = 1.765491
Generation 200: Best fitness = 1.769201
Generation 250: Best fitness = 1.771031
Generation 300: Best fitness = 1.772962
Generation 350: Best fitness = 1.772962
Generation 400: Best fitness = 1.773363
Generation 450: Best fitness = 1.773448
Attempt 947: Current best = 1.959807
Generation 0: Best fitness = 0.861565
Generation 50: Best fitness = 1.608702
Generation 100: Best fitness = 1.700830
Generation 150: Best fitness = 1.714883
Generation 200: Best fitness = 1.716138
Generation 250: Best fitness = 1.716942
Generation 300: Best fitness = 1.717743
Generation 350: Best fitness = 1.718030
Generation 400: Best fitness = 1.718092
Generation 450: Best fitness = 1.718383
Attempt 948: Current best = 1.959807
Generation 0: Best fitness = 0.854270
Generation 50: Best fitness = 1.548196
Generation 100: Best fitness = 1.652079
Generation 150: Best fitness = 1.661311
Generation 200: Best fitness = 1.663561
Generation 250: Best fitness = 1.664901
Generation 300: Best fitness = 1.665544
Generation 350: Best fitness = 1.666081
Generation 400: Best fitness = 1.666894
Generation 450: Best fitness = 1.667204
Attempt 949: Current best = 1.959807
Generation 0: Best fitness = 0.841185
Generation 50: Best fitness = 1.647419
Generation 100: Best fitness = 1.749356
Generation 150: Best fitness = 1.756686
Generation 200: Best fitness = 1.758534
Generation 250: Best fitness = 1.758996
Generation 300: Best fitness = 1.759225
Generation 350: Best fitness = 1.759846
Generation 400: Best fitness = 1.759973
Generation 450: Best fitness = 1.759973
Attempt 950: Current best = 1.959807
Generation 0: Best fitness = 0.850787
Generation 50: Best fitness = 1.627536
Generation 100: Best fitness = 1.772044
Generation 150: Best fitness = 1.786304
Generation 200: Best fitness = 1.788707
Generation 250: Best fitness = 1.789513
Generation 300: Best fitness = 1.789813
Generation 350: Best fitness = 1.790115
Generation 400: Best fitness = 1.790162
Generation 450: Best fitness = 1.790508
Attempt 951: Current best = 1.959807
Generation 0: Best fitness = 0.859047
Generation 50: Best fitness = 1.665570
Generation 100: Best fitness = 1.724723
Generation 150: Best fitness = 1.730562
Generation 200: Best fitness = 1.732746
Generation 250: Best fitness = 1.733557
Generation 300: Best fitness = 1.734139
Generation 350: Best fitness = 1.734228
Generation 400: Best fitness = 1.735087
Generation 450: Best fitness = 1.735449
Attempt 952: Current best = 1.959807
Generation 0: Best fitness = 0.860810
Generation 50: Best fitness = 1.647353
Generation 100: Best fitness = 1.737696
Generation 150: Best fitness = 1.745310
Generation 200: Best fitness = 1.749471
Generation 250: Best fitness = 1.754886
Generation 300: Best fitness = 1.759179
Generation 350: Best fitness = 1.759571
Generation 400: Best fitness = 1.760674
Generation 450: Best fitness = 1.760963
Attempt 953: Current best = 1.959807
Generation 0: Best fitness = 0.858041
Generation 50: Best fitness = 1.577203
Generation 100: Best fitness = 1.756336
Generation 150: Best fitness = 1.787382
Generation 200: Best fitness = 1.797697
Generation 250: Best fitness = 1.803096
Generation 300: Best fitness = 1.804054
Generation 350: Best fitness = 1.804247
Generation 400: Best fitness = 1.804901
Generation 450: Best fitness = 1.805092
Attempt 954: Current best = 1.959807
Generation 0: Best fitness = 0.840928
Generation 50: Best fitness = 1.581974
Generation 100: Best fitness = 1.741724
Generation 150: Best fitness = 1.752420
Generation 200: Best fitness = 1.755598
Generation 250: Best fitness = 1.759068
Generation 300: Best fitness = 1.760273
Generation 350: Best fitness = 1.760752
Generation 400: Best fitness = 1.761578
Generation 450: Best fitness = 1.762394
Attempt 955: Current best = 1.959807
Generation 0: Best fitness = 0.856857
Generation 50: Best fitness = 1.664215
Generation 100: Best fitness = 1.761225
Generation 150: Best fitness = 1.777305
Generation 200: Best fitness = 1.780003
Generation 250: Best fitness = 1.781057
Generation 300: Best fitness = 1.791968
Generation 350: Best fitness = 1.792095
Generation 400: Best fitness = 1.793922
Generation 450: Best fitness = 1.794651
Attempt 956: Current best = 1.959807
Generation 0: Best fitness = 0.870054
Generation 50: Best fitness = 1.689674
Generation 100: Best fitness = 1.813199
Generation 150: Best fitness = 1.830521
Generation 200: Best fitness = 1.834370
Generation 250: Best fitness = 1.834648
Generation 300: Best fitness = 1.835954
Generation 350: Best fitness = 1.836008
Generation 400: Best fitness = 1.836008
Generation 450: Best fitness = 1.837143
Attempt 957: Current best = 1.959807
Generation 0: Best fitness = 0.862977
Generation 50: Best fitness = 1.643262
Generation 100: Best fitness = 1.767058
Generation 150: Best fitness = 1.781511
Generation 200: Best fitness = 1.784733
Generation 250: Best fitness = 1.787898
Generation 300: Best fitness = 1.788719
Generation 350: Best fitness = 1.791217
Generation 400: Best fitness = 1.794352
Generation 450: Best fitness = 1.796949
Attempt 958: Current best = 1.959807
Generation 0: Best fitness = 0.851707
Generation 50: Best fitness = 1.571033
Generation 100: Best fitness = 1.645149
Generation 150: Best fitness = 1.651706
Generation 200: Best fitness = 1.654369
Generation 250: Best fitness = 1.655267
Generation 300: Best fitness = 1.656580
Generation 350: Best fitness = 1.656964
Generation 400: Best fitness = 1.657386
Generation 450: Best fitness = 1.657949
Attempt 959: Current best = 1.959807
Generation 0: Best fitness = 0.856230
Generation 50: Best fitness = 1.667322
Generation 100: Best fitness = 1.776382
Generation 150: Best fitness = 1.790055
Generation 200: Best fitness = 1.797314
Generation 250: Best fitness = 1.799334
Generation 300: Best fitness = 1.801002
Generation 350: Best fitness = 1.801270
Generation 400: Best fitness = 1.801697
Generation 450: Best fitness = 1.801697
Attempt 960: Current best = 1.959807
Generation 0: Best fitness = 0.860036
Generation 50: Best fitness = 1.657879
Generation 100: Best fitness = 1.748171
Generation 150: Best fitness = 1.760278
Generation 200: Best fitness = 1.762702
Generation 250: Best fitness = 1.764686
Generation 300: Best fitness = 1.765943
Generation 350: Best fitness = 1.766354
Generation 400: Best fitness = 1.766689
Generation 450: Best fitness = 1.766707
Attempt 961: Current best = 1.959807
Generation 0: Best fitness = 0.859478
Generation 50: Best fitness = 1.630400
Generation 100: Best fitness = 1.770083
Generation 150: Best fitness = 1.804197
Generation 200: Best fitness = 1.810584
Generation 250: Best fitness = 1.818588
Generation 300: Best fitness = 1.820691
Generation 350: Best fitness = 1.820804
Generation 400: Best fitness = 1.820957
Generation 450: Best fitness = 1.822067
Attempt 962: Current best = 1.959807
Generation 0: Best fitness = 0.853342
Generation 50: Best fitness = 1.628828
Generation 100: Best fitness = 1.752679
Generation 150: Best fitness = 1.776107
Generation 200: Best fitness = 1.780709
Generation 250: Best fitness = 1.783908
Generation 300: Best fitness = 1.784086
Generation 350: Best fitness = 1.784401
Generation 400: Best fitness = 1.784507
Generation 450: Best fitness = 1.784587
Attempt 963: Current best = 1.959807
Generation 0: Best fitness = 0.853386
Generation 50: Best fitness = 1.643738
Generation 100: Best fitness = 1.763390
Generation 150: Best fitness = 1.779956
Generation 200: Best fitness = 1.781383
Generation 250: Best fitness = 1.782134
Generation 300: Best fitness = 1.783190
Generation 350: Best fitness = 1.783515
Generation 400: Best fitness = 1.784889
Generation 450: Best fitness = 1.785617
Attempt 964: Current best = 1.959807
Generation 0: Best fitness = 0.859912
Generation 50: Best fitness = 1.586391
Generation 100: Best fitness = 1.719889
Generation 150: Best fitness = 1.740190
Generation 200: Best fitness = 1.744209
Generation 250: Best fitness = 1.745727
Generation 300: Best fitness = 1.748587
Generation 350: Best fitness = 1.749137
Generation 400: Best fitness = 1.749240
Generation 450: Best fitness = 1.750192
Attempt 965: Current best = 1.959807
Generation 0: Best fitness = 0.852915
Generation 50: Best fitness = 1.708145
Generation 100: Best fitness = 1.837009
Generation 150: Best fitness = 1.867224
Generation 200: Best fitness = 1.871349
Generation 250: Best fitness = 1.873997
Generation 300: Best fitness = 1.874133
Generation 350: Best fitness = 1.875028
Generation 400: Best fitness = 1.875560
Generation 450: Best fitness = 1.876361
Attempt 966: Current best = 1.959807
Generation 0: Best fitness = 0.847691
Generation 50: Best fitness = 1.561140
Generation 100: Best fitness = 1.660109
Generation 150: Best fitness = 1.674302
Generation 200: Best fitness = 1.677105
Generation 250: Best fitness = 1.679856
Generation 300: Best fitness = 1.682980
Generation 350: Best fitness = 1.683314
Generation 400: Best fitness = 1.683319
Generation 450: Best fitness = 1.683329
Attempt 967: Current best = 1.959807
Generation 0: Best fitness = 0.859450
Generation 50: Best fitness = 1.676883
Generation 100: Best fitness = 1.778651
Generation 150: Best fitness = 1.790788
Generation 200: Best fitness = 1.795499
Generation 250: Best fitness = 1.796456
Generation 300: Best fitness = 1.798364
Generation 350: Best fitness = 1.800452
Generation 400: Best fitness = 1.800810
Generation 450: Best fitness = 1.801093
Attempt 968: Current best = 1.959807
Generation 0: Best fitness = 0.858308
Generation 50: Best fitness = 1.633079
Generation 100: Best fitness = 1.755827
Generation 150: Best fitness = 1.763790
Generation 200: Best fitness = 1.768626
Generation 250: Best fitness = 1.771788
Generation 300: Best fitness = 1.773177
Generation 350: Best fitness = 1.774783
Generation 400: Best fitness = 1.777779
Generation 450: Best fitness = 1.781285
Attempt 969: Current best = 1.959807
Generation 0: Best fitness = 0.864571
Generation 50: Best fitness = 1.654802
Generation 100: Best fitness = 1.748291
Generation 150: Best fitness = 1.753206
Generation 200: Best fitness = 1.755215
Generation 250: Best fitness = 1.755379
Generation 300: Best fitness = 1.756777
Generation 350: Best fitness = 1.757438
Generation 400: Best fitness = 1.758421
Generation 450: Best fitness = 1.758899
Attempt 970: Current best = 1.959807
Generation 0: Best fitness = 0.856930
Generation 50: Best fitness = 1.664480
Generation 100: Best fitness = 1.749612
Generation 150: Best fitness = 1.756638
Generation 200: Best fitness = 1.761917
Generation 250: Best fitness = 1.764285
Generation 300: Best fitness = 1.764690
Generation 350: Best fitness = 1.765373
Generation 400: Best fitness = 1.767615
Generation 450: Best fitness = 1.769661
Attempt 971: Current best = 1.959807
Generation 0: Best fitness = 0.867922
Generation 50: Best fitness = 1.592044
Generation 100: Best fitness = 1.760431
Generation 150: Best fitness = 1.772069
Generation 200: Best fitness = 1.776669
Generation 250: Best fitness = 1.778305
Generation 300: Best fitness = 1.779854
Generation 350: Best fitness = 1.781722
Generation 400: Best fitness = 1.782216
Generation 450: Best fitness = 1.782236
Attempt 972: Current best = 1.959807
Generation 0: Best fitness = 0.851181
Generation 50: Best fitness = 1.626780
Generation 100: Best fitness = 1.754818
Generation 150: Best fitness = 1.757900
Generation 200: Best fitness = 1.760486
Generation 250: Best fitness = 1.762678
Generation 300: Best fitness = 1.763978
Generation 350: Best fitness = 1.764182
Generation 400: Best fitness = 1.764236
Generation 450: Best fitness = 1.764481
Attempt 973: Current best = 1.959807
Generation 0: Best fitness = 0.868276
Generation 50: Best fitness = 1.647964
Generation 100: Best fitness = 1.794460
Generation 150: Best fitness = 1.799741
Generation 200: Best fitness = 1.803931
Generation 250: Best fitness = 1.804875
Generation 300: Best fitness = 1.805599
Generation 350: Best fitness = 1.805626
Generation 400: Best fitness = 1.805789
Generation 450: Best fitness = 1.805903
Attempt 974: Current best = 1.959807
Generation 0: Best fitness = 0.842146
Generation 50: Best fitness = 1.630291
Generation 100: Best fitness = 1.737773
Generation 150: Best fitness = 1.745622
Generation 200: Best fitness = 1.748348
Generation 250: Best fitness = 1.750917
Generation 300: Best fitness = 1.751299
Generation 350: Best fitness = 1.752752
Generation 400: Best fitness = 1.753195
Generation 450: Best fitness = 1.753259
Attempt 975: Current best = 1.959807
Generation 0: Best fitness = 0.849640
Generation 50: Best fitness = 1.626435
Generation 100: Best fitness = 1.731678
Generation 150: Best fitness = 1.758845
Generation 200: Best fitness = 1.762283
Generation 250: Best fitness = 1.766149
Generation 300: Best fitness = 1.767141
Generation 350: Best fitness = 1.768457
Generation 400: Best fitness = 1.778839
Generation 450: Best fitness = 1.779165
Attempt 976: Current best = 1.959807
Generation 0: Best fitness = 0.853423
Generation 50: Best fitness = 1.684404
Generation 100: Best fitness = 1.779395
Generation 150: Best fitness = 1.787149
Generation 200: Best fitness = 1.788569
Generation 250: Best fitness = 1.790307
Generation 300: Best fitness = 1.790623
Generation 350: Best fitness = 1.791399
Generation 400: Best fitness = 1.792991
Generation 450: Best fitness = 1.793381
Attempt 977: Current best = 1.959807
Generation 0: Best fitness = 0.854555
Generation 50: Best fitness = 1.615137
Generation 100: Best fitness = 1.734108
Generation 150: Best fitness = 1.755801
Generation 200: Best fitness = 1.762662
Generation 250: Best fitness = 1.766346
Generation 300: Best fitness = 1.767746
Generation 350: Best fitness = 1.768846
Generation 400: Best fitness = 1.769152
Generation 450: Best fitness = 1.769553
Attempt 978: Current best = 1.959807
Generation 0: Best fitness = 0.858493
Generation 50: Best fitness = 1.683613
Generation 100: Best fitness = 1.807263
Generation 150: Best fitness = 1.819731
Generation 200: Best fitness = 1.821957
Generation 250: Best fitness = 1.822890
Generation 300: Best fitness = 1.824691
Generation 350: Best fitness = 1.825775
Generation 400: Best fitness = 1.826230
Generation 450: Best fitness = 1.826448
Attempt 979: Current best = 1.959807
Generation 0: Best fitness = 0.860785
Generation 50: Best fitness = 1.601827
Generation 100: Best fitness = 1.719672
Generation 150: Best fitness = 1.729078
Generation 200: Best fitness = 1.732885
Generation 250: Best fitness = 1.735303
Generation 300: Best fitness = 1.735589
Generation 350: Best fitness = 1.736685
Generation 400: Best fitness = 1.739361
Generation 450: Best fitness = 1.740666
Attempt 980: Current best = 1.959807
Generation 0: Best fitness = 0.877093
Generation 50: Best fitness = 1.610625
Generation 100: Best fitness = 1.718043
Generation 150: Best fitness = 1.726438
Generation 200: Best fitness = 1.728441
Generation 250: Best fitness = 1.729366
Generation 300: Best fitness = 1.731483
Generation 350: Best fitness = 1.731755
Generation 400: Best fitness = 1.731786
Generation 450: Best fitness = 1.731786
Attempt 981: Current best = 1.959807
Generation 0: Best fitness = 0.857995
Generation 50: Best fitness = 1.559300
Generation 100: Best fitness = 1.666496
Generation 150: Best fitness = 1.677768
Generation 200: Best fitness = 1.680658
Generation 250: Best fitness = 1.683750
Generation 300: Best fitness = 1.685444
Generation 350: Best fitness = 1.685657
Generation 400: Best fitness = 1.685991
Generation 450: Best fitness = 1.686851
Attempt 982: Current best = 1.959807
Generation 0: Best fitness = 0.870663
Generation 50: Best fitness = 1.684563
Generation 100: Best fitness = 1.816225
Generation 150: Best fitness = 1.824960
Generation 200: Best fitness = 1.826615
Generation 250: Best fitness = 1.827653
Generation 300: Best fitness = 1.829062
Generation 350: Best fitness = 1.829136
Generation 400: Best fitness = 1.830419
Generation 450: Best fitness = 1.830887
Attempt 983: Current best = 1.959807
Generation 0: Best fitness = 0.858406
Generation 50: Best fitness = 1.618169
Generation 100: Best fitness = 1.760081
Generation 150: Best fitness = 1.769886
Generation 200: Best fitness = 1.774715
Generation 250: Best fitness = 1.776218
Generation 300: Best fitness = 1.777382
Generation 350: Best fitness = 1.778263
Generation 400: Best fitness = 1.778865
Generation 450: Best fitness = 1.779125
Attempt 984: Current best = 1.959807
Generation 0: Best fitness = 0.850298
Generation 50: Best fitness = 1.674235
Generation 100: Best fitness = 1.784338
Generation 150: Best fitness = 1.797657
Generation 200: Best fitness = 1.804016
Generation 250: Best fitness = 1.805326
Generation 300: Best fitness = 1.806186
Generation 350: Best fitness = 1.806756
Generation 400: Best fitness = 1.807267
Generation 450: Best fitness = 1.808289
Attempt 985: Current best = 1.959807
Generation 0: Best fitness = 0.869819
Generation 50: Best fitness = 1.610297
Generation 100: Best fitness = 1.741418
Generation 150: Best fitness = 1.773737
Generation 200: Best fitness = 1.778002
Generation 250: Best fitness = 1.780964
Generation 300: Best fitness = 1.781895
Generation 350: Best fitness = 1.782704
Generation 400: Best fitness = 1.782809
Generation 450: Best fitness = 1.783851
Attempt 986: Current best = 1.959807
Generation 0: Best fitness = 0.861773
Generation 50: Best fitness = 1.652255
Generation 100: Best fitness = 1.778255
Generation 150: Best fitness = 1.785913
Generation 200: Best fitness = 1.790573
Generation 250: Best fitness = 1.792194
Generation 300: Best fitness = 1.793642
Generation 350: Best fitness = 1.793916
Generation 400: Best fitness = 1.794335
Generation 450: Best fitness = 1.794602
Attempt 987: Current best = 1.959807
Generation 0: Best fitness = 0.873250
Generation 50: Best fitness = 1.720960
Generation 100: Best fitness = 1.878042
Generation 150: Best fitness = 1.920106
Generation 200: Best fitness = 1.935080
Generation 250: Best fitness = 1.941132
Generation 300: Best fitness = 1.942479
Generation 350: Best fitness = 1.943182
Generation 400: Best fitness = 1.944548
Generation 450: Best fitness = 1.955777
Attempt 988: Current best = 1.962152
Generation 0: Best fitness = 0.861330
Generation 50: Best fitness = 1.607726
Generation 100: Best fitness = 1.715176
Generation 150: Best fitness = 1.743256
Generation 200: Best fitness = 1.749370
Generation 250: Best fitness = 1.751926
Generation 300: Best fitness = 1.752152
Generation 350: Best fitness = 1.752801
Generation 400: Best fitness = 1.753630
Generation 450: Best fitness = 1.754283
Attempt 989: Current best = 1.962152
Generation 0: Best fitness = 0.853552
Generation 50: Best fitness = 1.625504
Generation 100: Best fitness = 1.717319
Generation 150: Best fitness = 1.725557
Generation 200: Best fitness = 1.733423
Generation 250: Best fitness = 1.734631
Generation 300: Best fitness = 1.736571
Generation 350: Best fitness = 1.739212
Generation 400: Best fitness = 1.740101
Generation 450: Best fitness = 1.740193
Attempt 990: Current best = 1.962152
Generation 0: Best fitness = 0.859151
Generation 50: Best fitness = 1.643316
Generation 100: Best fitness = 1.761024
Generation 150: Best fitness = 1.782841
Generation 200: Best fitness = 1.789473
Generation 250: Best fitness = 1.793032
Generation 300: Best fitness = 1.795963
Generation 350: Best fitness = 1.796805
Generation 400: Best fitness = 1.797126
Generation 450: Best fitness = 1.797820
Attempt 991: Current best = 1.962152
Generation 0: Best fitness = 0.852957
Generation 50: Best fitness = 1.612897
Generation 100: Best fitness = 1.698953
Generation 150: Best fitness = 1.716131
Generation 200: Best fitness = 1.717038
Generation 250: Best fitness = 1.719760
Generation 300: Best fitness = 1.727532
Generation 350: Best fitness = 1.728079
Generation 400: Best fitness = 1.729029
Generation 450: Best fitness = 1.729029
Attempt 992: Current best = 1.962152
Generation 0: Best fitness = 0.859364
Generation 50: Best fitness = 1.666597
Generation 100: Best fitness = 1.772892
Generation 150: Best fitness = 1.785936
Generation 200: Best fitness = 1.790840
Generation 250: Best fitness = 1.791619
Generation 300: Best fitness = 1.791619
Generation 350: Best fitness = 1.792183
Generation 400: Best fitness = 1.792829
Generation 450: Best fitness = 1.792829
Attempt 993: Current best = 1.962152
Generation 0: Best fitness = 0.878273
Generation 50: Best fitness = 1.648935
Generation 100: Best fitness = 1.775872
Generation 150: Best fitness = 1.790704
Generation 200: Best fitness = 1.793624
Generation 250: Best fitness = 1.795070
Generation 300: Best fitness = 1.796588
Generation 350: Best fitness = 1.797157
Generation 400: Best fitness = 1.797200
Generation 450: Best fitness = 1.797207
Attempt 994: Current best = 1.962152
Generation 0: Best fitness = 0.851538
Generation 50: Best fitness = 1.628543
Generation 100: Best fitness = 1.797939
Generation 150: Best fitness = 1.820110
Generation 200: Best fitness = 1.824881
Generation 250: Best fitness = 1.827168
Generation 300: Best fitness = 1.829198
Generation 350: Best fitness = 1.829930
Generation 400: Best fitness = 1.830918
Generation 450: Best fitness = 1.831112
Attempt 995: Current best = 1.962152
Generation 0: Best fitness = 0.864655
Generation 50: Best fitness = 1.600889
Generation 100: Best fitness = 1.688206
Generation 150: Best fitness = 1.694919
Generation 200: Best fitness = 1.697246
Generation 250: Best fitness = 1.698588
Generation 300: Best fitness = 1.703051
Generation 350: Best fitness = 1.704375
Generation 400: Best fitness = 1.704889
Generation 450: Best fitness = 1.706726
Attempt 996: Current best = 1.962152
Generation 0: Best fitness = 0.852170
Generation 50: Best fitness = 1.590541
Generation 100: Best fitness = 1.785469
Generation 150: Best fitness = 1.804771
Generation 200: Best fitness = 1.810482
Generation 250: Best fitness = 1.813293
Generation 300: Best fitness = 1.814311
Generation 350: Best fitness = 1.815161
Generation 400: Best fitness = 1.816504
Generation 450: Best fitness = 1.817461
Attempt 997: Current best = 1.962152
Generation 0: Best fitness = 0.855804
Generation 50: Best fitness = 1.610485
Generation 100: Best fitness = 1.736527
Generation 150: Best fitness = 1.769765
Generation 200: Best fitness = 1.771463
Generation 250: Best fitness = 1.773000
Generation 300: Best fitness = 1.773664
Generation 350: Best fitness = 1.774476
Generation 400: Best fitness = 1.774599
Generation 450: Best fitness = 1.775062
Attempt 998: Current best = 1.962152
Generation 0: Best fitness = 0.855807
Generation 50: Best fitness = 1.667338
Generation 100: Best fitness = 1.782155
Generation 150: Best fitness = 1.791072
Generation 200: Best fitness = 1.792725
Generation 250: Best fitness = 1.795647
Generation 300: Best fitness = 1.796437
Generation 350: Best fitness = 1.796856
Generation 400: Best fitness = 1.804098
Generation 450: Best fitness = 1.804260
Attempt 999: Current best = 1.962152
Run 1/1 completed in 34674.12 seconds
Correctness and error status saved to /home/sagemaker-user/ShinkaEvolve/results/benchmark/qwen/1/circle_packing_square_26/gen_240/results/correct.json
Metrics saved to /home/sagemaker-user/ShinkaEvolve/results/benchmark/qwen/1/circle_packing_square_26/gen_240/results/metrics.json
Evaluation and Validation completed successfully.
