/home/sagemaker-user/ShinkaEvolve
Launching evaluation of function:
_target_: problems.alphaevolve_math_problems.packing_problems.circle_packing_square.32.evaluate.main
program_path: /home/sagemaker-user/ShinkaEvolve/results/benchmark/qwen/1/circle_packing_square_32/gen_81/main.py
results_dir: /home/sagemaker-user/ShinkaEvolve/results/benchmark/qwen/1/circle_packing_square_32/gen_81/results

Evaluating program: /home/sagemaker-user/ShinkaEvolve/results/benchmark/qwen/1/circle_packing_square_32/gen_81/main.py
Saving results to: /home/sagemaker-user/ShinkaEvolve/results/benchmark/qwen/1/circle_packing_square_32/gen_81/results
Generation 0: Best fitness = 1.567323
Stagnation detected at generation 7, restarting...
Stagnation detected at generation 14, restarting...
Stagnation detected at generation 22, restarting...
Stagnation detected at generation 29, restarting...
Stagnation detected at generation 36, restarting...
Stagnation detected at generation 43, restarting...
Stagnation detected at generation 50, restarting...
Stagnation detected at generation 57, restarting...
Stagnation detected at generation 64, restarting...
Stagnation detected at generation 71, restarting...
Stagnation detected at generation 78, restarting...
Stagnation detected at generation 85, restarting...
Stagnation detected at generation 92, restarting...
Stagnation detected at generation 99, restarting...
Stagnation detected at generation 106, restarting...
Stagnation detected at generation 113, restarting...
Stagnation detected at generation 120, restarting...
Stagnation detected at generation 127, restarting...
Stagnation detected at generation 134, restarting...
Stagnation detected at generation 141, restarting...
Stagnation detected at generation 148, restarting...
Stagnation detected at generation 155, restarting...
Stagnation detected at generation 162, restarting...
Stagnation detected at generation 169, restarting...
Stagnation detected at generation 176, restarting...
Stagnation detected at generation 969, restarting...
Stagnation detected at generation 976, restarting...
Stagnation detected at generation 983, restarting...
Stagnation detected at generation 990, restarting...
Stagnation detected at generation 997, restarting...
Generation 1000: Best fitness = 8.128032
Stagnation detected at generation 1004, restarting...
Stagnation detected at generation 1011, restarting...
Stagnation detected at generation 1018, restarting...
Stagnation detected at generation 1025, restarting...
Stagnation detected at generation 1032, restarting...
Stagnation detected at generation 1039, restarting...
Stagnation detected at generation 1046, restarting...
Stagnation detected at generation 1053, restarting...
Stagnation detected at generation 1060, restarting...
Stagnation detected at generation 1067, restarting...
Stagnation detected at generation 1074, restarting...
Stagnation detected at generation 1081, restarting...
Stagnation detected at generation 1088, restarting...
Stagnation detected at generation 1095, restarting...
Stagnation detected at generation 1102, restarting...
Stagnation detected at generation 1109, restarting...
Stagnation detected at generation 1116, restarting...
Stagnation detected at generation 1123, restarting...
Stagnation detected at generation 1130, restarting...
Stagnation detected at generation 1137, restarting...
Stagnation detected at generation 1144, restarting...
Stagnation detected at generation 1151, restarting...
Stagnation detected at generation 1158, restarting...
Stagnation detected at generation 1165, restarting...
Stagnation detected at generation 1172, restarting...
Stagnation detected at generation 1179, restarting...
Stagnation detected at generation 1186, restarting...
Stagnation detected at generation 1193, restarting...
Stagnation detected at generation 1200, restarting...
Stagnation detected at generation 1207, restarting...
Stagnation detected at generation 1214, restarting...
Stagnation detected at generation 1221, restarting...
Stagnation detected at generation 1228, restarting...
Stagnation detected at generation 1235, restarting...
Stagnation detected at generation 1242, restarting...
Stagnation detected at generation 1249, restarting...
Stagnation detected at generation 1256, restarting...
Stagnation detected at generation 1263, restarting...
Stagnation detected at generation 1270, restarting...
Stagnation detected at generation 1277, restarting...
Stagnation detected at generation 1284, restarting...
Stagnation detected at generation 1291, restarting...
Stagnation detected at generation 1298, restarting...
Stagnation detected at generation 1305, restarting...
Stagnation detected at generation 1312, restarting...
Stagnation detected at generation 1319, restarting...
Stagnation detected at generation 1326, restarting...
Stagnation detected at generation 1333, restarting...
Stagnation detected at generation 1340, restarting...
Stagnation detected at generation 1347, restarting...
Stagnation detected at generation 1354, restarting...
Stagnation detected at generation 1361, restarting...
Stagnation detected at generation 1368, restarting...
Stagnation detected at generation 1375, restarting...
Stagnation detected at generation 1382, restarting...
Stagnation detected at generation 1389, restarting...
Stagnation detected at generation 1396, restarting...
Stagnation detected at generation 1403, restarting...
Stagnation detected at generation 1410, restarting...
Stagnation detected at generation 1417, restarting...
Stagnation detected at generation 1424, restarting...
Stagnation detected at generation 1431, restarting...
Stagnation detected at generation 1438, restarting...
Stagnation detected at generation 1445, restarting...
Stagnation detected at generation 1452, restarting...
Stagnation detected at generation 1459, restarting...
Stagnation detected at generation 1466, restarting...
Stagnation detected at generation 1473, restarting...
Stagnation detected at generation 1480, restarting...
Stagnation detected at generation 1487, restarting...
Stagnation detected at generation 1494, restarting...
Stagnation detected at generation 1501, restarting...
Stagnation detected at generation 1508, restarting...
Stagnation detected at generation 1515, restarting...
Stagnation detected at generation 1522, restarting...
Stagnation detected at generation 1529, restarting...
Stagnation detected at generation 1536, restarting...
Stagnation detected at generation 1543, restarting...
Stagnation detected at generation 1550, restarting...
Stagnation detected at generation 1557, restarting...
Stagnation detected at generation 1564, restarting...
Stagnation detected at generation 1571, restarting...
Stagnation detected at generation 1578, restarting...
Stagnation detected at generation 1585, restarting...
Stagnation detected at generation 1592, restarting...
Stagnation detected at generation 1599, restarting...
Stagnation detected at generation 1606, restarting...
Stagnation detected at generation 1613, restarting...
Stagnation detected at generation 1620, restarting...
Stagnation detected at generation 1627, restarting...
Stagnation detected at generation 1634, restarting...
Stagnation detected at generation 1641, restarting...
Stagnation detected at generation 1648, restarting...
Stagnation detected at generation 1655, restarting...
Stagnation detected at generation 1662, restarting...
Stagnation detected at generation 1669, restarting...
Stagnation detected at generation 1676, restarting...
Stagnation detected at generation 1683, restarting...
Stagnation detected at generation 1690, restarting...
Stagnation detected at generation 1697, restarting...
Stagnation detected at generation 1704, restarting...
Stagnation detected at generation 1711, restarting...
Stagnation detected at generation 1718, restarting...
Stagnation detected at generation 1725, restarting...
Stagnation detected at generation 1732, restarting...
Stagnation detected at generation 1739, restarting...
Stagnation detected at generation 1746, restarting...
Stagnation detected at generation 1753, restarting...
Stagnation detected at generation 1760, restarting...
Stagnation detected at generation 1767, restarting...
Stagnation detected at generation 1774, restarting...
Stagnation detected at generation 1781, restarting...
Stagnation detected at generation 1788, restarting...
Stagnation detected at generation 1795, restarting...
Stagnation detected at generation 1802, restarting...
Stagnation detected at generation 1809, restarting...
Stagnation detected at generation 1816, restarting...
Stagnation detected at generation 1823, restarting...
Stagnation detected at generation 1830, restarting...
Stagnation detected at generation 1837, restarting...
Stagnation detected at generation 1844, restarting...
Stagnation detected at generation 1851, restarting...
Stagnation detected at generation 1858, restarting...
Stagnation detected at generation 1865, restarting...
Stagnation detected at generation 1872, restarting...
Stagnation detected at generation 1879, restarting...
Stagnation detected at generation 1886, restarting...
Stagnation detected at generation 1893, restarting...
Stagnation detected at generation 1900, restarting...
Stagnation detected at generation 1907, restarting...
Stagnation detected at generation 1914, restarting...
Stagnation detected at generation 1921, restarting...
Stagnation detected at generation 1928, restarting...
Stagnation detected at generation 1935, restarting...
Stagnation detected at generation 1942, restarting...
Stagnation detected at generation 1949, restarting...
Stagnation detected at generation 1956, restarting...
Stagnation detected at generation 1963, restarting...
Stagnation detected at generation 1970, restarting...
Stagnation detected at generation 1977, restarting...
Stagnation detected at generation 1984, restarting...
Stagnation detected at generation 1991, restarting...
Stagnation detected at generation 1998, restarting...
Generation 2000: Best fitness = 8.128032
Stagnation detected at generation 2005, restarting...
Stagnation detected at generation 2012, restarting...
Stagnation detected at generation 2019, restarting...
Stagnation detected at generation 2026, restarting...
Stagnation detected at generation 2033, restarting...
Stagnation detected at generation 2040, restarting...
Stagnation detected at generation 2047, restarting...
Stagnation detected at generation 2054, restarting...
Stagnation detected at generation 2061, restarting...
Stagnation detected at generation 2068, restarting...
Stagnation detected at generation 2075, restarting...
Stagnation detected at generation 2082, restarting...
Stagnation detected at generation 2089, restarting...
Stagnation detected at generation 2096, restarting...
Stagnation detected at generation 2103, restarting...
Stagnation detected at generation 2110, restarting...
Stagnation detected at generation 2117, restarting...
Stagnation detected at generation 2124, restarting...
Stagnation detected at generation 2131, restarting...
Stagnation detected at generation 2138, restarting...
Stagnation detected at generation 2145, restarting...
Stagnation detected at generation 2152, restarting...
Stagnation detected at generation 2159, restarting...
Stagnation detected at generation 2166, restarting...
Stagnation detected at generation 2173, restarting...
Stagnation detected at generation 2180, restarting...
Stagnation detected at generation 2187, restarting...
Stagnation detected at generation 2194, restarting...
Stagnation detected at generation 2201, restarting...
Stagnation detected at generation 2208, restarting...
Stagnation detected at generation 2215, restarting...
Stagnation detected at generation 2222, restarting...
Stagnation detected at generation 2229, restarting...
Stagnation detected at generation 2236, restarting...
Stagnation detected at generation 2243, restarting...
Stagnation detected at generation 2250, restarting...
Stagnation detected at generation 2257, restarting...
Stagnation detected at generation 2264, restarting...
Stagnation detected at generation 2271, restarting...
Stagnation detected at generation 2278, restarting...
Stagnation detected at generation 2285, restarting...
Stagnation detected at generation 2292, restarting...
Stagnation detected at generation 2299, restarting...
Stagnation detected at generation 2306, restarting...
Stagnation detected at generation 2313, restarting...
Stagnation detected at generation 2320, restarting...
Stagnation detected at generation 2327, restarting...
Stagnation detected at generation 2334, restarting...
Stagnation detected at generation 2341, restarting...
Stagnation detected at generation 2348, restarting...
Stagnation detected at generation 2355, restarting...
Stagnation detected at generation 2362, restarting...
Stagnation detected at generation 2369, restarting...
Stagnation detected at generation 2376, restarting...
Stagnation detected at generation 2383, restarting...
Stagnation detected at generation 2390, restarting...
Stagnation detected at generation 2397, restarting...
Stagnation detected at generation 2404, restarting...
Stagnation detected at generation 2411, restarting...
Stagnation detected at generation 2418, restarting...
Stagnation detected at generation 2425, restarting...
Stagnation detected at generation 2432, restarting...
Stagnation detected at generation 2439, restarting...
Stagnation detected at generation 2446, restarting...
Stagnation detected at generation 2453, restarting...
Stagnation detected at generation 2460, restarting...
Stagnation detected at generation 2467, restarting...
Stagnation detected at generation 2474, restarting...
Stagnation detected at generation 2481, restarting...
Stagnation detected at generation 2488, restarting...
Stagnation detected at generation 2495, restarting...
Stagnation detected at generation 2502, restarting...
Stagnation detected at generation 2509, restarting...
Stagnation detected at generation 2516, restarting...
Stagnation detected at generation 2523, restarting...
Stagnation detected at generation 2530, restarting...
Stagnation detected at generation 2537, restarting...
Stagnation detected at generation 2544, restarting...
Stagnation detected at generation 2551, restarting...
Stagnation detected at generation 2558, restarting...
Stagnation detected at generation 2565, restarting...
Stagnation detected at generation 2572, restarting...
Stagnation detected at generation 2579, restarting...
Stagnation detected at generation 2586, restarting...
Stagnation detected at generation 2593, restarting...
Stagnation detected at generation 2600, restarting...
Stagnation detected at generation 2607, restarting...
Stagnation detected at generation 2614, restarting...
Stagnation detected at generation 2621, restarting...
Stagnation detected at generation 2628, restarting...
Stagnation detected at generation 2635, restarting...
Stagnation detected at generation 2642, restarting...
Stagnation detected at generation 2649, restarting...
Stagnation detected at generation 2656, restarting...
Stagnation detected at generation 2663, restarting...
Stagnation detected at generation 2670, restarting...
Stagnation detected at generation 2677, restarting...
Stagnation detected at generation 2684, restarting...
Stagnation detected at generation 2691, restarting...
Stagnation detected at generation 2698, restarting...
Stagnation detected at generation 2705, restarting...
Stagnation detected at generation 2712, restarting...
Stagnation detected at generation 2719, restarting...
Stagnation detected at generation 2726, restarting...
Stagnation detected at generation 2733, restarting...
Stagnation detected at generation 2740, restarting...
Stagnation detected at generation 2747, restarting...
Stagnation detected at generation 2754, restarting...
Stagnation detected at generation 2761, restarting...
Stagnation detected at generation 2768, restarting...
Stagnation detected at generation 2775, restarting...
Stagnation detected at generation 2782, restarting...
Stagnation detected at generation 2789, restarting...
Stagnation detected at generation 2796, restarting...
Stagnation detected at generation 2803, restarting...
Stagnation detected at generation 2810, restarting...
Stagnation detected at generation 2817, restarting...
Stagnation detected at generation 2824, restarting...
Stagnation detected at generation 2831, restarting...
Stagnation detected at generation 2838, restarting...
Stagnation detected at generation 2845, restarting...
Stagnation detected at generation 2852, restarting...
Stagnation detected at generation 2859, restarting...
Stagnation detected at generation 2866, restarting...
Stagnation detected at generation 2873, restarting...
Stagnation detected at generation 2880, restarting...
Stagnation detected at generation 2887, restarting...
Stagnation detected at generation 2894, restarting...
Stagnation detected at generation 2901, restarting...
Stagnation detected at generation 2908, restarting...
Stagnation detected at generation 2915, restarting...
Stagnation detected at generation 2922, restarting...
Stagnation detected at generation 2929, restarting...
Stagnation detected at generation 2936, restarting...
Stagnation detected at generation 2943, restarting...
Stagnation detected at generation 2950, restarting...
Stagnation detected at generation 2957, restarting...
Stagnation detected at generation 2964, restarting...
Stagnation detected at generation 2971, restarting...
Stagnation detected at generation 2978, restarting...
Stagnation detected at generation 2985, restarting...
Stagnation detected at generation 2992, restarting...
Stagnation detected at generation 2999, restarting...
Generation 3000: Best fitness = 8.128032
Stagnation detected at generation 3006, restarting...
Stagnation detected at generation 3013, restarting...
Stagnation detected at generation 3020, restarting...
Stagnation detected at generation 3027, restarting...
Stagnation detected at generation 3034, restarting...
Stagnation detected at generation 3041, restarting...
Stagnation detected at generation 3048, restarting...
Stagnation detected at generation 3055, restarting...
Stagnation detected at generation 3062, restarting...
Stagnation detected at generation 3069, restarting...
Stagnation detected at generation 3076, restarting...
Stagnation detected at generation 3083, restarting...
Stagnation detected at generation 3090, restarting...
Stagnation detected at generation 3097, restarting...
Stagnation detected at generation 3104, restarting...
Stagnation detected at generation 3111, restarting...
Stagnation detected at generation 3118, restarting...
Stagnation detected at generation 3125, restarting...
Stagnation detected at generation 3132, restarting...
Stagnation detected at generation 3139, restarting...
Stagnation detected at generation 3146, restarting...
Stagnation detected at generation 3153, restarting...
Stagnation detected at generation 3160, restarting...
Stagnation detected at generation 3167, restarting...
Stagnation detected at generation 3174, restarting...
Stagnation detected at generation 3181, restarting...
Stagnation detected at generation 3188, restarting...
Stagnation detected at generation 3195, restarting...
Stagnation detected at generation 3202, restarting...
Stagnation detected at generation 3209, restarting...
Stagnation detected at generation 3216, restarting...
Stagnation detected at generation 3223, restarting...
Stagnation detected at generation 3230, restarting...
Stagnation detected at generation 3237, restarting...
Stagnation detected at generation 3244, restarting...
Stagnation detected at generation 3251, restarting...
Stagnation detected at generation 3258, restarting...
Stagnation detected at generation 3265, restarting...
Stagnation detected at generation 3272, restarting...
Stagnation detected at generation 3279, restarting...
Stagnation detected at generation 3286, restarting...
Stagnation detected at generation 3293, restarting...
Stagnation detected at generation 3300, restarting...
Stagnation detected at generation 3307, restarting...
Stagnation detected at generation 3314, restarting...
Stagnation detected at generation 3321, restarting...
Stagnation detected at generation 3328, restarting...
Stagnation detected at generation 3335, restarting...
Stagnation detected at generation 3342, restarting...
Stagnation detected at generation 3349, restarting...
Stagnation detected at generation 3356, restarting...
Stagnation detected at generation 3363, restarting...
Stagnation detected at generation 3370, restarting...
Stagnation detected at generation 3377, restarting...
Stagnation detected at generation 3384, restarting...
Stagnation detected at generation 3391, restarting...
Stagnation detected at generation 3398, restarting...
Stagnation detected at generation 3405, restarting...
Stagnation detected at generation 3412, restarting...
Stagnation detected at generation 3419, restarting...
Stagnation detected at generation 3426, restarting...
Stagnation detected at generation 3433, restarting...
Stagnation detected at generation 3440, restarting...
Stagnation detected at generation 3447, restarting...
Stagnation detected at generation 3454, restarting...
Stagnation detected at generation 3461, restarting...
Stagnation detected at generation 3468, restarting...
Stagnation detected at generation 3475, restarting...
Stagnation detected at generation 3482, restarting...
Stagnation detected at generation 3489, restarting...
Stagnation detected at generation 3496, restarting...
Stagnation detected at generation 3503, restarting...
Stagnation detected at generation 3510, restarting...
Stagnation detected at generation 3517, restarting...
Stagnation detected at generation 3524, restarting...
Stagnation detected at generation 3531, restarting...
Stagnation detected at generation 3538, restarting...
Stagnation detected at generation 3545, restarting...
Stagnation detected at generation 3552, restarting...
Stagnation detected at generation 3559, restarting...
Stagnation detected at generation 3566, restarting...
Stagnation detected at generation 3573, restarting...
Stagnation detected at generation 3580, restarting...
Stagnation detected at generation 3587, restarting...
Stagnation detected at generation 3594, restarting...
Stagnation detected at generation 3601, restarting...
Stagnation detected at generation 3608, restarting...
Stagnation detected at generation 3615, restarting...
Stagnation detected at generation 3622, restarting...
Stagnation detected at generation 3629, restarting...
Stagnation detected at generation 3636, restarting...
Stagnation detected at generation 3643, restarting...
Stagnation detected at generation 3650, restarting...
Stagnation detected at generation 3657, restarting...
Stagnation detected at generation 3664, restarting...
Stagnation detected at generation 3671, restarting...
Stagnation detected at generation 3678, restarting...
Stagnation detected at generation 3685, restarting...
Stagnation detected at generation 3692, restarting...
Stagnation detected at generation 3699, restarting...
Stagnation detected at generation 3706, restarting...
Stagnation detected at generation 3713, restarting...
Stagnation detected at generation 3720, restarting...
Stagnation detected at generation 3727, restarting...
Stagnation detected at generation 3734, restarting...
Stagnation detected at generation 3741, restarting...
Stagnation detected at generation 3748, restarting...
Stagnation detected at generation 3755, restarting...
Stagnation detected at generation 3762, restarting...
Stagnation detected at generation 3769, restarting...
Stagnation detected at generation 3776, restarting...
Stagnation detected at generation 3783, restarting...
Stagnation detected at generation 3790, restarting...
Stagnation detected at generation 3797, restarting...
Stagnation detected at generation 3804, restarting...
Stagnation detected at generation 3811, restarting...
Stagnation detected at generation 3818, restarting...
Stagnation detected at generation 3825, restarting...
Stagnation detected at generation 3832, restarting...
Stagnation detected at generation 3839, restarting...
Stagnation detected at generation 3846, restarting...
Stagnation detected at generation 3853, restarting...
Stagnation detected at generation 3860, restarting...
Stagnation detected at generation 3867, restarting...
Stagnation detected at generation 3874, restarting...
Stagnation detected at generation 3881, restarting...
Stagnation detected at generation 3888, restarting...
Stagnation detected at generation 3895, restarting...
Stagnation detected at generation 3902, restarting...
Stagnation detected at generation 3909, restarting...
Stagnation detected at generation 3916, restarting...
Stagnation detected at generation 3923, restarting...
Stagnation detected at generation 3930, restarting...
Stagnation detected at generation 3937, restarting...
Stagnation detected at generation 3944, restarting...
Stagnation detected at generation 3951, restarting...
Stagnation detected at generation 3958, restarting...
Stagnation detected at generation 3965, restarting...
Stagnation detected at generation 3972, restarting...
Stagnation detected at generation 3979, restarting...
Stagnation detected at generation 3986, restarting...
Stagnation detected at generation 3993, restarting...
Stagnation detected at generation 4000, restarting...
Stagnation detected at generation 4007, restarting...
Stagnation detected at generation 4014, restarting...
Stagnation detected at generation 4021, restarting...
Stagnation detected at generation 4028, restarting...
Stagnation detected at generation 4035, restarting...
Stagnation detected at generation 4042, restarting...
Stagnation detected at generation 4049, restarting...
Stagnation detected at generation 4056, restarting...
Stagnation detected at generation 4063, restarting...
Stagnation detected at generation 4070, restarting...
Stagnation detected at generation 4077, restarting...
Stagnation detected at generation 4084, restarting...
Stagnation detected at generation 4091, restarting...
Stagnation detected at generation 4098, restarting...
Stagnation detected at generation 4105, restarting...
Stagnation detected at generation 4112, restarting...
Stagnation detected at generation 4119, restarting...
Stagnation detected at generation 4126, restarting...
Stagnation detected at generation 4133, restarting...
Stagnation detected at generation 4140, restarting...
Stagnation detected at generation 4147, restarting...
Stagnation detected at generation 4154, restarting...
Stagnation detected at generation 4161, restarting...
Stagnation detected at generation 4168, restarting...
Stagnation detected at generation 4175, restarting...
Stagnation detected at generation 4182, restarting...
Stagnation detected at generation 4189, restarting...
Stagnation detected at generation 4196, restarting...
Stagnation detected at generation 4203, restarting...
Stagnation detected at generation 4210, restarting...
Stagnation detected at generation 4217, restarting...
Stagnation detected at generation 4224, restarting...
Stagnation detected at generation 4231, restarting...
Stagnation detected at generation 4238, restarting...
Stagnation detected at generation 4245, restarting...
Stagnation detected at generation 4252, restarting...
Stagnation detected at generation 4259, restarting...
Stagnation detected at generation 4266, restarting...
Stagnation detected at generation 4273, restarting...
Stagnation detected at generation 4280, restarting...
Stagnation detected at generation 4287, restarting...
Stagnation detected at generation 4294, restarting...
Stagnation detected at generation 4301, restarting...
Stagnation detected at generation 4308, restarting...
Stagnation detected at generation 4315, restarting...
Stagnation detected at generation 4322, restarting...
Stagnation detected at generation 4329, restarting...
Stagnation detected at generation 4336, restarting...
Stagnation detected at generation 4343, restarting...
Stagnation detected at generation 4350, restarting...
Stagnation detected at generation 4357, restarting...
Stagnation detected at generation 4364, restarting...
Stagnation detected at generation 4371, restarting...
Stagnation detected at generation 4378, restarting...
Stagnation detected at generation 4385, restarting...
Stagnation detected at generation 4392, restarting...
Stagnation detected at generation 4399, restarting...
Stagnation detected at generation 4406, restarting...
Stagnation detected at generation 4413, restarting...
Stagnation detected at generation 4420, restarting...
Stagnation detected at generation 4427, restarting...
Stagnation detected at generation 4434, restarting...
Stagnation detected at generation 4441, restarting...
Stagnation detected at generation 4448, restarting...
Stagnation detected at generation 4455, restarting...
Stagnation detected at generation 4462, restarting...
Stagnation detected at generation 4469, restarting...
Stagnation detected at generation 4476, restarting...
Stagnation detected at generation 4483, restarting...
Stagnation detected at generation 4490, restarting...
Stagnation detected at generation 4497, restarting...
Stagnation detected at generation 4504, restarting...
Stagnation detected at generation 4511, restarting...
Stagnation detected at generation 4518, restarting...
Stagnation detected at generation 4525, restarting...
Stagnation detected at generation 4532, restarting...
Stagnation detected at generation 4539, restarting...
Stagnation detected at generation 4546, restarting...
Stagnation detected at generation 4553, restarting...
Stagnation detected at generation 4560, restarting...
Stagnation detected at generation 4567, restarting...
Stagnation detected at generation 4574, restarting...
Stagnation detected at generation 4581, restarting...
Stagnation detected at generation 4588, restarting...
Stagnation detected at generation 4595, restarting...
Stagnation detected at generation 4602, restarting...
Stagnation detected at generation 4609, restarting...
Stagnation detected at generation 4616, restarting...
Stagnation detected at generation 4623, restarting...
Stagnation detected at generation 4630, restarting...
Stagnation detected at generation 4637, restarting...
Stagnation detected at generation 4644, restarting...
Stagnation detected at generation 4651, restarting...
Stagnation detected at generation 4658, restarting...
Stagnation detected at generation 4665, restarting...
Stagnation detected at generation 4672, restarting...
Stagnation detected at generation 4679, restarting...
Stagnation detected at generation 4686, restarting...
Stagnation detected at generation 4693, restarting...
Stagnation detected at generation 4700, restarting...
Stagnation detected at generation 4707, restarting...
Stagnation detected at generation 4714, restarting...
Stagnation detected at generation 4721, restarting...
Stagnation detected at generation 4728, restarting...
Stagnation detected at generation 4735, restarting...
Stagnation detected at generation 4742, restarting...
Stagnation detected at generation 4749, restarting...
Stagnation detected at generation 4756, restarting...
Stagnation detected at generation 4763, restarting...
Stagnation detected at generation 4770, restarting...
Stagnation detected at generation 4777, restarting...
Stagnation detected at generation 4784, restarting...
Stagnation detected at generation 4791, restarting...
Stagnation detected at generation 4798, restarting...
Stagnation detected at generation 4805, restarting...
Stagnation detected at generation 4812, restarting...
Stagnation detected at generation 4819, restarting...
Stagnation detected at generation 4826, restarting...
Stagnation detected at generation 4833, restarting...
Stagnation detected at generation 4840, restarting...
Stagnation detected at generation 4847, restarting...
Stagnation detected at generation 4854, restarting...
Stagnation detected at generation 4861, restarting...
Stagnation detected at generation 4868, restarting...
Stagnation detected at generation 4875, restarting...
Stagnation detected at generation 4882, restarting...
Stagnation detected at generation 4889, restarting...
Stagnation detected at generation 4896, restarting...
Stagnation detected at generation 4903, restarting...
Stagnation detected at generation 4910, restarting...
Stagnation detected at generation 4917, restarting...
Stagnation detected at generation 4924, restarting...
Stagnation detected at generation 4931, restarting...
Stagnation detected at generation 4938, restarting...
Stagnation detected at generation 4945, restarting...
Stagnation detected at generation 4952, restarting...
Stagnation detected at generation 4959, restarting...
Stagnation detected at generation 4966, restarting...
Stagnation detected at generation 4973, restarting...
Stagnation detected at generation 4980, restarting...
Stagnation detected at generation 4987, restarting...
Stagnation detected at generation 4994, restarting...
Generation 5000: Best fitness = 8.128032
Stagnation detected at generation 5001, restarting...
Stagnation detected at generation 5008, restarting...
Stagnation detected at generation 5015, restarting...
Stagnation detected at generation 5022, restarting...
Stagnation detected at generation 5029, restarting...
Stagnation detected at generation 5036, restarting...
Stagnation detected at generation 5043, restarting...
Stagnation detected at generation 5050, restarting...
Stagnation detected at generation 5057, restarting...
Stagnation detected at generation 5064, restarting...
Stagnation detected at generation 5071, restarting...
Stagnation detected at generation 5078, restarting...
Stagnation detected at generation 5085, restarting...
Stagnation detected at generation 5092, restarting...
Stagnation detected at generation 5099, restarting...
Stagnation detected at generation 5106, restarting...
Stagnation detected at generation 5113, restarting...
Stagnation detected at generation 5120, restarting...
Stagnation detected at generation 5127, restarting...
Stagnation detected at generation 5134, restarting...
Stagnation detected at generation 5141, restarting...
Stagnation detected at generation 5148, restarting...
Stagnation detected at generation 5155, restarting...
Stagnation detected at generation 5162, restarting...
Stagnation detected at generation 5169, restarting...
Stagnation detected at generation 5176, restarting...
Stagnation detected at generation 5183, restarting...
Stagnation detected at generation 5190, restarting...
Stagnation detected at generation 5197, restarting...
Stagnation detected at generation 5204, restarting...
Stagnation detected at generation 5211, restarting...
Stagnation detected at generation 5218, restarting...
Stagnation detected at generation 5225, restarting...
Stagnation detected at generation 5232, restarting...
Stagnation detected at generation 5239, restarting...
Stagnation detected at generation 5246, restarting...
Stagnation detected at generation 5253, restarting...
Stagnation detected at generation 5260, restarting...
Stagnation detected at generation 5267, restarting...
Stagnation detected at generation 5274, restarting...
Stagnation detected at generation 5281, restarting...
Stagnation detected at generation 5288, restarting...
Stagnation detected at generation 5295, restarting...
Stagnation detected at generation 5302, restarting...
Stagnation detected at generation 5309, restarting...
Stagnation detected at generation 5316, restarting...
Stagnation detected at generation 5323, restarting...
Stagnation detected at generation 5330, restarting...
Stagnation detected at generation 5337, restarting...
Stagnation detected at generation 5344, restarting...
Stagnation detected at generation 5351, restarting...
Stagnation detected at generation 5358, restarting...
Stagnation detected at generation 5365, restarting...
Stagnation detected at generation 5372, restarting...
Stagnation detected at generation 5379, restarting...
Stagnation detected at generation 5386, restarting...
Stagnation detected at generation 5393, restarting...
Stagnation detected at generation 5400, restarting...
Stagnation detected at generation 5407, restarting...
Stagnation detected at generation 5414, restarting...
Stagnation detected at generation 5421, restarting...
Stagnation detected at generation 5428, restarting...
Stagnation detected at generation 5435, restarting...
Stagnation detected at generation 5442, restarting...
Stagnation detected at generation 5449, restarting...
Stagnation detected at generation 5456, restarting...
Stagnation detected at generation 5463, restarting...
Stagnation detected at generation 5470, restarting...
Stagnation detected at generation 5477, restarting...
Stagnation detected at generation 5484, restarting...
Stagnation detected at generation 5491, restarting...
Stagnation detected at generation 5498, restarting...
Stagnation detected at generation 5505, restarting...
Stagnation detected at generation 5512, restarting...
Stagnation detected at generation 5519, restarting...
Stagnation detected at generation 5526, restarting...
Stagnation detected at generation 5533, restarting...
Stagnation detected at generation 5540, restarting...
Stagnation detected at generation 5547, restarting...
Stagnation detected at generation 5554, restarting...
Stagnation detected at generation 5561, restarting...
Stagnation detected at generation 5568, restarting...
Stagnation detected at generation 5575, restarting...
Stagnation detected at generation 5582, restarting...
Stagnation detected at generation 5589, restarting...
Stagnation detected at generation 5596, restarting...
Stagnation detected at generation 5603, restarting...
Stagnation detected at generation 5610, restarting...
Stagnation detected at generation 5617, restarting...
Stagnation detected at generation 5624, restarting...
Stagnation detected at generation 5631, restarting...
Stagnation detected at generation 5638, restarting...
Stagnation detected at generation 5645, restarting...
Stagnation detected at generation 5652, restarting...
Stagnation detected at generation 5659, restarting...
Stagnation detected at generation 5666, restarting...
Stagnation detected at generation 5673, restarting...
Stagnation detected at generation 5680, restarting...
Stagnation detected at generation 5687, restarting...
Stagnation detected at generation 5694, restarting...
Stagnation detected at generation 5701, restarting...
Stagnation detected at generation 5708, restarting...
Stagnation detected at generation 5715, restarting...
Stagnation detected at generation 5722, restarting...
Stagnation detected at generation 5729, restarting...
Stagnation detected at generation 5736, restarting...
Stagnation detected at generation 5743, restarting...
Stagnation detected at generation 5750, restarting...
Stagnation detected at generation 5757, restarting...
Stagnation detected at generation 5764, restarting...
Stagnation detected at generation 5771, restarting...
Stagnation detected at generation 5778, restarting...
Stagnation detected at generation 5785, restarting...
Stagnation detected at generation 5792, restarting...
Stagnation detected at generation 5799, restarting...
Stagnation detected at generation 5806, restarting...
Stagnation detected at generation 5813, restarting...
Stagnation detected at generation 5820, restarting...
Stagnation detected at generation 5827, restarting...
Stagnation detected at generation 5834, restarting...
Stagnation detected at generation 5841, restarting...
Stagnation detected at generation 5848, restarting...
Stagnation detected at generation 5855, restarting...
Stagnation detected at generation 5862, restarting...
Stagnation detected at generation 5869, restarting...
Stagnation detected at generation 5876, restarting...
Stagnation detected at generation 5883, restarting...
Stagnation detected at generation 5890, restarting...
Stagnation detected at generation 5897, restarting...
Stagnation detected at generation 5904, restarting...
Stagnation detected at generation 5911, restarting...
Stagnation detected at generation 5918, restarting...
Stagnation detected at generation 5925, restarting...
Stagnation detected at generation 5932, restarting...
Stagnation detected at generation 5939, restarting...
Stagnation detected at generation 5946, restarting...
Stagnation detected at generation 5953, restarting...
Stagnation detected at generation 5960, restarting...
Stagnation detected at generation 5967, restarting...
Stagnation detected at generation 5974, restarting...
Stagnation detected at generation 5981, restarting...
Stagnation detected at generation 5988, restarting...
Stagnation detected at generation 5995, restarting...
Generation 6000: Best fitness = 8.128032
Stagnation detected at generation 6002, restarting...
Stagnation detected at generation 6009, restarting...
Stagnation detected at generation 6016, restarting...
Stagnation detected at generation 6023, restarting...
Stagnation detected at generation 6030, restarting...
Stagnation detected at generation 6037, restarting...
Stagnation detected at generation 6044, restarting...
Stagnation detected at generation 6051, restarting...
Stagnation detected at generation 6058, restarting...
Stagnation detected at generation 6065, restarting...
Stagnation detected at generation 6072, restarting...
Stagnation detected at generation 6079, restarting...
Stagnation detected at generation 6086, restarting...
Stagnation detected at generation 6093, restarting...
Stagnation detected at generation 6100, restarting...
Stagnation detected at generation 6107, restarting...
Stagnation detected at generation 6114, restarting...
Stagnation detected at generation 6121, restarting...
Stagnation detected at generation 6128, restarting...
Stagnation detected at generation 6135, restarting...
Stagnation detected at generation 6142, restarting...
Stagnation detected at generation 6149, restarting...
Stagnation detected at generation 6156, restarting...
Stagnation detected at generation 6163, restarting...
Stagnation detected at generation 6170, restarting...
Stagnation detected at generation 6177, restarting...
Stagnation detected at generation 6184, restarting...
Stagnation detected at generation 6191, restarting...
Stagnation detected at generation 6198, restarting...
Stagnation detected at generation 6205, restarting...
Stagnation detected at generation 6212, restarting...
Stagnation detected at generation 6219, restarting...
Stagnation detected at generation 6226, restarting...
Stagnation detected at generation 6233, restarting...
Stagnation detected at generation 6240, restarting...
Stagnation detected at generation 6247, restarting...
Stagnation detected at generation 6254, restarting...
Stagnation detected at generation 6261, restarting...
Stagnation detected at generation 6268, restarting...
Stagnation detected at generation 6275, restarting...
Stagnation detected at generation 6282, restarting...
Stagnation detected at generation 6289, restarting...
Stagnation detected at generation 6296, restarting...
Stagnation detected at generation 6303, restarting...
Stagnation detected at generation 6310, restarting...
Stagnation detected at generation 6317, restarting...
Stagnation detected at generation 6324, restarting...
Stagnation detected at generation 6331, restarting...
Stagnation detected at generation 6338, restarting...
Stagnation detected at generation 6345, restarting...
Stagnation detected at generation 6352, restarting...
Stagnation detected at generation 6359, restarting...
Stagnation detected at generation 6366, restarting...
Stagnation detected at generation 6373, restarting...
Stagnation detected at generation 6380, restarting...
Stagnation detected at generation 6387, restarting...
Stagnation detected at generation 6394, restarting...
Stagnation detected at generation 6401, restarting...
Stagnation detected at generation 6408, restarting...
Stagnation detected at generation 6415, restarting...
Stagnation detected at generation 6422, restarting...
Stagnation detected at generation 6429, restarting...
Stagnation detected at generation 6436, restarting...
Stagnation detected at generation 6443, restarting...
Stagnation detected at generation 6450, restarting...
Stagnation detected at generation 6457, restarting...
Stagnation detected at generation 6464, restarting...
Stagnation detected at generation 6471, restarting...
Stagnation detected at generation 6478, restarting...
Stagnation detected at generation 6485, restarting...
Stagnation detected at generation 6492, restarting...
Stagnation detected at generation 6499, restarting...
Stagnation detected at generation 6506, restarting...
Stagnation detected at generation 6513, restarting...
Stagnation detected at generation 6520, restarting...
Stagnation detected at generation 6527, restarting...
Stagnation detected at generation 6534, restarting...
Stagnation detected at generation 6541, restarting...
Stagnation detected at generation 6548, restarting...
Stagnation detected at generation 6555, restarting...
Stagnation detected at generation 6562, restarting...
Stagnation detected at generation 6569, restarting...
Stagnation detected at generation 6576, restarting...
Stagnation detected at generation 6583, restarting...
Stagnation detected at generation 6590, restarting...
Stagnation detected at generation 6597, restarting...
Stagnation detected at generation 6604, restarting...
Stagnation detected at generation 6611, restarting...
Stagnation detected at generation 6618, restarting...
Stagnation detected at generation 6625, restarting...
Stagnation detected at generation 6632, restarting...
Stagnation detected at generation 6639, restarting...
Stagnation detected at generation 6646, restarting...
Stagnation detected at generation 6653, restarting...
Stagnation detected at generation 6660, restarting...
Stagnation detected at generation 6667, restarting...
Stagnation detected at generation 6674, restarting...
Stagnation detected at generation 6681, restarting...
Stagnation detected at generation 6688, restarting...
Stagnation detected at generation 6695, restarting...
Stagnation detected at generation 6702, restarting...
Stagnation detected at generation 6709, restarting...
Stagnation detected at generation 6716, restarting...
Stagnation detected at generation 6723, restarting...
Stagnation detected at generation 6730, restarting...
Stagnation detected at generation 6737, restarting...
Stagnation detected at generation 6744, restarting...
Stagnation detected at generation 6751, restarting...
Stagnation detected at generation 6758, restarting...
Stagnation detected at generation 6765, restarting...
Stagnation detected at generation 6772, restarting...
Stagnation detected at generation 6779, restarting...
Stagnation detected at generation 6786, restarting...
Stagnation detected at generation 6793, restarting...
Stagnation detected at generation 6800, restarting...
Stagnation detected at generation 6807, restarting...
Stagnation detected at generation 6814, restarting...
Stagnation detected at generation 6821, restarting...
Stagnation detected at generation 6828, restarting...
Stagnation detected at generation 6835, restarting...
Stagnation detected at generation 6842, restarting...
Stagnation detected at generation 6849, restarting...
Stagnation detected at generation 6856, restarting...
Stagnation detected at generation 6863, restarting...
Stagnation detected at generation 6870, restarting...
Stagnation detected at generation 6877, restarting...
Stagnation detected at generation 6884, restarting...
Stagnation detected at generation 6891, restarting...
Stagnation detected at generation 6898, restarting...
Stagnation detected at generation 6905, restarting...
Stagnation detected at generation 6912, restarting...
Stagnation detected at generation 6919, restarting...
Stagnation detected at generation 6926, restarting...
Stagnation detected at generation 6933, restarting...
Stagnation detected at generation 6940, restarting...
Stagnation detected at generation 6947, restarting...
Stagnation detected at generation 6954, restarting...
Stagnation detected at generation 6961, restarting...
Stagnation detected at generation 6968, restarting...
Stagnation detected at generation 6975, restarting...
Stagnation detected at generation 6982, restarting...
Stagnation detected at generation 6989, restarting...
Stagnation detected at generation 6996, restarting...
Generation 7000: Best fitness = 8.128032
Stagnation detected at generation 7003, restarting...
Stagnation detected at generation 7010, restarting...
Stagnation detected at generation 7017, restarting...
Stagnation detected at generation 7024, restarting...
Stagnation detected at generation 7031, restarting...
Stagnation detected at generation 7038, restarting...
Stagnation detected at generation 7045, restarting...
Stagnation detected at generation 7052, restarting...
Stagnation detected at generation 7059, restarting...
Stagnation detected at generation 7066, restarting...
Stagnation detected at generation 7073, restarting...
Stagnation detected at generation 7080, restarting...
Stagnation detected at generation 7087, restarting...
Stagnation detected at generation 7094, restarting...
Stagnation detected at generation 7101, restarting...
Stagnation detected at generation 7108, restarting...
Stagnation detected at generation 7115, restarting...
Stagnation detected at generation 7122, restarting...
Stagnation detected at generation 7129, restarting...
Stagnation detected at generation 7136, restarting...
Stagnation detected at generation 7143, restarting...
Stagnation detected at generation 7150, restarting...
Stagnation detected at generation 7157, restarting...
Stagnation detected at generation 7164, restarting...
Stagnation detected at generation 7171, restarting...
Stagnation detected at generation 7178, restarting...
Stagnation detected at generation 7185, restarting...
Stagnation detected at generation 7192, restarting...
Stagnation detected at generation 7199, restarting...
Stagnation detected at generation 7206, restarting...
Stagnation detected at generation 7213, restarting...
Stagnation detected at generation 7220, restarting...
Stagnation detected at generation 7227, restarting...
Stagnation detected at generation 7234, restarting...
Stagnation detected at generation 7241, restarting...
Stagnation detected at generation 7248, restarting...
Stagnation detected at generation 7255, restarting...
Stagnation detected at generation 7262, restarting...
Stagnation detected at generation 7269, restarting...
Stagnation detected at generation 7276, restarting...
Stagnation detected at generation 7283, restarting...
Stagnation detected at generation 7290, restarting...
Stagnation detected at generation 7297, restarting...
Stagnation detected at generation 7304, restarting...
Stagnation detected at generation 7311, restarting...
Stagnation detected at generation 7318, restarting...
Stagnation detected at generation 7325, restarting...
Stagnation detected at generation 7332, restarting...
Stagnation detected at generation 7339, restarting...
Stagnation detected at generation 7346, restarting...
Stagnation detected at generation 7353, restarting...
Stagnation detected at generation 7360, restarting...
Stagnation detected at generation 7367, restarting...
Stagnation detected at generation 7374, restarting...
Stagnation detected at generation 7381, restarting...
Stagnation detected at generation 7388, restarting...
Stagnation detected at generation 7395, restarting...
Stagnation detected at generation 7402, restarting...
Stagnation detected at generation 7409, restarting...
Stagnation detected at generation 7416, restarting...
Stagnation detected at generation 7423, restarting...
Stagnation detected at generation 7430, restarting...
Stagnation detected at generation 7437, restarting...
Stagnation detected at generation 7444, restarting...
Stagnation detected at generation 7451, restarting...
Stagnation detected at generation 7458, restarting...
Stagnation detected at generation 7465, restarting...
Stagnation detected at generation 7472, restarting...
Stagnation detected at generation 7479, restarting...
Stagnation detected at generation 7486, restarting...
Stagnation detected at generation 7493, restarting...
Stagnation detected at generation 7500, restarting...
Stagnation detected at generation 7507, restarting...
Stagnation detected at generation 7514, restarting...
Stagnation detected at generation 7521, restarting...
Stagnation detected at generation 7528, restarting...
Stagnation detected at generation 7535, restarting...
Stagnation detected at generation 7542, restarting...
Stagnation detected at generation 7549, restarting...
Stagnation detected at generation 7556, restarting...
Stagnation detected at generation 7563, restarting...
Stagnation detected at generation 7570, restarting...
Stagnation detected at generation 7577, restarting...
Stagnation detected at generation 7584, restarting...
Stagnation detected at generation 7591, restarting...
Stagnation detected at generation 7598, restarting...
Stagnation detected at generation 7605, restarting...
Stagnation detected at generation 7612, restarting...
Stagnation detected at generation 7619, restarting...
Stagnation detected at generation 7626, restarting...
Stagnation detected at generation 7633, restarting...
Stagnation detected at generation 7640, restarting...
Stagnation detected at generation 7647, restarting...
Stagnation detected at generation 7654, restarting...
Stagnation detected at generation 7661, restarting...
Stagnation detected at generation 7668, restarting...
Stagnation detected at generation 7675, restarting...
Stagnation detected at generation 7682, restarting...
Stagnation detected at generation 7689, restarting...
Stagnation detected at generation 7696, restarting...
Stagnation detected at generation 7703, restarting...
Stagnation detected at generation 7710, restarting...
Stagnation detected at generation 7717, restarting...
Stagnation detected at generation 7724, restarting...
Stagnation detected at generation 7731, restarting...
Stagnation detected at generation 7738, restarting...
Stagnation detected at generation 7745, restarting...
Stagnation detected at generation 7752, restarting...
Stagnation detected at generation 7759, restarting...
Stagnation detected at generation 7766, restarting...
Stagnation detected at generation 7773, restarting...
Stagnation detected at generation 7780, restarting...
Stagnation detected at generation 7787, restarting...
Stagnation detected at generation 7794, restarting...
Stagnation detected at generation 7801, restarting...
Stagnation detected at generation 7808, restarting...
Stagnation detected at generation 7815, restarting...
Stagnation detected at generation 7822, restarting...
Stagnation detected at generation 7829, restarting...
Stagnation detected at generation 7836, restarting...
Stagnation detected at generation 7843, restarting...
Stagnation detected at generation 7850, restarting...
Stagnation detected at generation 7857, restarting...
Stagnation detected at generation 7864, restarting...
Stagnation detected at generation 7871, restarting...
Stagnation detected at generation 7878, restarting...
Stagnation detected at generation 7885, restarting...
Stagnation detected at generation 7892, restarting...
Stagnation detected at generation 7899, restarting...
Stagnation detected at generation 7906, restarting...
Stagnation detected at generation 7913, restarting...
Stagnation detected at generation 7920, restarting...
Stagnation detected at generation 7927, restarting...
Stagnation detected at generation 7934, restarting...
Stagnation detected at generation 7941, restarting...
Stagnation detected at generation 7948, restarting...
Stagnation detected at generation 7955, restarting...
Stagnation detected at generation 7962, restarting...
Stagnation detected at generation 7969, restarting...
Stagnation detected at generation 7976, restarting...
Stagnation detected at generation 7983, restarting...
Stagnation detected at generation 7990, restarting...
Stagnation detected at generation 7997, restarting...
Generation 8000: Best fitness = 8.128032
Stagnation detected at generation 8004, restarting...
Stagnation detected at generation 8011, restarting...
Stagnation detected at generation 8018, restarting...
Stagnation detected at generation 8025, restarting...
Stagnation detected at generation 8032, restarting...
Stagnation detected at generation 8039, restarting...
Stagnation detected at generation 8046, restarting...
Stagnation detected at generation 8053, restarting...
Stagnation detected at generation 8060, restarting...
Stagnation detected at generation 8067, restarting...
Stagnation detected at generation 8074, restarting...
Stagnation detected at generation 8081, restarting...
Stagnation detected at generation 8088, restarting...
Stagnation detected at generation 8095, restarting...
Stagnation detected at generation 8102, restarting...
Stagnation detected at generation 8109, restarting...
Stagnation detected at generation 8116, restarting...
Stagnation detected at generation 8123, restarting...
Stagnation detected at generation 8130, restarting...
Stagnation detected at generation 8137, restarting...
Stagnation detected at generation 8144, restarting...
Stagnation detected at generation 8151, restarting...
Stagnation detected at generation 8158, restarting...
Stagnation detected at generation 8165, restarting...
Stagnation detected at generation 8172, restarting...
Stagnation detected at generation 8179, restarting...
Stagnation detected at generation 8186, restarting...
Stagnation detected at generation 8193, restarting...
Stagnation detected at generation 8200, restarting...
Stagnation detected at generation 8207, restarting...
Stagnation detected at generation 8214, restarting...
Stagnation detected at generation 8221, restarting...
Stagnation detected at generation 8228, restarting...
Stagnation detected at generation 8235, restarting...
Stagnation detected at generation 8242, restarting...
Stagnation detected at generation 8249, restarting...
Stagnation detected at generation 8256, restarting...
Stagnation detected at generation 8263, restarting...
Stagnation detected at generation 8270, restarting...
Stagnation detected at generation 8277, restarting...
Stagnation detected at generation 8284, restarting...
Stagnation detected at generation 8291, restarting...
Stagnation detected at generation 8298, restarting...
Stagnation detected at generation 8305, restarting...
Stagnation detected at generation 8312, restarting...
Stagnation detected at generation 8319, restarting...
Stagnation detected at generation 8326, restarting...
Stagnation detected at generation 8333, restarting...
Stagnation detected at generation 8340, restarting...
Stagnation detected at generation 8347, restarting...
Stagnation detected at generation 8354, restarting...
Stagnation detected at generation 8361, restarting...
Stagnation detected at generation 8368, restarting...
Stagnation detected at generation 8375, restarting...
Stagnation detected at generation 8382, restarting...
Stagnation detected at generation 8389, restarting...
Stagnation detected at generation 8396, restarting...
Stagnation detected at generation 8403, restarting...
Stagnation detected at generation 8410, restarting...
Stagnation detected at generation 8417, restarting...
Stagnation detected at generation 8424, restarting...
Stagnation detected at generation 8431, restarting...
Stagnation detected at generation 8438, restarting...
Stagnation detected at generation 8445, restarting...
Stagnation detected at generation 8452, restarting...
Stagnation detected at generation 8459, restarting...
Stagnation detected at generation 8466, restarting...
Stagnation detected at generation 8473, restarting...
Stagnation detected at generation 8480, restarting...
Stagnation detected at generation 8487, restarting...
Stagnation detected at generation 8494, restarting...
Stagnation detected at generation 8501, restarting...
Stagnation detected at generation 8508, restarting...
Stagnation detected at generation 8515, restarting...
Stagnation detected at generation 8522, restarting...
Stagnation detected at generation 8529, restarting...
Stagnation detected at generation 8536, restarting...
Stagnation detected at generation 8543, restarting...
Stagnation detected at generation 8550, restarting...
Stagnation detected at generation 8557, restarting...
Stagnation detected at generation 8564, restarting...
Stagnation detected at generation 8571, restarting...
Stagnation detected at generation 8578, restarting...
Stagnation detected at generation 8585, restarting...
Stagnation detected at generation 8592, restarting...
Stagnation detected at generation 8599, restarting...
Stagnation detected at generation 8606, restarting...
Stagnation detected at generation 8613, restarting...
Stagnation detected at generation 8620, restarting...
Stagnation detected at generation 8627, restarting...
Stagnation detected at generation 8634, restarting...
Stagnation detected at generation 8641, restarting...
Stagnation detected at generation 8648, restarting...
Stagnation detected at generation 8655, restarting...
Stagnation detected at generation 8662, restarting...
Stagnation detected at generation 8669, restarting...
Stagnation detected at generation 8676, restarting...
Stagnation detected at generation 8683, restarting...
Stagnation detected at generation 8690, restarting...
Stagnation detected at generation 8697, restarting...
Stagnation detected at generation 8704, restarting...
Stagnation detected at generation 8711, restarting...
Stagnation detected at generation 8718, restarting...
Stagnation detected at generation 8725, restarting...
Stagnation detected at generation 8732, restarting...
Stagnation detected at generation 8739, restarting...
Stagnation detected at generation 8746, restarting...
Stagnation detected at generation 8753, restarting...
Stagnation detected at generation 8760, restarting...
Stagnation detected at generation 8767, restarting...
Stagnation detected at generation 8774, restarting...
Stagnation detected at generation 8781, restarting...
Stagnation detected at generation 8788, restarting...
Stagnation detected at generation 8795, restarting...
Stagnation detected at generation 8802, restarting...
Stagnation detected at generation 8809, restarting...
Stagnation detected at generation 8816, restarting...
Stagnation detected at generation 8823, restarting...
Stagnation detected at generation 8830, restarting...
Stagnation detected at generation 8837, restarting...
Stagnation detected at generation 8844, restarting...
Stagnation detected at generation 8851, restarting...
Stagnation detected at generation 8858, restarting...
Stagnation detected at generation 8865, restarting...
Stagnation detected at generation 8872, restarting...
Stagnation detected at generation 8879, restarting...
Stagnation detected at generation 8886, restarting...
Stagnation detected at generation 8893, restarting...
Stagnation detected at generation 8900, restarting...
Stagnation detected at generation 8907, restarting...
Stagnation detected at generation 8914, restarting...
Stagnation detected at generation 8921, restarting...
Stagnation detected at generation 8928, restarting...
Stagnation detected at generation 8935, restarting...
Stagnation detected at generation 8942, restarting...
Stagnation detected at generation 8949, restarting...
Stagnation detected at generation 8956, restarting...
Stagnation detected at generation 8963, restarting...
Stagnation detected at generation 8970, restarting...
Stagnation detected at generation 8977, restarting...
Stagnation detected at generation 8984, restarting...
Stagnation detected at generation 8991, restarting...
Stagnation detected at generation 8998, restarting...
Generation 9000: Best fitness = 8.128032
Stagnation detected at generation 9005, restarting...
Stagnation detected at generation 9012, restarting...
Stagnation detected at generation 9019, restarting...
Stagnation detected at generation 9026, restarting...
Stagnation detected at generation 9033, restarting...
Stagnation detected at generation 9040, restarting...
Stagnation detected at generation 9047, restarting...
Stagnation detected at generation 9054, restarting...
Stagnation detected at generation 9061, restarting...
Stagnation detected at generation 9068, restarting...
Stagnation detected at generation 9075, restarting...
Stagnation detected at generation 9082, restarting...
Stagnation detected at generation 9089, restarting...
Stagnation detected at generation 9096, restarting...
Stagnation detected at generation 9103, restarting...
Stagnation detected at generation 9110, restarting...
Stagnation detected at generation 9117, restarting...
Stagnation detected at generation 9124, restarting...
Stagnation detected at generation 9131, restarting...
Stagnation detected at generation 9138, restarting...
Stagnation detected at generation 9145, restarting...
Stagnation detected at generation 9152, restarting...
Stagnation detected at generation 9159, restarting...
Stagnation detected at generation 9166, restarting...
Stagnation detected at generation 9173, restarting...
Stagnation detected at generation 9180, restarting...
Stagnation detected at generation 9187, restarting...
Stagnation detected at generation 9194, restarting...
Stagnation detected at generation 9201, restarting...
Stagnation detected at generation 9208, restarting...
Stagnation detected at generation 9215, restarting...
Stagnation detected at generation 9222, restarting...
Stagnation detected at generation 9229, restarting...
Stagnation detected at generation 9236, restarting...
Stagnation detected at generation 9243, restarting...
Stagnation detected at generation 9250, restarting...
Stagnation detected at generation 9257, restarting...
Stagnation detected at generation 9264, restarting...
Stagnation detected at generation 9271, restarting...
Stagnation detected at generation 9278, restarting...
Stagnation detected at generation 9285, restarting...
Stagnation detected at generation 9292, restarting...
Stagnation detected at generation 9299, restarting...
Stagnation detected at generation 9306, restarting...
Stagnation detected at generation 9313, restarting...
Stagnation detected at generation 9320, restarting...
Stagnation detected at generation 9327, restarting...
Stagnation detected at generation 9334, restarting...
Stagnation detected at generation 9341, restarting...
Stagnation detected at generation 9348, restarting...
Stagnation detected at generation 9355, restarting...
Stagnation detected at generation 9362, restarting...
Stagnation detected at generation 9369, restarting...
Stagnation detected at generation 9376, restarting...
Stagnation detected at generation 9383, restarting...
Stagnation detected at generation 9390, restarting...
Stagnation detected at generation 9397, restarting...
Stagnation detected at generation 9404, restarting...
Stagnation detected at generation 9411, restarting...
Stagnation detected at generation 9418, restarting...
Stagnation detected at generation 9425, restarting...
Stagnation detected at generation 9432, restarting...
Stagnation detected at generation 9439, restarting...
Stagnation detected at generation 9446, restarting...
Stagnation detected at generation 9453, restarting...
Stagnation detected at generation 9460, restarting...
Stagnation detected at generation 9467, restarting...
Stagnation detected at generation 9474, restarting...
Stagnation detected at generation 9481, restarting...
Stagnation detected at generation 9488, restarting...
Stagnation detected at generation 9495, restarting...
Stagnation detected at generation 9502, restarting...
Stagnation detected at generation 9509, restarting...
Stagnation detected at generation 9516, restarting...
Stagnation detected at generation 9523, restarting...
Stagnation detected at generation 9530, restarting...
Stagnation detected at generation 9537, restarting...
Stagnation detected at generation 9544, restarting...
Stagnation detected at generation 9551, restarting...
Stagnation detected at generation 9558, restarting...
Stagnation detected at generation 9565, restarting...
Stagnation detected at generation 9572, restarting...
Stagnation detected at generation 9579, restarting...
Stagnation detected at generation 9586, restarting...
Stagnation detected at generation 9593, restarting...
Stagnation detected at generation 9600, restarting...
Stagnation detected at generation 9607, restarting...
Stagnation detected at generation 9614, restarting...
Stagnation detected at generation 9621, restarting...
Stagnation detected at generation 9628, restarting...
Stagnation detected at generation 9635, restarting...
Stagnation detected at generation 9642, restarting...
Stagnation detected at generation 9649, restarting...
Stagnation detected at generation 9656, restarting...
Stagnation detected at generation 9663, restarting...
Stagnation detected at generation 9670, restarting...
Stagnation detected at generation 9677, restarting...
Stagnation detected at generation 9684, restarting...
Stagnation detected at generation 9691, restarting...
Stagnation detected at generation 9698, restarting...
Stagnation detected at generation 9705, restarting...
Stagnation detected at generation 9712, restarting...
Stagnation detected at generation 9719, restarting...
Stagnation detected at generation 9726, restarting...
Stagnation detected at generation 9733, restarting...
Stagnation detected at generation 9740, restarting...
Stagnation detected at generation 9747, restarting...
Stagnation detected at generation 9754, restarting...
Stagnation detected at generation 9761, restarting...
Stagnation detected at generation 9768, restarting...
Stagnation detected at generation 9775, restarting...
Stagnation detected at generation 9782, restarting...
Stagnation detected at generation 9789, restarting...
Stagnation detected at generation 9796, restarting...
Stagnation detected at generation 9803, restarting...
Stagnation detected at generation 9810, restarting...
Stagnation detected at generation 9817, restarting...
Stagnation detected at generation 9824, restarting...
Stagnation detected at generation 9831, restarting...
Stagnation detected at generation 9838, restarting...
Stagnation detected at generation 9845, restarting...
Stagnation detected at generation 9852, restarting...
Stagnation detected at generation 9859, restarting...
Stagnation detected at generation 9866, restarting...
Stagnation detected at generation 9873, restarting...
Stagnation detected at generation 9880, restarting...
Stagnation detected at generation 9887, restarting...
Stagnation detected at generation 9894, restarting...
Stagnation detected at generation 9901, restarting...
Stagnation detected at generation 9908, restarting...
Stagnation detected at generation 9915, restarting...
Stagnation detected at generation 9922, restarting...
Stagnation detected at generation 9929, restarting...
Stagnation detected at generation 9936, restarting...
Stagnation detected at generation 9943, restarting...
Stagnation detected at generation 9950, restarting...
Stagnation detected at generation 9957, restarting...
Stagnation detected at generation 9964, restarting...
Stagnation detected at generation 9971, restarting...
Stagnation detected at generation 9978, restarting...
Stagnation detected at generation 9985, restarting...
Stagnation detected at generation 9992, restarting...
Stagnation detected at generation 9999, restarting...
Generation 10000: Best fitness = 8.128032
Stagnation detected at generation 10006, restarting...
Stagnation detected at generation 10013, restarting...
Stagnation detected at generation 10020, restarting...
Stagnation detected at generation 10027, restarting...
Stagnation detected at generation 10034, restarting...
Stagnation detected at generation 10041, restarting...
Stagnation detected at generation 10048, restarting...
Stagnation detected at generation 10055, restarting...
Stagnation detected at generation 10062, restarting...
Stagnation detected at generation 10069, restarting...
Stagnation detected at generation 10076, restarting...
Stagnation detected at generation 10083, restarting...
Stagnation detected at generation 10090, restarting...
Stagnation detected at generation 10097, restarting...
Stagnation detected at generation 10104, restarting...
Stagnation detected at generation 10111, restarting...
Stagnation detected at generation 10118, restarting...
Stagnation detected at generation 10125, restarting...
Stagnation detected at generation 10132, restarting...
Stagnation detected at generation 10139, restarting...
Stagnation detected at generation 10146, restarting...
Stagnation detected at generation 10153, restarting...
Stagnation detected at generation 10160, restarting...
Stagnation detected at generation 10167, restarting...
Stagnation detected at generation 10174, restarting...
Stagnation detected at generation 10181, restarting...
Stagnation detected at generation 10188, restarting...
Stagnation detected at generation 10195, restarting...
Stagnation detected at generation 10202, restarting...
Stagnation detected at generation 10209, restarting...
Stagnation detected at generation 10216, restarting...
Stagnation detected at generation 10223, restarting...
Stagnation detected at generation 10230, restarting...
Stagnation detected at generation 10237, restarting...
Stagnation detected at generation 10244, restarting...
Stagnation detected at generation 10251, restarting...
Stagnation detected at generation 10258, restarting...
Stagnation detected at generation 10265, restarting...
Stagnation detected at generation 10272, restarting...
Stagnation detected at generation 10279, restarting...
Stagnation detected at generation 10286, restarting...
Stagnation detected at generation 10293, restarting...
Stagnation detected at generation 10300, restarting...
Stagnation detected at generation 10307, restarting...
Stagnation detected at generation 10314, restarting...
Stagnation detected at generation 10321, restarting...
Stagnation detected at generation 10328, restarting...
Stagnation detected at generation 10335, restarting...
Stagnation detected at generation 10342, restarting...
Stagnation detected at generation 10349, restarting...
Stagnation detected at generation 10356, restarting...
Stagnation detected at generation 10363, restarting...
Stagnation detected at generation 10370, restarting...
Stagnation detected at generation 10377, restarting...
Stagnation detected at generation 10384, restarting...
Stagnation detected at generation 10391, restarting...
Stagnation detected at generation 10398, restarting...
Stagnation detected at generation 10405, restarting...
Stagnation detected at generation 10412, restarting...
Stagnation detected at generation 10419, restarting...
Stagnation detected at generation 10426, restarting...
Stagnation detected at generation 10433, restarting...
Stagnation detected at generation 10440, restarting...
Stagnation detected at generation 10447, restarting...
Stagnation detected at generation 10454, restarting...
Stagnation detected at generation 10461, restarting...
Stagnation detected at generation 10468, restarting...
Stagnation detected at generation 10475, restarting...
Stagnation detected at generation 10482, restarting...
Stagnation detected at generation 10489, restarting...
Stagnation detected at generation 10496, restarting...
Stagnation detected at generation 10503, restarting...
Stagnation detected at generation 10510, restarting...
Stagnation detected at generation 10517, restarting...
Stagnation detected at generation 10524, restarting...
Stagnation detected at generation 10531, restarting...
Stagnation detected at generation 10538, restarting...
Stagnation detected at generation 10545, restarting...
Stagnation detected at generation 10552, restarting...
Stagnation detected at generation 10559, restarting...
Stagnation detected at generation 10566, restarting...
Stagnation detected at generation 10573, restarting...
Stagnation detected at generation 10580, restarting...
Stagnation detected at generation 10587, restarting...
Stagnation detected at generation 10594, restarting...
Stagnation detected at generation 10601, restarting...
Stagnation detected at generation 10608, restarting...
Stagnation detected at generation 10615, restarting...
Stagnation detected at generation 10622, restarting...
Stagnation detected at generation 10629, restarting...
Stagnation detected at generation 10636, restarting...
Stagnation detected at generation 10643, restarting...
Stagnation detected at generation 10650, restarting...
Stagnation detected at generation 10657, restarting...
Stagnation detected at generation 10664, restarting...
Stagnation detected at generation 10671, restarting...
Stagnation detected at generation 10678, restarting...
Stagnation detected at generation 10685, restarting...
Stagnation detected at generation 10692, restarting...
Stagnation detected at generation 10699, restarting...
Stagnation detected at generation 10706, restarting...
Stagnation detected at generation 10713, restarting...
Stagnation detected at generation 10720, restarting...
Stagnation detected at generation 10727, restarting...
Stagnation detected at generation 10734, restarting...
Stagnation detected at generation 10741, restarting...
Stagnation detected at generation 10748, restarting...
Stagnation detected at generation 10755, restarting...
Stagnation detected at generation 10762, restarting...
Stagnation detected at generation 10769, restarting...
Stagnation detected at generation 10776, restarting...
Stagnation detected at generation 10783, restarting...
Stagnation detected at generation 10790, restarting...
Stagnation detected at generation 10797, restarting...
Stagnation detected at generation 10804, restarting...
Stagnation detected at generation 10811, restarting...
Stagnation detected at generation 10818, restarting...
Stagnation detected at generation 10825, restarting...
Stagnation detected at generation 10832, restarting...
Stagnation detected at generation 10839, restarting...
Stagnation detected at generation 10846, restarting...
Stagnation detected at generation 10853, restarting...
Stagnation detected at generation 10860, restarting...
Stagnation detected at generation 10867, restarting...
Stagnation detected at generation 10874, restarting...
Stagnation detected at generation 10881, restarting...
Stagnation detected at generation 10888, restarting...
Stagnation detected at generation 10895, restarting...
Stagnation detected at generation 10902, restarting...
Stagnation detected at generation 10909, restarting...
Stagnation detected at generation 10916, restarting...
Stagnation detected at generation 10923, restarting...
Stagnation detected at generation 10930, restarting...
Stagnation detected at generation 10937, restarting...
Stagnation detected at generation 10944, restarting...
Stagnation detected at generation 10951, restarting...
Stagnation detected at generation 10958, restarting...
Stagnation detected at generation 10965, restarting...
Stagnation detected at generation 10972, restarting...
Stagnation detected at generation 10979, restarting...
Stagnation detected at generation 10986, restarting...
Stagnation detected at generation 10993, restarting...
Stagnation detected at generation 11000, restarting...
Stagnation detected at generation 11007, restarting...
Stagnation detected at generation 11014, restarting...
Stagnation detected at generation 11021, restarting...
Stagnation detected at generation 11028, restarting...
Stagnation detected at generation 11035, restarting...
Stagnation detected at generation 11042, restarting...
Stagnation detected at generation 11049, restarting...
Stagnation detected at generation 11056, restarting...
Stagnation detected at generation 11063, restarting...
Stagnation detected at generation 11070, restarting...
Stagnation detected at generation 11077, restarting...
Stagnation detected at generation 11084, restarting...
Stagnation detected at generation 11091, restarting...
Stagnation detected at generation 11098, restarting...
Stagnation detected at generation 11105, restarting...
Stagnation detected at generation 11112, restarting...
Stagnation detected at generation 11119, restarting...
Stagnation detected at generation 11126, restarting...
Stagnation detected at generation 11133, restarting...
Stagnation detected at generation 11140, restarting...
Stagnation detected at generation 11147, restarting...
Stagnation detected at generation 11154, restarting...
Stagnation detected at generation 11161, restarting...
Stagnation detected at generation 11168, restarting...
Stagnation detected at generation 11175, restarting...
Stagnation detected at generation 11182, restarting...
Stagnation detected at generation 11189, restarting...
Stagnation detected at generation 11196, restarting...
Stagnation detected at generation 11203, restarting...
Stagnation detected at generation 11210, restarting...
Stagnation detected at generation 11217, restarting...
Stagnation detected at generation 11224, restarting...
Stagnation detected at generation 11231, restarting...
Stagnation detected at generation 11238, restarting...
Stagnation detected at generation 11245, restarting...
Stagnation detected at generation 11252, restarting...
Stagnation detected at generation 11259, restarting...
Stagnation detected at generation 11266, restarting...
Stagnation detected at generation 11273, restarting...
Stagnation detected at generation 11280, restarting...
Stagnation detected at generation 11287, restarting...
Stagnation detected at generation 11294, restarting...
Stagnation detected at generation 11301, restarting...
Stagnation detected at generation 11308, restarting...
Stagnation detected at generation 11315, restarting...
Stagnation detected at generation 11322, restarting...
Stagnation detected at generation 11329, restarting...
Stagnation detected at generation 11336, restarting...
Stagnation detected at generation 11343, restarting...
Stagnation detected at generation 11350, restarting...
Stagnation detected at generation 11357, restarting...
Stagnation detected at generation 11364, restarting...
Stagnation detected at generation 11371, restarting...
Stagnation detected at generation 11378, restarting...
Stagnation detected at generation 11385, restarting...
Stagnation detected at generation 11392, restarting...
Stagnation detected at generation 11399, restarting...
Stagnation detected at generation 11406, restarting...
Stagnation detected at generation 11413, restarting...
Stagnation detected at generation 11420, restarting...
Stagnation detected at generation 11427, restarting...
Stagnation detected at generation 11434, restarting...
Stagnation detected at generation 11441, restarting...
Stagnation detected at generation 11448, restarting...
Stagnation detected at generation 11455, restarting...
Stagnation detected at generation 11462, restarting...
Stagnation detected at generation 11469, restarting...
Stagnation detected at generation 11476, restarting...
Stagnation detected at generation 11483, restarting...
Stagnation detected at generation 11490, restarting...
Stagnation detected at generation 11497, restarting...
Stagnation detected at generation 11504, restarting...
Stagnation detected at generation 11511, restarting...
Stagnation detected at generation 11518, restarting...
Stagnation detected at generation 11525, restarting...
Stagnation detected at generation 11532, restarting...
Stagnation detected at generation 11539, restarting...
Stagnation detected at generation 11546, restarting...
Stagnation detected at generation 11553, restarting...
Stagnation detected at generation 11560, restarting...
Stagnation detected at generation 11567, restarting...
Stagnation detected at generation 11574, restarting...
Stagnation detected at generation 11581, restarting...
Stagnation detected at generation 11588, restarting...
Stagnation detected at generation 11595, restarting...
Stagnation detected at generation 11602, restarting...
Stagnation detected at generation 11609, restarting...
Stagnation detected at generation 11616, restarting...
Stagnation detected at generation 11623, restarting...
Stagnation detected at generation 11630, restarting...
Stagnation detected at generation 11637, restarting...
Stagnation detected at generation 11644, restarting...
Stagnation detected at generation 11651, restarting...
Stagnation detected at generation 11658, restarting...
Stagnation detected at generation 11665, restarting...
Stagnation detected at generation 11672, restarting...
Stagnation detected at generation 11679, restarting...
Stagnation detected at generation 11686, restarting...
Stagnation detected at generation 11693, restarting...
Stagnation detected at generation 11700, restarting...
Stagnation detected at generation 11707, restarting...
Stagnation detected at generation 11714, restarting...
Stagnation detected at generation 11721, restarting...
Stagnation detected at generation 11728, restarting...
Stagnation detected at generation 11735, restarting...
Stagnation detected at generation 11742, restarting...
Stagnation detected at generation 11749, restarting...
Stagnation detected at generation 11756, restarting...
Stagnation detected at generation 11763, restarting...
Stagnation detected at generation 11770, restarting...
Stagnation detected at generation 11777, restarting...
Stagnation detected at generation 11784, restarting...
Stagnation detected at generation 11791, restarting...
Stagnation detected at generation 11798, restarting...
Stagnation detected at generation 11805, restarting...
Stagnation detected at generation 11812, restarting...
Stagnation detected at generation 11819, restarting...
Stagnation detected at generation 11826, restarting...
Stagnation detected at generation 11833, restarting...
Stagnation detected at generation 11840, restarting...
Stagnation detected at generation 11847, restarting...
Stagnation detected at generation 11854, restarting...
Stagnation detected at generation 11861, restarting...
Stagnation detected at generation 11868, restarting...
Stagnation detected at generation 11875, restarting...
Stagnation detected at generation 11882, restarting...
Stagnation detected at generation 11889, restarting...
Stagnation detected at generation 11896, restarting...
Stagnation detected at generation 11903, restarting...
Stagnation detected at generation 11910, restarting...
Stagnation detected at generation 11917, restarting...
Stagnation detected at generation 11924, restarting...
Stagnation detected at generation 11931, restarting...
Stagnation detected at generation 11938, restarting...
Stagnation detected at generation 11945, restarting...
Stagnation detected at generation 11952, restarting...
Stagnation detected at generation 11959, restarting...
Stagnation detected at generation 11966, restarting...
Stagnation detected at generation 11973, restarting...
Stagnation detected at generation 11980, restarting...
Stagnation detected at generation 11987, restarting...
Stagnation detected at generation 11994, restarting...
Generation 12000: Best fitness = 8.128032
Stagnation detected at generation 12001, restarting...
Stagnation detected at generation 12008, restarting...
Stagnation detected at generation 12015, restarting...
Stagnation detected at generation 12022, restarting...
Stagnation detected at generation 12029, restarting...
Stagnation detected at generation 12036, restarting...
Stagnation detected at generation 12043, restarting...
Stagnation detected at generation 12050, restarting...
Stagnation detected at generation 12057, restarting...
Stagnation detected at generation 12064, restarting...
Stagnation detected at generation 12071, restarting...
Stagnation detected at generation 12078, restarting...
Stagnation detected at generation 12085, restarting...
Stagnation detected at generation 12092, restarting...
Stagnation detected at generation 12099, restarting...
Stagnation detected at generation 12106, restarting...
Stagnation detected at generation 12113, restarting...
Stagnation detected at generation 12120, restarting...
Stagnation detected at generation 12127, restarting...
Stagnation detected at generation 12134, restarting...
Stagnation detected at generation 12141, restarting...
Stagnation detected at generation 12148, restarting...
Stagnation detected at generation 12155, restarting...
Stagnation detected at generation 12162, restarting...
Stagnation detected at generation 12169, restarting...
Stagnation detected at generation 12176, restarting...
Stagnation detected at generation 12183, restarting...
Stagnation detected at generation 12190, restarting...
Stagnation detected at generation 12197, restarting...
Stagnation detected at generation 12204, restarting...
Stagnation detected at generation 12211, restarting...
Stagnation detected at generation 12218, restarting...
Stagnation detected at generation 12225, restarting...
Stagnation detected at generation 12232, restarting...
Stagnation detected at generation 12239, restarting...
Stagnation detected at generation 12246, restarting...
Stagnation detected at generation 12253, restarting...
Stagnation detected at generation 12260, restarting...
Stagnation detected at generation 12267, restarting...
Stagnation detected at generation 12274, restarting...
Stagnation detected at generation 12281, restarting...
Stagnation detected at generation 12288, restarting...
Stagnation detected at generation 12295, restarting...
Stagnation detected at generation 12302, restarting...
Stagnation detected at generation 12309, restarting...
Stagnation detected at generation 12316, restarting...
Stagnation detected at generation 12323, restarting...
Stagnation detected at generation 12330, restarting...
Stagnation detected at generation 12337, restarting...
Stagnation detected at generation 12344, restarting...
Stagnation detected at generation 12351, restarting...
Stagnation detected at generation 12358, restarting...
Stagnation detected at generation 12365, restarting...
Stagnation detected at generation 12372, restarting...
Stagnation detected at generation 12379, restarting...
Stagnation detected at generation 12386, restarting...
Stagnation detected at generation 12393, restarting...
Stagnation detected at generation 12400, restarting...
Stagnation detected at generation 12407, restarting...
Stagnation detected at generation 12414, restarting...
Stagnation detected at generation 12421, restarting...
Stagnation detected at generation 12428, restarting...
Stagnation detected at generation 12435, restarting...
Stagnation detected at generation 12442, restarting...
Stagnation detected at generation 12449, restarting...
Stagnation detected at generation 12456, restarting...
Stagnation detected at generation 12463, restarting...
Stagnation detected at generation 12470, restarting...
Stagnation detected at generation 12477, restarting...
Stagnation detected at generation 12484, restarting...
Stagnation detected at generation 12491, restarting...
Stagnation detected at generation 12498, restarting...
Stagnation detected at generation 12505, restarting...
Stagnation detected at generation 12512, restarting...
Stagnation detected at generation 12519, restarting...
Stagnation detected at generation 12526, restarting...
Stagnation detected at generation 12533, restarting...
Stagnation detected at generation 12540, restarting...
Stagnation detected at generation 12547, restarting...
Stagnation detected at generation 12554, restarting...
Stagnation detected at generation 12561, restarting...
Stagnation detected at generation 12568, restarting...
Stagnation detected at generation 12575, restarting...
Stagnation detected at generation 12582, restarting...
Stagnation detected at generation 12589, restarting...
Stagnation detected at generation 12596, restarting...
Stagnation detected at generation 12603, restarting...
Stagnation detected at generation 12610, restarting...
Stagnation detected at generation 12617, restarting...
Stagnation detected at generation 12624, restarting...
Stagnation detected at generation 12631, restarting...
Stagnation detected at generation 12638, restarting...
Stagnation detected at generation 12645, restarting...
Stagnation detected at generation 12652, restarting...
Stagnation detected at generation 12659, restarting...
Stagnation detected at generation 12666, restarting...
Stagnation detected at generation 12673, restarting...
Stagnation detected at generation 12680, restarting...
Stagnation detected at generation 12687, restarting...
Stagnation detected at generation 12694, restarting...
Stagnation detected at generation 12701, restarting...
Stagnation detected at generation 12708, restarting...
Stagnation detected at generation 12715, restarting...
Stagnation detected at generation 12722, restarting...
Stagnation detected at generation 12729, restarting...
Stagnation detected at generation 12736, restarting...
Stagnation detected at generation 12743, restarting...
Stagnation detected at generation 12750, restarting...
Stagnation detected at generation 12757, restarting...
Stagnation detected at generation 12764, restarting...
Stagnation detected at generation 12771, restarting...
Stagnation detected at generation 12778, restarting...
Stagnation detected at generation 12785, restarting...
Stagnation detected at generation 12792, restarting...
Stagnation detected at generation 12799, restarting...
Stagnation detected at generation 12806, restarting...
Stagnation detected at generation 12813, restarting...
Stagnation detected at generation 12820, restarting...
Stagnation detected at generation 12827, restarting...
Stagnation detected at generation 12834, restarting...
Stagnation detected at generation 12841, restarting...
Stagnation detected at generation 12848, restarting...
Stagnation detected at generation 12855, restarting...
Stagnation detected at generation 12862, restarting...
Stagnation detected at generation 12869, restarting...
Stagnation detected at generation 12876, restarting...
Stagnation detected at generation 12883, restarting...
Stagnation detected at generation 12890, restarting...
Stagnation detected at generation 12897, restarting...
Stagnation detected at generation 12904, restarting...
Stagnation detected at generation 12911, restarting...
Stagnation detected at generation 12918, restarting...
Stagnation detected at generation 12925, restarting...
Stagnation detected at generation 12932, restarting...
Stagnation detected at generation 12939, restarting...
Stagnation detected at generation 12946, restarting...
Stagnation detected at generation 12953, restarting...
Stagnation detected at generation 12960, restarting...
Stagnation detected at generation 12967, restarting...
Stagnation detected at generation 12974, restarting...
Stagnation detected at generation 12981, restarting...
Stagnation detected at generation 12988, restarting...
Stagnation detected at generation 12995, restarting...
Generation 13000: Best fitness = 8.128032
Stagnation detected at generation 13002, restarting...
Stagnation detected at generation 13009, restarting...
Stagnation detected at generation 13016, restarting...
Stagnation detected at generation 13023, restarting...
Stagnation detected at generation 13030, restarting...
Stagnation detected at generation 13037, restarting...
Stagnation detected at generation 13044, restarting...
Stagnation detected at generation 13051, restarting...
Stagnation detected at generation 13058, restarting...
Stagnation detected at generation 13065, restarting...
Stagnation detected at generation 13072, restarting...
Stagnation detected at generation 13079, restarting...
Stagnation detected at generation 13086, restarting...
Stagnation detected at generation 13093, restarting...
Stagnation detected at generation 13100, restarting...
Stagnation detected at generation 13107, restarting...
Stagnation detected at generation 13114, restarting...
Stagnation detected at generation 13121, restarting...
Stagnation detected at generation 13128, restarting...
Stagnation detected at generation 13135, restarting...
Stagnation detected at generation 13142, restarting...
Stagnation detected at generation 13149, restarting...
Stagnation detected at generation 13156, restarting...
Stagnation detected at generation 13163, restarting...
Stagnation detected at generation 13170, restarting...
Stagnation detected at generation 13177, restarting...
Stagnation detected at generation 13184, restarting...
Stagnation detected at generation 13191, restarting...
Stagnation detected at generation 13198, restarting...
Stagnation detected at generation 13205, restarting...
Stagnation detected at generation 13212, restarting...
Stagnation detected at generation 13219, restarting...
Stagnation detected at generation 13226, restarting...
Stagnation detected at generation 13233, restarting...
Stagnation detected at generation 13240, restarting...
Stagnation detected at generation 13247, restarting...
Stagnation detected at generation 13254, restarting...
Stagnation detected at generation 13261, restarting...
Stagnation detected at generation 13268, restarting...
Stagnation detected at generation 13275, restarting...
Stagnation detected at generation 13282, restarting...
Stagnation detected at generation 13289, restarting...
Stagnation detected at generation 13296, restarting...
Stagnation detected at generation 13303, restarting...
Stagnation detected at generation 13310, restarting...
Stagnation detected at generation 13317, restarting...
Stagnation detected at generation 13324, restarting...
Stagnation detected at generation 13331, restarting...
Stagnation detected at generation 13338, restarting...
Stagnation detected at generation 13345, restarting...
Stagnation detected at generation 13352, restarting...
Stagnation detected at generation 13359, restarting...
Stagnation detected at generation 13366, restarting...
Stagnation detected at generation 13373, restarting...
Stagnation detected at generation 13380, restarting...
Stagnation detected at generation 13387, restarting...
Stagnation detected at generation 13394, restarting...
Stagnation detected at generation 13401, restarting...
Stagnation detected at generation 13408, restarting...
Stagnation detected at generation 13415, restarting...
Stagnation detected at generation 13422, restarting...
Stagnation detected at generation 13429, restarting...
Stagnation detected at generation 13436, restarting...
Stagnation detected at generation 13443, restarting...
Stagnation detected at generation 13450, restarting...
Stagnation detected at generation 13457, restarting...
Stagnation detected at generation 13464, restarting...
Stagnation detected at generation 13471, restarting...
Stagnation detected at generation 13478, restarting...
Stagnation detected at generation 13485, restarting...
Stagnation detected at generation 13492, restarting...
Stagnation detected at generation 13499, restarting...
Stagnation detected at generation 13506, restarting...
Stagnation detected at generation 13513, restarting...
Stagnation detected at generation 13520, restarting...
Stagnation detected at generation 13527, restarting...
Stagnation detected at generation 13534, restarting...
Stagnation detected at generation 13541, restarting...
Stagnation detected at generation 13548, restarting...
Stagnation detected at generation 13555, restarting...
Stagnation detected at generation 13562, restarting...
Stagnation detected at generation 13569, restarting...
Stagnation detected at generation 13576, restarting...
Stagnation detected at generation 13583, restarting...
Stagnation detected at generation 13590, restarting...
Stagnation detected at generation 13597, restarting...
Stagnation detected at generation 13604, restarting...
Stagnation detected at generation 13611, restarting...
Stagnation detected at generation 13618, restarting...
Stagnation detected at generation 13625, restarting...
Stagnation detected at generation 13632, restarting...
Stagnation detected at generation 13639, restarting...
Stagnation detected at generation 13646, restarting...
Stagnation detected at generation 13653, restarting...
Stagnation detected at generation 13660, restarting...
Stagnation detected at generation 13667, restarting...
Stagnation detected at generation 13674, restarting...
Stagnation detected at generation 13681, restarting...
Stagnation detected at generation 13688, restarting...
Stagnation detected at generation 13695, restarting...
Stagnation detected at generation 13702, restarting...
Stagnation detected at generation 13709, restarting...
Stagnation detected at generation 13716, restarting...
Stagnation detected at generation 13723, restarting...
Stagnation detected at generation 13730, restarting...
Stagnation detected at generation 13737, restarting...
Stagnation detected at generation 13744, restarting...
Stagnation detected at generation 13751, restarting...
Stagnation detected at generation 13758, restarting...
Stagnation detected at generation 13765, restarting...
Stagnation detected at generation 13772, restarting...
Stagnation detected at generation 13779, restarting...
Stagnation detected at generation 13786, restarting...
Stagnation detected at generation 13793, restarting...
Stagnation detected at generation 13800, restarting...
Stagnation detected at generation 13807, restarting...
Stagnation detected at generation 13814, restarting...
Stagnation detected at generation 13821, restarting...
Stagnation detected at generation 13828, restarting...
Stagnation detected at generation 13835, restarting...
Stagnation detected at generation 13842, restarting...
Stagnation detected at generation 13849, restarting...
Stagnation detected at generation 13856, restarting...
Stagnation detected at generation 13863, restarting...
Stagnation detected at generation 13870, restarting...
Stagnation detected at generation 13877, restarting...
Stagnation detected at generation 13884, restarting...
Stagnation detected at generation 13891, restarting...
Stagnation detected at generation 13898, restarting...
Stagnation detected at generation 13905, restarting...
Stagnation detected at generation 13912, restarting...
Stagnation detected at generation 13919, restarting...
Stagnation detected at generation 13926, restarting...
Stagnation detected at generation 13933, restarting...
Stagnation detected at generation 13940, restarting...
Stagnation detected at generation 13947, restarting...
Stagnation detected at generation 13954, restarting...
Stagnation detected at generation 13961, restarting...
Stagnation detected at generation 13968, restarting...
Stagnation detected at generation 13975, restarting...
Stagnation detected at generation 13982, restarting...
Stagnation detected at generation 13989, restarting...
Stagnation detected at generation 13996, restarting...
Generation 14000: Best fitness = 8.128032
Stagnation detected at generation 14003, restarting...
Stagnation detected at generation 14010, restarting...
Stagnation detected at generation 14017, restarting...
Stagnation detected at generation 14024, restarting...
Stagnation detected at generation 14031, restarting...
Stagnation detected at generation 14038, restarting...
Stagnation detected at generation 14045, restarting...
Stagnation detected at generation 14052, restarting...
Stagnation detected at generation 14059, restarting...
Stagnation detected at generation 14066, restarting...
Stagnation detected at generation 14073, restarting...
Stagnation detected at generation 14080, restarting...
Stagnation detected at generation 14087, restarting...
Stagnation detected at generation 14094, restarting...
Stagnation detected at generation 14101, restarting...
Stagnation detected at generation 14108, restarting...
Stagnation detected at generation 14115, restarting...
Stagnation detected at generation 14122, restarting...
Stagnation detected at generation 14129, restarting...
Stagnation detected at generation 14136, restarting...
Stagnation detected at generation 14143, restarting...
Stagnation detected at generation 14150, restarting...
Stagnation detected at generation 14157, restarting...
Stagnation detected at generation 14164, restarting...
Stagnation detected at generation 14171, restarting...
Stagnation detected at generation 14178, restarting...
Stagnation detected at generation 14185, restarting...
Stagnation detected at generation 14192, restarting...
Stagnation detected at generation 14199, restarting...
Stagnation detected at generation 14206, restarting...
Stagnation detected at generation 14213, restarting...
Stagnation detected at generation 14220, restarting...
Stagnation detected at generation 14227, restarting...
Stagnation detected at generation 14234, restarting...
Stagnation detected at generation 14241, restarting...
Stagnation detected at generation 14248, restarting...
Stagnation detected at generation 14255, restarting...
Stagnation detected at generation 14262, restarting...
Stagnation detected at generation 14269, restarting...
Stagnation detected at generation 14276, restarting...
Stagnation detected at generation 14283, restarting...
Stagnation detected at generation 14290, restarting...
Stagnation detected at generation 14297, restarting...
Stagnation detected at generation 14304, restarting...
Stagnation detected at generation 14311, restarting...
Stagnation detected at generation 14318, restarting...
Stagnation detected at generation 14325, restarting...
Stagnation detected at generation 14332, restarting...
Stagnation detected at generation 14339, restarting...
Stagnation detected at generation 14346, restarting...
Stagnation detected at generation 14353, restarting...
Stagnation detected at generation 14360, restarting...
Stagnation detected at generation 14367, restarting...
Stagnation detected at generation 14374, restarting...
Stagnation detected at generation 14381, restarting...
Stagnation detected at generation 14388, restarting...
Stagnation detected at generation 14395, restarting...
Stagnation detected at generation 14402, restarting...
Stagnation detected at generation 14409, restarting...
Stagnation detected at generation 14416, restarting...
Stagnation detected at generation 14423, restarting...
Stagnation detected at generation 14430, restarting...
Stagnation detected at generation 14437, restarting...
Stagnation detected at generation 14444, restarting...
Stagnation detected at generation 14451, restarting...
Stagnation detected at generation 14458, restarting...
Stagnation detected at generation 14465, restarting...
Stagnation detected at generation 14472, restarting...
Stagnation detected at generation 14479, restarting...
Stagnation detected at generation 14486, restarting...
Stagnation detected at generation 14493, restarting...
Stagnation detected at generation 14500, restarting...
Stagnation detected at generation 14507, restarting...
Stagnation detected at generation 14514, restarting...
Stagnation detected at generation 14521, restarting...
Stagnation detected at generation 14528, restarting...
Stagnation detected at generation 14535, restarting...
Stagnation detected at generation 14542, restarting...
Stagnation detected at generation 14549, restarting...
Stagnation detected at generation 14556, restarting...
Stagnation detected at generation 14563, restarting...
Stagnation detected at generation 14570, restarting...
Stagnation detected at generation 14577, restarting...
Stagnation detected at generation 14584, restarting...
Stagnation detected at generation 14591, restarting...
Stagnation detected at generation 14598, restarting...
Stagnation detected at generation 14605, restarting...
Stagnation detected at generation 14612, restarting...
Stagnation detected at generation 14619, restarting...
Stagnation detected at generation 14626, restarting...
Stagnation detected at generation 14633, restarting...
Stagnation detected at generation 14640, restarting...
Stagnation detected at generation 14647, restarting...
Stagnation detected at generation 14654, restarting...
Stagnation detected at generation 14661, restarting...
Stagnation detected at generation 14668, restarting...
Stagnation detected at generation 14675, restarting...
Stagnation detected at generation 14682, restarting...
Stagnation detected at generation 14689, restarting...
Stagnation detected at generation 14696, restarting...
Stagnation detected at generation 14703, restarting...
Stagnation detected at generation 14710, restarting...
Stagnation detected at generation 14717, restarting...
Stagnation detected at generation 14724, restarting...
Stagnation detected at generation 14731, restarting...
Stagnation detected at generation 14738, restarting...
Stagnation detected at generation 14745, restarting...
Stagnation detected at generation 14752, restarting...
Stagnation detected at generation 14759, restarting...
Stagnation detected at generation 14766, restarting...
Stagnation detected at generation 14773, restarting...
Stagnation detected at generation 14780, restarting...
Stagnation detected at generation 14787, restarting...
Stagnation detected at generation 14794, restarting...
Stagnation detected at generation 14801, restarting...
Stagnation detected at generation 14808, restarting...
Stagnation detected at generation 14815, restarting...
Stagnation detected at generation 14822, restarting...
Stagnation detected at generation 14829, restarting...
Stagnation detected at generation 14836, restarting...
Stagnation detected at generation 14843, restarting...
Stagnation detected at generation 14850, restarting...
Stagnation detected at generation 14857, restarting...
Stagnation detected at generation 14864, restarting...
Stagnation detected at generation 14871, restarting...
Stagnation detected at generation 14878, restarting...
Stagnation detected at generation 14885, restarting...
Stagnation detected at generation 14892, restarting...
Stagnation detected at generation 14899, restarting...
Stagnation detected at generation 14906, restarting...
Stagnation detected at generation 14913, restarting...
Stagnation detected at generation 14920, restarting...
Stagnation detected at generation 14927, restarting...
Stagnation detected at generation 14934, restarting...
Stagnation detected at generation 14941, restarting...
Stagnation detected at generation 14948, restarting...
Stagnation detected at generation 14955, restarting...
Stagnation detected at generation 14962, restarting...
Stagnation detected at generation 14969, restarting...
Stagnation detected at generation 14976, restarting...
Stagnation detected at generation 14983, restarting...
Stagnation detected at generation 14990, restarting...
Stagnation detected at generation 14997, restarting...
Run 1/1 completed in 3204.86 seconds
Correctness and error status saved to /home/sagemaker-user/ShinkaEvolve/results/benchmark/qwen/1/circle_packing_square_32/gen_81/results/correct.json
Metrics saved to /home/sagemaker-user/ShinkaEvolve/results/benchmark/qwen/1/circle_packing_square_32/gen_81/results/metrics.json
Evaluation or Validation failed: Validation failed: Circles 0 and 11 overlap: dist=0.1977972413065708, r1+r2=0.39840230628254747
