/home/sagemaker-user/ShinkaEvolve
Launching evaluation of function:
_target_: problems.alphaevolve_math_problems.packing_problems.circle_packing_square.32.evaluate.main
program_path: /home/sagemaker-user/ShinkaEvolve/results/benchmark/qwen/1/circle_packing_square_32/gen_67/main.py
results_dir: /home/sagemaker-user/ShinkaEvolve/results/benchmark/qwen/1/circle_packing_square_32/gen_67/results

Evaluating program: /home/sagemaker-user/ShinkaEvolve/results/benchmark/qwen/1/circle_packing_square_32/gen_67/main.py
Saving results to: /home/sagemaker-user/ShinkaEvolve/results/benchmark/qwen/1/circle_packing_square_32/gen_67/results
Generation 0: Best fitness = 1.627365
Stagnation detected at generation 4, restarting...
Stagnation detected at generation 8, restarting...
Stagnation detected at generation 12, restarting...
Stagnation detected at generation 16, restarting...
Stagnation detected at generation 20, restarting...
Stagnation detected at generation 24, restarting...
Stagnation detected at generation 28, restarting...
Stagnation detected at generation 32, restarting...
Stagnation detected at generation 36, restarting...
Stagnation detected at generation 40, restarting...
Stagnation detected at generation 44, restarting...
Stagnation detected at generation 48, restarting...
Stagnation detected at generation 52, restarting...
Stagnation detected at generation 56, restarting...
Stagnation detected at generation 60, restarting...
Stagnation detected at generation 64, restarting...
Stagnation detected at generation 68, restarting...
Stagnation detected at generation 72, restarting...
Stagnation detected at generation 76, restarting...
Stagnation detected at generation 80, restarting...
Stagnation detected at generation 84, restarting...
Stagnation detected at generation 88, restarting...
Stagnation detected at generation 92, restarting...
Stagnation detected at generation 96, restarting...
Stagnation detected at generation 100, restarting...
Stagnation detected at generation 104, restarting...
Stagnation detected at generation 108, restarting...
Stagnation detected at generation 112, restarting...
Stagnation detected at generation 116, restarting...
Stagnation detected at generation 120, restarting...
Stagnation detected at generation 124, restarting...
Stagnation detected at generation 128, restarting...
Stagnation detected at generation 132, restarting...
Stagnation detected at generation 136, restarting...
Stagnation detected at generation 140, restarting...
Stagnation detected at generation 144, restarting...
Stagnation detected at generation 148, restarting...
Stagnation detected at generation 152, restarting...
Stagnation detected at generation 156, restarting...
Stagnation detected at generation 160, restarting...
Stagnation detected at generation 164, restarting...
Stagnation detected at generation 168, restarting...
Stagnation detected at generation 173, restarting...
Stagnation detected at generation 177, restarting...
Stagnation detected at generation 181, restarting...
Stagnation detected at generation 185, restarting...
Stagnation detected at generation 189, restarting...
Stagnation detected at generation 193, restarting...
Stagnation detected at generation 197, restarting...
Stagnation detected at generation 201, restarting...
Stagnation detected at generation 205, restarting...
Stagnation detected at generation 209, restarting...
Stagnation detected at generation 213, restarting...
Stagnation detected at generation 217, restarting...
Stagnation detected at generation 221, restarting...
Stagnation detected at generation 225, restarting...
Stagnation detected at generation 229, restarting...
Stagnation detected at generation 233, restarting...
Stagnation detected at generation 237, restarting...
Stagnation detected at generation 241, restarting...
Stagnation detected at generation 245, restarting...
Stagnation detected at generation 249, restarting...
Stagnation detected at generation 253, restarting...
Stagnation detected at generation 257, restarting...
Stagnation detected at generation 261, restarting...
Stagnation detected at generation 265, restarting...
Stagnation detected at generation 269, restarting...
Stagnation detected at generation 274, restarting...
Stagnation detected at generation 278, restarting...
Stagnation detected at generation 282, restarting...
Stagnation detected at generation 286, restarting...
Stagnation detected at generation 290, restarting...
Stagnation detected at generation 294, restarting...
Stagnation detected at generation 298, restarting...
Stagnation detected at generation 302, restarting...
Stagnation detected at generation 306, restarting...
Stagnation detected at generation 310, restarting...
Stagnation detected at generation 314, restarting...
Stagnation detected at generation 318, restarting...
Stagnation detected at generation 322, restarting...
Stagnation detected at generation 326, restarting...
Stagnation detected at generation 330, restarting...
Stagnation detected at generation 334, restarting...
Stagnation detected at generation 338, restarting...
Stagnation detected at generation 342, restarting...
Stagnation detected at generation 346, restarting...
Stagnation detected at generation 350, restarting...
Stagnation detected at generation 354, restarting...
Stagnation detected at generation 358, restarting...
Stagnation detected at generation 362, restarting...
Stagnation detected at generation 366, restarting...
Stagnation detected at generation 370, restarting...
Stagnation detected at generation 374, restarting...
Stagnation detected at generation 378, restarting...
Stagnation detected at generation 382, restarting...
Stagnation detected at generation 386, restarting...
Stagnation detected at generation 390, restarting...
Stagnation detected at generation 394, restarting...
Stagnation detected at generation 398, restarting...
Stagnation detected at generation 402, restarting...
Stagnation detected at generation 406, restarting...
Stagnation detected at generation 410, restarting...
Stagnation detected at generation 414, restarting...
Stagnation detected at generation 418, restarting...
Stagnation detected at generation 422, restarting...
Stagnation detected at generation 426, restarting...
Stagnation detected at generation 430, restarting...
Stagnation detected at generation 434, restarting...
Stagnation detected at generation 438, restarting...
Stagnation detected at generation 442, restarting...
Stagnation detected at generation 446, restarting...
Stagnation detected at generation 450, restarting...
Stagnation detected at generation 454, restarting...
Stagnation detected at generation 458, restarting...
Stagnation detected at generation 462, restarting...
Stagnation detected at generation 466, restarting...
Stagnation detected at generation 470, restarting...
Stagnation detected at generation 474, restarting...
Stagnation detected at generation 478, restarting...
Stagnation detected at generation 482, restarting...
Stagnation detected at generation 486, restarting...
Stagnation detected at generation 490, restarting...
Stagnation detected at generation 494, restarting...
Stagnation detected at generation 498, restarting...
Stagnation detected at generation 502, restarting...
Stagnation detected at generation 506, restarting...
Stagnation detected at generation 510, restarting...
Stagnation detected at generation 514, restarting...
Stagnation detected at generation 518, restarting...
Stagnation detected at generation 522, restarting...
Stagnation detected at generation 526, restarting...
Stagnation detected at generation 530, restarting...
Stagnation detected at generation 534, restarting...
Stagnation detected at generation 538, restarting...
Stagnation detected at generation 542, restarting...
Stagnation detected at generation 546, restarting...
Stagnation detected at generation 550, restarting...
Stagnation detected at generation 554, restarting...
Stagnation detected at generation 558, restarting...
Stagnation detected at generation 562, restarting...
Stagnation detected at generation 566, restarting...
Stagnation detected at generation 570, restarting...
Stagnation detected at generation 574, restarting...
Stagnation detected at generation 578, restarting...
Stagnation detected at generation 582, restarting...
Stagnation detected at generation 586, restarting...
Stagnation detected at generation 590, restarting...
Stagnation detected at generation 594, restarting...
Stagnation detected at generation 598, restarting...
Stagnation detected at generation 602, restarting...
Stagnation detected at generation 606, restarting...
Stagnation detected at generation 610, restarting...
Stagnation detected at generation 614, restarting...
Stagnation detected at generation 618, restarting...
Stagnation detected at generation 622, restarting...
Stagnation detected at generation 626, restarting...
Stagnation detected at generation 630, restarting...
Stagnation detected at generation 634, restarting...
Stagnation detected at generation 638, restarting...
Stagnation detected at generation 642, restarting...
Stagnation detected at generation 646, restarting...
Stagnation detected at generation 650, restarting...
Stagnation detected at generation 654, restarting...
Stagnation detected at generation 658, restarting...
Stagnation detected at generation 662, restarting...
Stagnation detected at generation 666, restarting...
Stagnation detected at generation 670, restarting...
Stagnation detected at generation 674, restarting...
Stagnation detected at generation 678, restarting...
Stagnation detected at generation 682, restarting...
Stagnation detected at generation 686, restarting...
Stagnation detected at generation 690, restarting...
Stagnation detected at generation 694, restarting...
Stagnation detected at generation 698, restarting...
Stagnation detected at generation 702, restarting...
Stagnation detected at generation 706, restarting...
Stagnation detected at generation 710, restarting...
Stagnation detected at generation 714, restarting...
Stagnation detected at generation 718, restarting...
Stagnation detected at generation 722, restarting...
Stagnation detected at generation 726, restarting...
Stagnation detected at generation 730, restarting...
Stagnation detected at generation 734, restarting...
Stagnation detected at generation 738, restarting...
Stagnation detected at generation 742, restarting...
Stagnation detected at generation 746, restarting...
Stagnation detected at generation 750, restarting...
Stagnation detected at generation 754, restarting...
Stagnation detected at generation 758, restarting...
Stagnation detected at generation 762, restarting...
Stagnation detected at generation 766, restarting...
Stagnation detected at generation 770, restarting...
Stagnation detected at generation 774, restarting...
Stagnation detected at generation 778, restarting...
Stagnation detected at generation 782, restarting...
Stagnation detected at generation 786, restarting...
Stagnation detected at generation 790, restarting...
Stagnation detected at generation 794, restarting...
Stagnation detected at generation 798, restarting...
Stagnation detected at generation 802, restarting...
Stagnation detected at generation 806, restarting...
Stagnation detected at generation 810, restarting...
Stagnation detected at generation 814, restarting...
Stagnation detected at generation 820, restarting...
Stagnation detected at generation 824, restarting...
Stagnation detected at generation 828, restarting...
Stagnation detected at generation 832, restarting...
Stagnation detected at generation 836, restarting...
Stagnation detected at generation 840, restarting...
Stagnation detected at generation 844, restarting...
Stagnation detected at generation 848, restarting...
Stagnation detected at generation 852, restarting...
Stagnation detected at generation 856, restarting...
Stagnation detected at generation 860, restarting...
Stagnation detected at generation 864, restarting...
Stagnation detected at generation 868, restarting...
Stagnation detected at generation 872, restarting...
Stagnation detected at generation 876, restarting...
Stagnation detected at generation 880, restarting...
Stagnation detected at generation 884, restarting...
Stagnation detected at generation 888, restarting...
Stagnation detected at generation 892, restarting...
Stagnation detected at generation 896, restarting...
Stagnation detected at generation 900, restarting...
Stagnation detected at generation 904, restarting...
Stagnation detected at generation 908, restarting...
Stagnation detected at generation 912, restarting...
Stagnation detected at generation 916, restarting...
Stagnation detected at generation 920, restarting...
Stagnation detected at generation 924, restarting...
Stagnation detected at generation 928, restarting...
Stagnation detected at generation 932, restarting...
Stagnation detected at generation 936, restarting...
Stagnation detected at generation 940, restarting...
Stagnation detected at generation 944, restarting...
Stagnation detected at generation 948, restarting...
Stagnation detected at generation 952, restarting...
Stagnation detected at generation 956, restarting...
Stagnation detected at generation 960, restarting...
Stagnation detected at generation 964, restarting...
Stagnation detected at generation 968, restarting...
Stagnation detected at generation 972, restarting...
Stagnation detected at generation 976, restarting...
Stagnation detected at generation 980, restarting...
Stagnation detected at generation 984, restarting...
Stagnation detected at generation 988, restarting...
Stagnation detected at generation 992, restarting...
Stagnation detected at generation 996, restarting...
Stagnation detected at generation 1000, restarting...
Stagnation detected at generation 1004, restarting...
Stagnation detected at generation 1008, restarting...
Stagnation detected at generation 1012, restarting...
Stagnation detected at generation 1016, restarting...
Stagnation detected at generation 1020, restarting...
Stagnation detected at generation 1024, restarting...
Stagnation detected at generation 1028, restarting...
Stagnation detected at generation 1032, restarting...
Stagnation detected at generation 1036, restarting...
Stagnation detected at generation 1040, restarting...
Stagnation detected at generation 1044, restarting...
Stagnation detected at generation 1048, restarting...
Stagnation detected at generation 1052, restarting...
Stagnation detected at generation 1056, restarting...
Stagnation detected at generation 1060, restarting...
Stagnation detected at generation 1064, restarting...
Stagnation detected at generation 1068, restarting...
Stagnation detected at generation 1072, restarting...
Stagnation detected at generation 1076, restarting...
Stagnation detected at generation 1080, restarting...
Stagnation detected at generation 1084, restarting...
Stagnation detected at generation 1089, restarting...
Stagnation detected at generation 1093, restarting...
Stagnation detected at generation 1097, restarting...
Stagnation detected at generation 1101, restarting...
Stagnation detected at generation 1105, restarting...
Stagnation detected at generation 1109, restarting...
Stagnation detected at generation 1113, restarting...
Stagnation detected at generation 1117, restarting...
Stagnation detected at generation 1121, restarting...
Stagnation detected at generation 1125, restarting...
Stagnation detected at generation 1129, restarting...
Stagnation detected at generation 1133, restarting...
Stagnation detected at generation 1137, restarting...
Stagnation detected at generation 1141, restarting...
Stagnation detected at generation 1145, restarting...
Stagnation detected at generation 1149, restarting...
Stagnation detected at generation 1153, restarting...
Stagnation detected at generation 1157, restarting...
Stagnation detected at generation 1161, restarting...
Stagnation detected at generation 1165, restarting...
Stagnation detected at generation 1169, restarting...
Stagnation detected at generation 1173, restarting...
Stagnation detected at generation 1177, restarting...
Stagnation detected at generation 1181, restarting...
Stagnation detected at generation 1185, restarting...
Stagnation detected at generation 1189, restarting...
Stagnation detected at generation 1193, restarting...
Stagnation detected at generation 1197, restarting...
Stagnation detected at generation 1201, restarting...
Stagnation detected at generation 1205, restarting...
Stagnation detected at generation 1209, restarting...
Stagnation detected at generation 1213, restarting...
Stagnation detected at generation 1217, restarting...
Stagnation detected at generation 1221, restarting...
Stagnation detected at generation 1225, restarting...
Stagnation detected at generation 1229, restarting...
Stagnation detected at generation 1233, restarting...
Stagnation detected at generation 1237, restarting...
Stagnation detected at generation 1241, restarting...
Stagnation detected at generation 1245, restarting...
Stagnation detected at generation 1249, restarting...
Stagnation detected at generation 1253, restarting...
Stagnation detected at generation 1257, restarting...
Stagnation detected at generation 1262, restarting...
Stagnation detected at generation 1266, restarting...
Stagnation detected at generation 1270, restarting...
Stagnation detected at generation 1274, restarting...
Stagnation detected at generation 1278, restarting...
Stagnation detected at generation 1282, restarting...
Stagnation detected at generation 1286, restarting...
Stagnation detected at generation 1290, restarting...
Stagnation detected at generation 1294, restarting...
Stagnation detected at generation 1298, restarting...
Stagnation detected at generation 1302, restarting...
Stagnation detected at generation 1306, restarting...
Stagnation detected at generation 1310, restarting...
Stagnation detected at generation 1314, restarting...
Stagnation detected at generation 1318, restarting...
Stagnation detected at generation 1322, restarting...
Stagnation detected at generation 1326, restarting...
Stagnation detected at generation 1330, restarting...
Stagnation detected at generation 1334, restarting...
Stagnation detected at generation 1338, restarting...
Stagnation detected at generation 1342, restarting...
Stagnation detected at generation 1346, restarting...
Stagnation detected at generation 1350, restarting...
Stagnation detected at generation 1354, restarting...
Stagnation detected at generation 1358, restarting...
Stagnation detected at generation 1362, restarting...
Stagnation detected at generation 1366, restarting...
Stagnation detected at generation 1370, restarting...
Stagnation detected at generation 1374, restarting...
Stagnation detected at generation 1378, restarting...
Stagnation detected at generation 1382, restarting...
Stagnation detected at generation 1386, restarting...
Stagnation detected at generation 1390, restarting...
Stagnation detected at generation 1394, restarting...
Stagnation detected at generation 1398, restarting...
Stagnation detected at generation 1402, restarting...
Stagnation detected at generation 1406, restarting...
Stagnation detected at generation 1410, restarting...
Stagnation detected at generation 1414, restarting...
Stagnation detected at generation 1418, restarting...
Stagnation detected at generation 1422, restarting...
Stagnation detected at generation 1426, restarting...
Stagnation detected at generation 1430, restarting...
Stagnation detected at generation 1434, restarting...
Stagnation detected at generation 1438, restarting...
Stagnation detected at generation 1442, restarting...
Stagnation detected at generation 1446, restarting...
Stagnation detected at generation 1450, restarting...
Stagnation detected at generation 1454, restarting...
Stagnation detected at generation 1458, restarting...
Stagnation detected at generation 1462, restarting...
Stagnation detected at generation 1466, restarting...
Stagnation detected at generation 1470, restarting...
Stagnation detected at generation 1474, restarting...
Stagnation detected at generation 1478, restarting...
Stagnation detected at generation 1482, restarting...
Stagnation detected at generation 1486, restarting...
Stagnation detected at generation 1490, restarting...
Stagnation detected at generation 1494, restarting...
Stagnation detected at generation 1498, restarting...
Stagnation detected at generation 1502, restarting...
Stagnation detected at generation 1506, restarting...
Stagnation detected at generation 1510, restarting...
Stagnation detected at generation 1514, restarting...
Stagnation detected at generation 1518, restarting...
Stagnation detected at generation 1522, restarting...
Stagnation detected at generation 1526, restarting...
Stagnation detected at generation 1530, restarting...
Stagnation detected at generation 1534, restarting...
Stagnation detected at generation 1538, restarting...
Stagnation detected at generation 1542, restarting...
Stagnation detected at generation 1546, restarting...
Stagnation detected at generation 1550, restarting...
Stagnation detected at generation 1554, restarting...
Stagnation detected at generation 1558, restarting...
Stagnation detected at generation 1562, restarting...
Stagnation detected at generation 1566, restarting...
Stagnation detected at generation 1570, restarting...
Stagnation detected at generation 1574, restarting...
Stagnation detected at generation 1578, restarting...
Stagnation detected at generation 1582, restarting...
Stagnation detected at generation 1586, restarting...
Stagnation detected at generation 1590, restarting...
Stagnation detected at generation 1594, restarting...
Stagnation detected at generation 1598, restarting...
Stagnation detected at generation 1602, restarting...
Stagnation detected at generation 1606, restarting...
Stagnation detected at generation 1610, restarting...
Stagnation detected at generation 1614, restarting...
Stagnation detected at generation 1618, restarting...
Stagnation detected at generation 1622, restarting...
Stagnation detected at generation 1626, restarting...
Stagnation detected at generation 1630, restarting...
Stagnation detected at generation 1634, restarting...
Stagnation detected at generation 1638, restarting...
Stagnation detected at generation 1642, restarting...
Stagnation detected at generation 1646, restarting...
Stagnation detected at generation 1650, restarting...
Stagnation detected at generation 1654, restarting...
Stagnation detected at generation 1658, restarting...
Stagnation detected at generation 1662, restarting...
Stagnation detected at generation 1666, restarting...
Stagnation detected at generation 1670, restarting...
Stagnation detected at generation 1674, restarting...
Stagnation detected at generation 1678, restarting...
Stagnation detected at generation 1682, restarting...
Stagnation detected at generation 1686, restarting...
Stagnation detected at generation 1690, restarting...
Stagnation detected at generation 1694, restarting...
Stagnation detected at generation 1698, restarting...
Stagnation detected at generation 1702, restarting...
Stagnation detected at generation 1706, restarting...
Stagnation detected at generation 1710, restarting...
Stagnation detected at generation 1714, restarting...
Stagnation detected at generation 1718, restarting...
Stagnation detected at generation 1722, restarting...
Stagnation detected at generation 1726, restarting...
Stagnation detected at generation 1730, restarting...
Stagnation detected at generation 1734, restarting...
Stagnation detected at generation 1738, restarting...
Stagnation detected at generation 1742, restarting...
Stagnation detected at generation 1746, restarting...
Stagnation detected at generation 1750, restarting...
Stagnation detected at generation 1754, restarting...
Stagnation detected at generation 1758, restarting...
Stagnation detected at generation 1762, restarting...
Stagnation detected at generation 1766, restarting...
Stagnation detected at generation 1770, restarting...
Stagnation detected at generation 1774, restarting...
Stagnation detected at generation 1778, restarting...
Stagnation detected at generation 1782, restarting...
Stagnation detected at generation 1786, restarting...
Stagnation detected at generation 1790, restarting...
Stagnation detected at generation 1794, restarting...
Stagnation detected at generation 1798, restarting...
Stagnation detected at generation 1802, restarting...
Stagnation detected at generation 1806, restarting...
Stagnation detected at generation 1810, restarting...
Stagnation detected at generation 1814, restarting...
Stagnation detected at generation 1818, restarting...
Stagnation detected at generation 1822, restarting...
Stagnation detected at generation 1826, restarting...
Stagnation detected at generation 1830, restarting...
Stagnation detected at generation 1834, restarting...
Stagnation detected at generation 1838, restarting...
Stagnation detected at generation 1842, restarting...
Stagnation detected at generation 1846, restarting...
Stagnation detected at generation 1850, restarting...
Stagnation detected at generation 1854, restarting...
Stagnation detected at generation 1858, restarting...
Stagnation detected at generation 1862, restarting...
Stagnation detected at generation 1866, restarting...
Stagnation detected at generation 1870, restarting...
Stagnation detected at generation 1874, restarting...
Stagnation detected at generation 1878, restarting...
Stagnation detected at generation 1882, restarting...
Stagnation detected at generation 1886, restarting...
Stagnation detected at generation 1890, restarting...
Stagnation detected at generation 1894, restarting...
Stagnation detected at generation 1898, restarting...
Stagnation detected at generation 1902, restarting...
Stagnation detected at generation 1906, restarting...
Stagnation detected at generation 1910, restarting...
Stagnation detected at generation 1914, restarting...
Stagnation detected at generation 1918, restarting...
Stagnation detected at generation 1922, restarting...
Stagnation detected at generation 1926, restarting...
Stagnation detected at generation 1930, restarting...
Stagnation detected at generation 1934, restarting...
Stagnation detected at generation 1938, restarting...
Stagnation detected at generation 1942, restarting...
Stagnation detected at generation 1946, restarting...
Stagnation detected at generation 1950, restarting...
Stagnation detected at generation 1954, restarting...
Stagnation detected at generation 1958, restarting...
Stagnation detected at generation 1962, restarting...
Stagnation detected at generation 1966, restarting...
Stagnation detected at generation 1970, restarting...
Stagnation detected at generation 1974, restarting...
Stagnation detected at generation 1978, restarting...
Stagnation detected at generation 1982, restarting...
Stagnation detected at generation 1986, restarting...
Stagnation detected at generation 1990, restarting...
Stagnation detected at generation 1994, restarting...
Stagnation detected at generation 1998, restarting...
Generation 2000: Best fitness = 1.769806
Stagnation detected at generation 2002, restarting...
Stagnation detected at generation 2006, restarting...
Stagnation detected at generation 2010, restarting...
Stagnation detected at generation 2014, restarting...
Stagnation detected at generation 2018, restarting...
Stagnation detected at generation 2022, restarting...
Stagnation detected at generation 2026, restarting...
Stagnation detected at generation 2030, restarting...
Stagnation detected at generation 2034, restarting...
Stagnation detected at generation 2038, restarting...
Stagnation detected at generation 2042, restarting...
Stagnation detected at generation 2046, restarting...
Stagnation detected at generation 2050, restarting...
Stagnation detected at generation 2054, restarting...
Stagnation detected at generation 2058, restarting...
Stagnation detected at generation 2062, restarting...
Stagnation detected at generation 2066, restarting...
Stagnation detected at generation 2070, restarting...
Stagnation detected at generation 2074, restarting...
Stagnation detected at generation 2078, restarting...
Stagnation detected at generation 2082, restarting...
Stagnation detected at generation 2086, restarting...
Stagnation detected at generation 2090, restarting...
Stagnation detected at generation 2094, restarting...
Stagnation detected at generation 2098, restarting...
Stagnation detected at generation 2102, restarting...
Stagnation detected at generation 2106, restarting...
Stagnation detected at generation 2110, restarting...
Stagnation detected at generation 2114, restarting...
Stagnation detected at generation 2118, restarting...
Stagnation detected at generation 2122, restarting...
Stagnation detected at generation 2126, restarting...
Stagnation detected at generation 2130, restarting...
Stagnation detected at generation 2134, restarting...
Stagnation detected at generation 2138, restarting...
Stagnation detected at generation 2142, restarting...
Stagnation detected at generation 2146, restarting...
Stagnation detected at generation 2150, restarting...
Stagnation detected at generation 2154, restarting...
Stagnation detected at generation 2158, restarting...
Stagnation detected at generation 2162, restarting...
Stagnation detected at generation 2166, restarting...
Stagnation detected at generation 2170, restarting...
Stagnation detected at generation 2174, restarting...
Stagnation detected at generation 2178, restarting...
Stagnation detected at generation 2182, restarting...
Stagnation detected at generation 2186, restarting...
Stagnation detected at generation 2190, restarting...
Stagnation detected at generation 2194, restarting...
Stagnation detected at generation 2198, restarting...
Stagnation detected at generation 2202, restarting...
Stagnation detected at generation 2206, restarting...
Stagnation detected at generation 2210, restarting...
Stagnation detected at generation 2214, restarting...
Stagnation detected at generation 2218, restarting...
Stagnation detected at generation 2222, restarting...
Stagnation detected at generation 2226, restarting...
Stagnation detected at generation 2230, restarting...
Stagnation detected at generation 2234, restarting...
Stagnation detected at generation 2238, restarting...
Stagnation detected at generation 2242, restarting...
Stagnation detected at generation 2246, restarting...
Stagnation detected at generation 2250, restarting...
Stagnation detected at generation 2254, restarting...
Stagnation detected at generation 2258, restarting...
Stagnation detected at generation 2262, restarting...
Stagnation detected at generation 2266, restarting...
Stagnation detected at generation 2270, restarting...
Stagnation detected at generation 2274, restarting...
Stagnation detected at generation 2278, restarting...
Stagnation detected at generation 2282, restarting...
Stagnation detected at generation 2286, restarting...
Stagnation detected at generation 2290, restarting...
Stagnation detected at generation 2294, restarting...
Stagnation detected at generation 2298, restarting...
Stagnation detected at generation 2302, restarting...
Stagnation detected at generation 2306, restarting...
Stagnation detected at generation 2310, restarting...
Stagnation detected at generation 2314, restarting...
Stagnation detected at generation 2318, restarting...
Stagnation detected at generation 2322, restarting...
Stagnation detected at generation 2326, restarting...
Stagnation detected at generation 2330, restarting...
Stagnation detected at generation 2334, restarting...
Stagnation detected at generation 2338, restarting...
Stagnation detected at generation 2342, restarting...
Stagnation detected at generation 2346, restarting...
Stagnation detected at generation 2350, restarting...
Stagnation detected at generation 2354, restarting...
Stagnation detected at generation 2358, restarting...
Stagnation detected at generation 2362, restarting...
Stagnation detected at generation 2366, restarting...
Stagnation detected at generation 2370, restarting...
Stagnation detected at generation 2374, restarting...
Stagnation detected at generation 2378, restarting...
Stagnation detected at generation 2382, restarting...
Stagnation detected at generation 2386, restarting...
Stagnation detected at generation 2390, restarting...
Stagnation detected at generation 2394, restarting...
Stagnation detected at generation 2398, restarting...
Stagnation detected at generation 2402, restarting...
Stagnation detected at generation 2406, restarting...
Stagnation detected at generation 2410, restarting...
Stagnation detected at generation 2414, restarting...
Stagnation detected at generation 2418, restarting...
Stagnation detected at generation 2422, restarting...
Stagnation detected at generation 2426, restarting...
Stagnation detected at generation 2430, restarting...
Stagnation detected at generation 2434, restarting...
Stagnation detected at generation 2438, restarting...
Stagnation detected at generation 2442, restarting...
Stagnation detected at generation 2446, restarting...
Stagnation detected at generation 2450, restarting...
Stagnation detected at generation 2454, restarting...
Stagnation detected at generation 2458, restarting...
Stagnation detected at generation 2462, restarting...
Stagnation detected at generation 2466, restarting...
Stagnation detected at generation 2470, restarting...
Stagnation detected at generation 2474, restarting...
Stagnation detected at generation 2478, restarting...
Stagnation detected at generation 2482, restarting...
Stagnation detected at generation 2486, restarting...
Stagnation detected at generation 2490, restarting...
Stagnation detected at generation 2494, restarting...
Stagnation detected at generation 2498, restarting...
Stagnation detected at generation 2502, restarting...
Stagnation detected at generation 2506, restarting...
Stagnation detected at generation 2510, restarting...
Stagnation detected at generation 2514, restarting...
Stagnation detected at generation 2518, restarting...
Stagnation detected at generation 2522, restarting...
Stagnation detected at generation 2526, restarting...
Stagnation detected at generation 2530, restarting...
Stagnation detected at generation 2534, restarting...
Stagnation detected at generation 2538, restarting...
Stagnation detected at generation 2542, restarting...
Stagnation detected at generation 2546, restarting...
Stagnation detected at generation 2550, restarting...
Stagnation detected at generation 2554, restarting...
Stagnation detected at generation 2558, restarting...
Stagnation detected at generation 2562, restarting...
Stagnation detected at generation 2566, restarting...
Stagnation detected at generation 2570, restarting...
Stagnation detected at generation 2574, restarting...
Stagnation detected at generation 2578, restarting...
Stagnation detected at generation 2582, restarting...
Stagnation detected at generation 2586, restarting...
Stagnation detected at generation 2590, restarting...
Stagnation detected at generation 2594, restarting...
Stagnation detected at generation 2598, restarting...
Stagnation detected at generation 2602, restarting...
Stagnation detected at generation 2606, restarting...
Stagnation detected at generation 2610, restarting...
Stagnation detected at generation 2614, restarting...
Stagnation detected at generation 2618, restarting...
Stagnation detected at generation 2622, restarting...
Stagnation detected at generation 2626, restarting...
Stagnation detected at generation 2630, restarting...
Stagnation detected at generation 2634, restarting...
Stagnation detected at generation 2638, restarting...
Stagnation detected at generation 2642, restarting...
Stagnation detected at generation 2646, restarting...
Stagnation detected at generation 2650, restarting...
Stagnation detected at generation 2654, restarting...
Stagnation detected at generation 2658, restarting...
Stagnation detected at generation 2662, restarting...
Stagnation detected at generation 2666, restarting...
Stagnation detected at generation 2670, restarting...
Stagnation detected at generation 2674, restarting...
Stagnation detected at generation 2678, restarting...
Stagnation detected at generation 2682, restarting...
Stagnation detected at generation 2686, restarting...
Stagnation detected at generation 2690, restarting...
Stagnation detected at generation 2694, restarting...
Stagnation detected at generation 2698, restarting...
Stagnation detected at generation 2702, restarting...
Stagnation detected at generation 2706, restarting...
Stagnation detected at generation 2710, restarting...
Stagnation detected at generation 2714, restarting...
Stagnation detected at generation 2718, restarting...
Stagnation detected at generation 2722, restarting...
Stagnation detected at generation 2726, restarting...
Stagnation detected at generation 2730, restarting...
Stagnation detected at generation 2734, restarting...
Stagnation detected at generation 2738, restarting...
Stagnation detected at generation 2742, restarting...
Stagnation detected at generation 2746, restarting...
Stagnation detected at generation 2750, restarting...
Stagnation detected at generation 2754, restarting...
Stagnation detected at generation 2758, restarting...
Stagnation detected at generation 2762, restarting...
Stagnation detected at generation 2766, restarting...
Stagnation detected at generation 2770, restarting...
Stagnation detected at generation 2774, restarting...
Stagnation detected at generation 2778, restarting...
Stagnation detected at generation 2782, restarting...
Stagnation detected at generation 2786, restarting...
Stagnation detected at generation 2790, restarting...
Stagnation detected at generation 2794, restarting...
Stagnation detected at generation 2798, restarting...
Stagnation detected at generation 2802, restarting...
Stagnation detected at generation 2806, restarting...
Stagnation detected at generation 2810, restarting...
Stagnation detected at generation 2814, restarting...
Stagnation detected at generation 2818, restarting...
Stagnation detected at generation 2822, restarting...
Stagnation detected at generation 2826, restarting...
Stagnation detected at generation 2830, restarting...
Stagnation detected at generation 2834, restarting...
Stagnation detected at generation 2838, restarting...
Stagnation detected at generation 2842, restarting...
Stagnation detected at generation 2846, restarting...
Stagnation detected at generation 2850, restarting...
Stagnation detected at generation 2854, restarting...
Stagnation detected at generation 2858, restarting...
Stagnation detected at generation 2862, restarting...
Stagnation detected at generation 2866, restarting...
Stagnation detected at generation 2870, restarting...
Stagnation detected at generation 2874, restarting...
Stagnation detected at generation 2878, restarting...
Stagnation detected at generation 2882, restarting...
Stagnation detected at generation 2886, restarting...
Stagnation detected at generation 2890, restarting...
Stagnation detected at generation 2894, restarting...
Stagnation detected at generation 2898, restarting...
Stagnation detected at generation 2902, restarting...
Stagnation detected at generation 2906, restarting...
Stagnation detected at generation 2910, restarting...
Stagnation detected at generation 2914, restarting...
Stagnation detected at generation 2918, restarting...
Stagnation detected at generation 2922, restarting...
Stagnation detected at generation 2926, restarting...
Stagnation detected at generation 2930, restarting...
Stagnation detected at generation 2934, restarting...
Stagnation detected at generation 2938, restarting...
Stagnation detected at generation 2942, restarting...
Stagnation detected at generation 2946, restarting...
Stagnation detected at generation 2950, restarting...
Stagnation detected at generation 2954, restarting...
Stagnation detected at generation 2958, restarting...
Stagnation detected at generation 2962, restarting...
Stagnation detected at generation 2966, restarting...
Stagnation detected at generation 2970, restarting...
Stagnation detected at generation 2974, restarting...
Stagnation detected at generation 2978, restarting...
Stagnation detected at generation 2982, restarting...
Stagnation detected at generation 2986, restarting...
Stagnation detected at generation 2990, restarting...
Stagnation detected at generation 2994, restarting...
Stagnation detected at generation 2998, restarting...
Generation 3000: Best fitness = 1.769806
Stagnation detected at generation 3002, restarting...
Stagnation detected at generation 3006, restarting...
Stagnation detected at generation 3010, restarting...
Stagnation detected at generation 3014, restarting...
Stagnation detected at generation 3018, restarting...
Stagnation detected at generation 3022, restarting...
Stagnation detected at generation 3026, restarting...
Stagnation detected at generation 3030, restarting...
Stagnation detected at generation 3034, restarting...
Stagnation detected at generation 3038, restarting...
Stagnation detected at generation 3042, restarting...
Stagnation detected at generation 3046, restarting...
Stagnation detected at generation 3050, restarting...
Stagnation detected at generation 3054, restarting...
Stagnation detected at generation 3058, restarting...
Stagnation detected at generation 3062, restarting...
Stagnation detected at generation 3066, restarting...
Stagnation detected at generation 3070, restarting...
Stagnation detected at generation 3074, restarting...
Stagnation detected at generation 3078, restarting...
Stagnation detected at generation 3082, restarting...
Stagnation detected at generation 3086, restarting...
Stagnation detected at generation 3090, restarting...
Stagnation detected at generation 3094, restarting...
Stagnation detected at generation 3098, restarting...
Stagnation detected at generation 3102, restarting...
Stagnation detected at generation 3106, restarting...
Stagnation detected at generation 3110, restarting...
Stagnation detected at generation 3114, restarting...
Stagnation detected at generation 3118, restarting...
Stagnation detected at generation 3122, restarting...
Stagnation detected at generation 3126, restarting...
Stagnation detected at generation 3130, restarting...
Stagnation detected at generation 3134, restarting...
Stagnation detected at generation 3138, restarting...
Stagnation detected at generation 3142, restarting...
Stagnation detected at generation 3146, restarting...
Stagnation detected at generation 3150, restarting...
Stagnation detected at generation 3154, restarting...
Stagnation detected at generation 3158, restarting...
Stagnation detected at generation 3162, restarting...
Stagnation detected at generation 3166, restarting...
Stagnation detected at generation 3170, restarting...
Stagnation detected at generation 3174, restarting...
Stagnation detected at generation 3178, restarting...
Stagnation detected at generation 3182, restarting...
Stagnation detected at generation 3186, restarting...
Stagnation detected at generation 3190, restarting...
Stagnation detected at generation 3194, restarting...
Stagnation detected at generation 3198, restarting...
Stagnation detected at generation 3202, restarting...
Stagnation detected at generation 3206, restarting...
Stagnation detected at generation 3210, restarting...
Stagnation detected at generation 3214, restarting...
Stagnation detected at generation 3218, restarting...
Stagnation detected at generation 3222, restarting...
Stagnation detected at generation 3226, restarting...
Stagnation detected at generation 3230, restarting...
Stagnation detected at generation 3234, restarting...
Stagnation detected at generation 3238, restarting...
Stagnation detected at generation 3242, restarting...
Stagnation detected at generation 3246, restarting...
Stagnation detected at generation 3250, restarting...
Stagnation detected at generation 3254, restarting...
Stagnation detected at generation 3258, restarting...
Stagnation detected at generation 3262, restarting...
Stagnation detected at generation 3266, restarting...
Stagnation detected at generation 3270, restarting...
Stagnation detected at generation 3274, restarting...
Stagnation detected at generation 3278, restarting...
Stagnation detected at generation 3282, restarting...
Stagnation detected at generation 3286, restarting...
Stagnation detected at generation 3290, restarting...
Stagnation detected at generation 3294, restarting...
Stagnation detected at generation 3298, restarting...
Stagnation detected at generation 3302, restarting...
Stagnation detected at generation 3306, restarting...
Stagnation detected at generation 3310, restarting...
Stagnation detected at generation 3314, restarting...
Stagnation detected at generation 3318, restarting...
Stagnation detected at generation 3322, restarting...
Stagnation detected at generation 3326, restarting...
Stagnation detected at generation 3330, restarting...
Stagnation detected at generation 3334, restarting...
Stagnation detected at generation 3338, restarting...
Stagnation detected at generation 3342, restarting...
Stagnation detected at generation 3346, restarting...
Stagnation detected at generation 3350, restarting...
Stagnation detected at generation 3354, restarting...
Stagnation detected at generation 3358, restarting...
Stagnation detected at generation 3362, restarting...
Stagnation detected at generation 3366, restarting...
Stagnation detected at generation 3370, restarting...
Stagnation detected at generation 3374, restarting...
Stagnation detected at generation 3378, restarting...
Stagnation detected at generation 3382, restarting...
Stagnation detected at generation 3386, restarting...
Stagnation detected at generation 3390, restarting...
Stagnation detected at generation 3394, restarting...
Stagnation detected at generation 3398, restarting...
Stagnation detected at generation 3402, restarting...
Stagnation detected at generation 3406, restarting...
Stagnation detected at generation 3410, restarting...
Stagnation detected at generation 3414, restarting...
Stagnation detected at generation 3418, restarting...
Stagnation detected at generation 3422, restarting...
Stagnation detected at generation 3426, restarting...
Stagnation detected at generation 3430, restarting...
Stagnation detected at generation 3434, restarting...
Stagnation detected at generation 3438, restarting...
Stagnation detected at generation 3442, restarting...
Stagnation detected at generation 3446, restarting...
Stagnation detected at generation 3450, restarting...
Stagnation detected at generation 3454, restarting...
Stagnation detected at generation 3458, restarting...
Stagnation detected at generation 3462, restarting...
Stagnation detected at generation 3466, restarting...
Stagnation detected at generation 3470, restarting...
Stagnation detected at generation 3474, restarting...
Stagnation detected at generation 3478, restarting...
Stagnation detected at generation 3482, restarting...
Stagnation detected at generation 3486, restarting...
Stagnation detected at generation 3490, restarting...
Stagnation detected at generation 3494, restarting...
Stagnation detected at generation 3498, restarting...
Stagnation detected at generation 3502, restarting...
Stagnation detected at generation 3506, restarting...
Stagnation detected at generation 3510, restarting...
Stagnation detected at generation 3514, restarting...
Stagnation detected at generation 3518, restarting...
Stagnation detected at generation 3522, restarting...
Stagnation detected at generation 3526, restarting...
Stagnation detected at generation 3530, restarting...
Stagnation detected at generation 3534, restarting...
Stagnation detected at generation 3538, restarting...
Stagnation detected at generation 3542, restarting...
Stagnation detected at generation 3546, restarting...
Stagnation detected at generation 3550, restarting...
Stagnation detected at generation 3554, restarting...
Stagnation detected at generation 3558, restarting...
Stagnation detected at generation 3562, restarting...
Stagnation detected at generation 3566, restarting...
Stagnation detected at generation 3570, restarting...
Stagnation detected at generation 3574, restarting...
Stagnation detected at generation 3578, restarting...
Stagnation detected at generation 3582, restarting...
Stagnation detected at generation 3586, restarting...
Stagnation detected at generation 3590, restarting...
Stagnation detected at generation 3594, restarting...
Stagnation detected at generation 3598, restarting...
Stagnation detected at generation 3602, restarting...
Stagnation detected at generation 3606, restarting...
Stagnation detected at generation 3610, restarting...
Stagnation detected at generation 3614, restarting...
Stagnation detected at generation 3618, restarting...
Stagnation detected at generation 3622, restarting...
Stagnation detected at generation 3626, restarting...
Stagnation detected at generation 3630, restarting...
Stagnation detected at generation 3634, restarting...
Stagnation detected at generation 3638, restarting...
Stagnation detected at generation 3642, restarting...
Stagnation detected at generation 3646, restarting...
Stagnation detected at generation 3650, restarting...
Stagnation detected at generation 3654, restarting...
Stagnation detected at generation 3658, restarting...
Stagnation detected at generation 3662, restarting...
Stagnation detected at generation 3666, restarting...
Stagnation detected at generation 3670, restarting...
Stagnation detected at generation 3674, restarting...
Stagnation detected at generation 3678, restarting...
Stagnation detected at generation 3682, restarting...
Stagnation detected at generation 3686, restarting...
Stagnation detected at generation 3690, restarting...
Stagnation detected at generation 3694, restarting...
Stagnation detected at generation 3698, restarting...
Stagnation detected at generation 3702, restarting...
Stagnation detected at generation 3706, restarting...
Stagnation detected at generation 3710, restarting...
Stagnation detected at generation 3714, restarting...
Stagnation detected at generation 3718, restarting...
Stagnation detected at generation 3722, restarting...
Stagnation detected at generation 3726, restarting...
Stagnation detected at generation 3730, restarting...
Stagnation detected at generation 3734, restarting...
Stagnation detected at generation 3738, restarting...
Stagnation detected at generation 3742, restarting...
Stagnation detected at generation 3746, restarting...
Stagnation detected at generation 3750, restarting...
Stagnation detected at generation 3754, restarting...
Stagnation detected at generation 3758, restarting...
Stagnation detected at generation 3762, restarting...
Stagnation detected at generation 3766, restarting...
Stagnation detected at generation 3770, restarting...
Stagnation detected at generation 3774, restarting...
Stagnation detected at generation 3778, restarting...
Stagnation detected at generation 3782, restarting...
Stagnation detected at generation 3786, restarting...
Stagnation detected at generation 3790, restarting...
Stagnation detected at generation 3794, restarting...
Stagnation detected at generation 3798, restarting...
Stagnation detected at generation 3802, restarting...
Stagnation detected at generation 3806, restarting...
Stagnation detected at generation 3810, restarting...
Stagnation detected at generation 3814, restarting...
Stagnation detected at generation 3818, restarting...
Stagnation detected at generation 3822, restarting...
Stagnation detected at generation 3826, restarting...
Stagnation detected at generation 3830, restarting...
Stagnation detected at generation 3834, restarting...
Stagnation detected at generation 3838, restarting...
Stagnation detected at generation 3842, restarting...
Stagnation detected at generation 3846, restarting...
Stagnation detected at generation 3850, restarting...
Stagnation detected at generation 3854, restarting...
Stagnation detected at generation 3858, restarting...
Stagnation detected at generation 3862, restarting...
Stagnation detected at generation 3866, restarting...
Stagnation detected at generation 3870, restarting...
Stagnation detected at generation 3874, restarting...
Stagnation detected at generation 3878, restarting...
Stagnation detected at generation 3882, restarting...
Stagnation detected at generation 3886, restarting...
Stagnation detected at generation 3890, restarting...
Stagnation detected at generation 3894, restarting...
Stagnation detected at generation 3898, restarting...
Stagnation detected at generation 3902, restarting...
Stagnation detected at generation 3906, restarting...
Stagnation detected at generation 3910, restarting...
Stagnation detected at generation 3914, restarting...
Stagnation detected at generation 3918, restarting...
Stagnation detected at generation 3922, restarting...
Stagnation detected at generation 3926, restarting...
Stagnation detected at generation 3930, restarting...
Stagnation detected at generation 3934, restarting...
Stagnation detected at generation 3938, restarting...
Stagnation detected at generation 3942, restarting...
Stagnation detected at generation 3946, restarting...
Stagnation detected at generation 3950, restarting...
Stagnation detected at generation 3954, restarting...
Stagnation detected at generation 3958, restarting...
Stagnation detected at generation 3962, restarting...
Stagnation detected at generation 3966, restarting...
Stagnation detected at generation 3970, restarting...
Stagnation detected at generation 3974, restarting...
Stagnation detected at generation 3978, restarting...
Stagnation detected at generation 3982, restarting...
Stagnation detected at generation 3986, restarting...
Stagnation detected at generation 3990, restarting...
Stagnation detected at generation 3994, restarting...
Stagnation detected at generation 3998, restarting...
Generation 4000: Best fitness = 1.780289
Stagnation detected at generation 4002, restarting...
Stagnation detected at generation 4006, restarting...
Stagnation detected at generation 4010, restarting...
Stagnation detected at generation 4014, restarting...
Stagnation detected at generation 4018, restarting...
Stagnation detected at generation 4022, restarting...
Stagnation detected at generation 4026, restarting...
Stagnation detected at generation 4030, restarting...
Stagnation detected at generation 4034, restarting...
Stagnation detected at generation 4038, restarting...
Stagnation detected at generation 4042, restarting...
Stagnation detected at generation 4046, restarting...
Stagnation detected at generation 4050, restarting...
Stagnation detected at generation 4054, restarting...
Stagnation detected at generation 4058, restarting...
Stagnation detected at generation 4062, restarting...
Stagnation detected at generation 4066, restarting...
Stagnation detected at generation 4070, restarting...
Stagnation detected at generation 4074, restarting...
Stagnation detected at generation 4078, restarting...
Stagnation detected at generation 4082, restarting...
Stagnation detected at generation 4086, restarting...
Stagnation detected at generation 4090, restarting...
Stagnation detected at generation 4094, restarting...
Stagnation detected at generation 4098, restarting...
Stagnation detected at generation 4102, restarting...
Stagnation detected at generation 4106, restarting...
Stagnation detected at generation 4110, restarting...
Stagnation detected at generation 4114, restarting...
Stagnation detected at generation 4118, restarting...
Stagnation detected at generation 4122, restarting...
Stagnation detected at generation 4126, restarting...
Stagnation detected at generation 4130, restarting...
Stagnation detected at generation 4134, restarting...
Stagnation detected at generation 4138, restarting...
Stagnation detected at generation 4142, restarting...
Stagnation detected at generation 4146, restarting...
Stagnation detected at generation 4150, restarting...
Stagnation detected at generation 4154, restarting...
Stagnation detected at generation 4158, restarting...
Stagnation detected at generation 4162, restarting...
Stagnation detected at generation 4166, restarting...
Stagnation detected at generation 4170, restarting...
Stagnation detected at generation 4174, restarting...
Stagnation detected at generation 4178, restarting...
Stagnation detected at generation 4182, restarting...
Stagnation detected at generation 4186, restarting...
Stagnation detected at generation 4190, restarting...
Stagnation detected at generation 4194, restarting...
Stagnation detected at generation 4198, restarting...
Stagnation detected at generation 4202, restarting...
Stagnation detected at generation 4206, restarting...
Stagnation detected at generation 4210, restarting...
Stagnation detected at generation 4214, restarting...
Stagnation detected at generation 4218, restarting...
Stagnation detected at generation 4222, restarting...
Stagnation detected at generation 4226, restarting...
Stagnation detected at generation 4230, restarting...
Stagnation detected at generation 4234, restarting...
Stagnation detected at generation 4238, restarting...
Stagnation detected at generation 4242, restarting...
Stagnation detected at generation 4246, restarting...
Stagnation detected at generation 4250, restarting...
Stagnation detected at generation 4254, restarting...
Stagnation detected at generation 4258, restarting...
Stagnation detected at generation 4262, restarting...
Stagnation detected at generation 4266, restarting...
Stagnation detected at generation 4270, restarting...
Stagnation detected at generation 4274, restarting...
Stagnation detected at generation 4278, restarting...
Stagnation detected at generation 4282, restarting...
Stagnation detected at generation 4286, restarting...
Stagnation detected at generation 4290, restarting...
Stagnation detected at generation 4294, restarting...
Stagnation detected at generation 4298, restarting...
Stagnation detected at generation 4302, restarting...
Stagnation detected at generation 4306, restarting...
Stagnation detected at generation 4310, restarting...
Stagnation detected at generation 4314, restarting...
Stagnation detected at generation 4318, restarting...
Stagnation detected at generation 4322, restarting...
Stagnation detected at generation 4326, restarting...
Stagnation detected at generation 4330, restarting...
Stagnation detected at generation 4334, restarting...
Stagnation detected at generation 4338, restarting...
Stagnation detected at generation 4342, restarting...
Stagnation detected at generation 4346, restarting...
Stagnation detected at generation 4350, restarting...
Stagnation detected at generation 4354, restarting...
Stagnation detected at generation 4358, restarting...
Stagnation detected at generation 4362, restarting...
Stagnation detected at generation 4366, restarting...
Stagnation detected at generation 4370, restarting...
Stagnation detected at generation 4374, restarting...
Stagnation detected at generation 4378, restarting...
Stagnation detected at generation 4382, restarting...
Stagnation detected at generation 4386, restarting...
Stagnation detected at generation 4390, restarting...
Stagnation detected at generation 4394, restarting...
Stagnation detected at generation 4398, restarting...
Stagnation detected at generation 4402, restarting...
Stagnation detected at generation 4406, restarting...
Stagnation detected at generation 4410, restarting...
Stagnation detected at generation 4414, restarting...
Stagnation detected at generation 4418, restarting...
Stagnation detected at generation 4422, restarting...
Stagnation detected at generation 4426, restarting...
Stagnation detected at generation 4430, restarting...
Stagnation detected at generation 4434, restarting...
Stagnation detected at generation 4438, restarting...
Stagnation detected at generation 4442, restarting...
Stagnation detected at generation 4446, restarting...
Stagnation detected at generation 4450, restarting...
Stagnation detected at generation 4454, restarting...
Stagnation detected at generation 4458, restarting...
Stagnation detected at generation 4462, restarting...
Stagnation detected at generation 4466, restarting...
Stagnation detected at generation 4470, restarting...
Stagnation detected at generation 4474, restarting...
Stagnation detected at generation 4478, restarting...
Stagnation detected at generation 4482, restarting...
Stagnation detected at generation 4486, restarting...
Stagnation detected at generation 4490, restarting...
Stagnation detected at generation 4494, restarting...
Stagnation detected at generation 4498, restarting...
Stagnation detected at generation 4502, restarting...
Stagnation detected at generation 4506, restarting...
Stagnation detected at generation 4510, restarting...
Stagnation detected at generation 4514, restarting...
Stagnation detected at generation 4518, restarting...
Stagnation detected at generation 4522, restarting...
Stagnation detected at generation 4526, restarting...
Stagnation detected at generation 4530, restarting...
Stagnation detected at generation 4534, restarting...
Stagnation detected at generation 4538, restarting...
Stagnation detected at generation 4542, restarting...
Stagnation detected at generation 4546, restarting...
Stagnation detected at generation 4550, restarting...
Stagnation detected at generation 4554, restarting...
Stagnation detected at generation 4558, restarting...
Stagnation detected at generation 4562, restarting...
Stagnation detected at generation 4566, restarting...
Stagnation detected at generation 4570, restarting...
Stagnation detected at generation 4574, restarting...
Stagnation detected at generation 4578, restarting...
Stagnation detected at generation 4582, restarting...
Stagnation detected at generation 4586, restarting...
Stagnation detected at generation 4590, restarting...
Stagnation detected at generation 4594, restarting...
Stagnation detected at generation 4598, restarting...
Stagnation detected at generation 4602, restarting...
Stagnation detected at generation 4606, restarting...
Stagnation detected at generation 4610, restarting...
Stagnation detected at generation 4614, restarting...
Stagnation detected at generation 4618, restarting...
Stagnation detected at generation 4622, restarting...
Stagnation detected at generation 4626, restarting...
Stagnation detected at generation 4630, restarting...
Stagnation detected at generation 4634, restarting...
Stagnation detected at generation 4638, restarting...
Stagnation detected at generation 4642, restarting...
Stagnation detected at generation 4646, restarting...
Stagnation detected at generation 4650, restarting...
Stagnation detected at generation 4654, restarting...
Stagnation detected at generation 4658, restarting...
Stagnation detected at generation 4662, restarting...
Stagnation detected at generation 4666, restarting...
Stagnation detected at generation 4670, restarting...
Stagnation detected at generation 4674, restarting...
Stagnation detected at generation 4678, restarting...
Stagnation detected at generation 4682, restarting...
Stagnation detected at generation 4686, restarting...
Stagnation detected at generation 4690, restarting...
Stagnation detected at generation 4694, restarting...
Stagnation detected at generation 4698, restarting...
Stagnation detected at generation 4702, restarting...
Stagnation detected at generation 4706, restarting...
Stagnation detected at generation 4710, restarting...
Stagnation detected at generation 4714, restarting...
Stagnation detected at generation 4718, restarting...
Stagnation detected at generation 4722, restarting...
Stagnation detected at generation 4726, restarting...
Stagnation detected at generation 4730, restarting...
Stagnation detected at generation 4734, restarting...
Stagnation detected at generation 4738, restarting...
Stagnation detected at generation 4742, restarting...
Stagnation detected at generation 4746, restarting...
Stagnation detected at generation 4750, restarting...
Stagnation detected at generation 4754, restarting...
Stagnation detected at generation 4758, restarting...
Stagnation detected at generation 4762, restarting...
Stagnation detected at generation 4766, restarting...
Stagnation detected at generation 4770, restarting...
Stagnation detected at generation 4774, restarting...
Stagnation detected at generation 4778, restarting...
Stagnation detected at generation 4782, restarting...
Stagnation detected at generation 4786, restarting...
Stagnation detected at generation 4790, restarting...
Stagnation detected at generation 4794, restarting...
Stagnation detected at generation 4798, restarting...
Stagnation detected at generation 4802, restarting...
Stagnation detected at generation 4806, restarting...
Stagnation detected at generation 4810, restarting...
Stagnation detected at generation 4814, restarting...
Stagnation detected at generation 4818, restarting...
Stagnation detected at generation 4822, restarting...
Stagnation detected at generation 4826, restarting...
Stagnation detected at generation 4830, restarting...
Stagnation detected at generation 4834, restarting...
Stagnation detected at generation 4838, restarting...
Stagnation detected at generation 4842, restarting...
Stagnation detected at generation 4846, restarting...
Stagnation detected at generation 4850, restarting...
Stagnation detected at generation 4854, restarting...
Stagnation detected at generation 4858, restarting...
Stagnation detected at generation 4862, restarting...
Stagnation detected at generation 4866, restarting...
Stagnation detected at generation 4870, restarting...
Stagnation detected at generation 4874, restarting...
Stagnation detected at generation 4878, restarting...
Stagnation detected at generation 4882, restarting...
Stagnation detected at generation 4886, restarting...
Stagnation detected at generation 4890, restarting...
Stagnation detected at generation 4894, restarting...
Stagnation detected at generation 4898, restarting...
Stagnation detected at generation 4902, restarting...
Stagnation detected at generation 4906, restarting...
Stagnation detected at generation 4910, restarting...
Stagnation detected at generation 4914, restarting...
Stagnation detected at generation 4918, restarting...
Stagnation detected at generation 4922, restarting...
Stagnation detected at generation 4926, restarting...
Stagnation detected at generation 4930, restarting...
Stagnation detected at generation 4934, restarting...
Stagnation detected at generation 4938, restarting...
Stagnation detected at generation 4942, restarting...
Stagnation detected at generation 4946, restarting...
Stagnation detected at generation 4950, restarting...
Stagnation detected at generation 4954, restarting...
Stagnation detected at generation 4958, restarting...
Stagnation detected at generation 4962, restarting...
Stagnation detected at generation 4966, restarting...
Stagnation detected at generation 4970, restarting...
Stagnation detected at generation 4974, restarting...
Stagnation detected at generation 4978, restarting...
Stagnation detected at generation 4982, restarting...
Stagnation detected at generation 4986, restarting...
Stagnation detected at generation 4990, restarting...
Stagnation detected at generation 4994, restarting...
Stagnation detected at generation 4998, restarting...
Generation 5000: Best fitness = 1.780289
Stagnation detected at generation 5002, restarting...
Stagnation detected at generation 5006, restarting...
Stagnation detected at generation 5010, restarting...
Stagnation detected at generation 5014, restarting...
Stagnation detected at generation 5018, restarting...
Stagnation detected at generation 5022, restarting...
Stagnation detected at generation 5026, restarting...
Stagnation detected at generation 5030, restarting...
Stagnation detected at generation 5034, restarting...
Stagnation detected at generation 5038, restarting...
Stagnation detected at generation 5042, restarting...
Stagnation detected at generation 5046, restarting...
Stagnation detected at generation 5050, restarting...
Stagnation detected at generation 5054, restarting...
Stagnation detected at generation 5058, restarting...
Stagnation detected at generation 5062, restarting...
Stagnation detected at generation 5066, restarting...
Stagnation detected at generation 5070, restarting...
Stagnation detected at generation 5074, restarting...
Stagnation detected at generation 5078, restarting...
Stagnation detected at generation 5082, restarting...
Stagnation detected at generation 5086, restarting...
Stagnation detected at generation 5090, restarting...
Stagnation detected at generation 5094, restarting...
Stagnation detected at generation 5098, restarting...
Stagnation detected at generation 5102, restarting...
Stagnation detected at generation 5106, restarting...
Stagnation detected at generation 5110, restarting...
Stagnation detected at generation 5114, restarting...
Stagnation detected at generation 5118, restarting...
Stagnation detected at generation 5122, restarting...
Stagnation detected at generation 5126, restarting...
Stagnation detected at generation 5130, restarting...
Stagnation detected at generation 5134, restarting...
Stagnation detected at generation 5138, restarting...
Stagnation detected at generation 5142, restarting...
Stagnation detected at generation 5146, restarting...
Stagnation detected at generation 5150, restarting...
Stagnation detected at generation 5154, restarting...
Stagnation detected at generation 5158, restarting...
Stagnation detected at generation 5162, restarting...
Stagnation detected at generation 5166, restarting...
Stagnation detected at generation 5170, restarting...
Stagnation detected at generation 5174, restarting...
Stagnation detected at generation 5178, restarting...
Stagnation detected at generation 5182, restarting...
Stagnation detected at generation 5186, restarting...
Stagnation detected at generation 5190, restarting...
Stagnation detected at generation 5194, restarting...
Stagnation detected at generation 5198, restarting...
Stagnation detected at generation 5202, restarting...
Stagnation detected at generation 5206, restarting...
Stagnation detected at generation 5210, restarting...
Stagnation detected at generation 5214, restarting...
Stagnation detected at generation 5218, restarting...
Stagnation detected at generation 5222, restarting...
Stagnation detected at generation 5226, restarting...
Stagnation detected at generation 5230, restarting...
Stagnation detected at generation 5234, restarting...
Stagnation detected at generation 5238, restarting...
Stagnation detected at generation 5242, restarting...
Stagnation detected at generation 5246, restarting...
Stagnation detected at generation 5250, restarting...
Stagnation detected at generation 5254, restarting...
Stagnation detected at generation 5258, restarting...
Stagnation detected at generation 5262, restarting...
Stagnation detected at generation 5266, restarting...
Stagnation detected at generation 5270, restarting...
Stagnation detected at generation 5274, restarting...
Stagnation detected at generation 5278, restarting...
Stagnation detected at generation 5282, restarting...
Stagnation detected at generation 5286, restarting...
Stagnation detected at generation 5290, restarting...
Stagnation detected at generation 5294, restarting...
Stagnation detected at generation 5298, restarting...
Stagnation detected at generation 5302, restarting...
Stagnation detected at generation 5306, restarting...
Stagnation detected at generation 5310, restarting...
Stagnation detected at generation 5314, restarting...
Stagnation detected at generation 5318, restarting...
Stagnation detected at generation 5322, restarting...
Stagnation detected at generation 5326, restarting...
Stagnation detected at generation 5330, restarting...
Stagnation detected at generation 5334, restarting...
Stagnation detected at generation 5338, restarting...
Stagnation detected at generation 5342, restarting...
Stagnation detected at generation 5346, restarting...
Stagnation detected at generation 5350, restarting...
Stagnation detected at generation 5354, restarting...
Stagnation detected at generation 5358, restarting...
Stagnation detected at generation 5362, restarting...
Stagnation detected at generation 5366, restarting...
Stagnation detected at generation 5370, restarting...
Stagnation detected at generation 5374, restarting...
Stagnation detected at generation 5378, restarting...
Stagnation detected at generation 5382, restarting...
Stagnation detected at generation 5386, restarting...
Stagnation detected at generation 5390, restarting...
Stagnation detected at generation 5394, restarting...
Stagnation detected at generation 5398, restarting...
Stagnation detected at generation 5402, restarting...
Stagnation detected at generation 5406, restarting...
Stagnation detected at generation 5410, restarting...
Stagnation detected at generation 5414, restarting...
Stagnation detected at generation 5418, restarting...
Stagnation detected at generation 5422, restarting...
Stagnation detected at generation 5426, restarting...
Stagnation detected at generation 5430, restarting...
Stagnation detected at generation 5434, restarting...
Stagnation detected at generation 5438, restarting...
Stagnation detected at generation 5442, restarting...
Stagnation detected at generation 5446, restarting...
Stagnation detected at generation 5450, restarting...
Stagnation detected at generation 5454, restarting...
Stagnation detected at generation 5458, restarting...
Stagnation detected at generation 5462, restarting...
Stagnation detected at generation 5466, restarting...
Stagnation detected at generation 5470, restarting...
Stagnation detected at generation 5474, restarting...
Stagnation detected at generation 5478, restarting...
Stagnation detected at generation 5482, restarting...
Stagnation detected at generation 5486, restarting...
Stagnation detected at generation 5490, restarting...
Stagnation detected at generation 5494, restarting...
Stagnation detected at generation 5498, restarting...
Stagnation detected at generation 5502, restarting...
Stagnation detected at generation 5506, restarting...
Stagnation detected at generation 5510, restarting...
Stagnation detected at generation 5514, restarting...
Stagnation detected at generation 5518, restarting...
Stagnation detected at generation 5522, restarting...
Stagnation detected at generation 5526, restarting...
Stagnation detected at generation 5530, restarting...
Stagnation detected at generation 5534, restarting...
Stagnation detected at generation 5538, restarting...
Stagnation detected at generation 5542, restarting...
Stagnation detected at generation 5546, restarting...
Stagnation detected at generation 5550, restarting...
Stagnation detected at generation 5554, restarting...
Stagnation detected at generation 5558, restarting...
Stagnation detected at generation 5562, restarting...
Stagnation detected at generation 5566, restarting...
Stagnation detected at generation 5570, restarting...
Stagnation detected at generation 5574, restarting...
Stagnation detected at generation 5578, restarting...
Stagnation detected at generation 5582, restarting...
Stagnation detected at generation 5586, restarting...
Stagnation detected at generation 5590, restarting...
Stagnation detected at generation 5594, restarting...
Stagnation detected at generation 5598, restarting...
Stagnation detected at generation 5602, restarting...
Stagnation detected at generation 5606, restarting...
Stagnation detected at generation 5610, restarting...
Stagnation detected at generation 5614, restarting...
Stagnation detected at generation 5618, restarting...
Stagnation detected at generation 5622, restarting...
Stagnation detected at generation 5626, restarting...
Stagnation detected at generation 5630, restarting...
Stagnation detected at generation 5634, restarting...
Stagnation detected at generation 5638, restarting...
Stagnation detected at generation 5642, restarting...
Stagnation detected at generation 5646, restarting...
Stagnation detected at generation 5650, restarting...
Stagnation detected at generation 5654, restarting...
Stagnation detected at generation 5658, restarting...
Stagnation detected at generation 5662, restarting...
Stagnation detected at generation 5666, restarting...
Stagnation detected at generation 5670, restarting...
Stagnation detected at generation 5674, restarting...
Stagnation detected at generation 5678, restarting...
Stagnation detected at generation 5682, restarting...
Stagnation detected at generation 5686, restarting...
Stagnation detected at generation 5690, restarting...
Stagnation detected at generation 5694, restarting...
Stagnation detected at generation 5698, restarting...
Stagnation detected at generation 5702, restarting...
Stagnation detected at generation 5706, restarting...
Stagnation detected at generation 5710, restarting...
Stagnation detected at generation 5714, restarting...
Stagnation detected at generation 5718, restarting...
Stagnation detected at generation 5722, restarting...
Stagnation detected at generation 5726, restarting...
Stagnation detected at generation 5730, restarting...
Stagnation detected at generation 5734, restarting...
Stagnation detected at generation 5738, restarting...
Stagnation detected at generation 5742, restarting...
Stagnation detected at generation 5746, restarting...
Stagnation detected at generation 5750, restarting...
Stagnation detected at generation 5754, restarting...
Stagnation detected at generation 5758, restarting...
Stagnation detected at generation 5762, restarting...
Stagnation detected at generation 5766, restarting...
Stagnation detected at generation 5770, restarting...
Stagnation detected at generation 5774, restarting...
Stagnation detected at generation 5778, restarting...
Stagnation detected at generation 5782, restarting...
Stagnation detected at generation 5786, restarting...
Stagnation detected at generation 5790, restarting...
Stagnation detected at generation 5794, restarting...
Stagnation detected at generation 5798, restarting...
Stagnation detected at generation 5802, restarting...
Stagnation detected at generation 5806, restarting...
Stagnation detected at generation 5810, restarting...
Stagnation detected at generation 5814, restarting...
Stagnation detected at generation 5818, restarting...
Stagnation detected at generation 5822, restarting...
Stagnation detected at generation 5826, restarting...
Stagnation detected at generation 5830, restarting...
Stagnation detected at generation 5834, restarting...
Stagnation detected at generation 5838, restarting...
Stagnation detected at generation 5842, restarting...
Stagnation detected at generation 5846, restarting...
Stagnation detected at generation 5850, restarting...
Stagnation detected at generation 5854, restarting...
Stagnation detected at generation 5858, restarting...
Stagnation detected at generation 5862, restarting...
Stagnation detected at generation 5866, restarting...
Stagnation detected at generation 5870, restarting...
Stagnation detected at generation 5874, restarting...
Stagnation detected at generation 5878, restarting...
Stagnation detected at generation 5882, restarting...
Stagnation detected at generation 5886, restarting...
Stagnation detected at generation 5890, restarting...
Stagnation detected at generation 5894, restarting...
Stagnation detected at generation 5898, restarting...
Stagnation detected at generation 5902, restarting...
Stagnation detected at generation 5906, restarting...
Stagnation detected at generation 5910, restarting...
Stagnation detected at generation 5914, restarting...
Stagnation detected at generation 5918, restarting...
Stagnation detected at generation 5922, restarting...
Stagnation detected at generation 5926, restarting...
Stagnation detected at generation 5930, restarting...
Stagnation detected at generation 5934, restarting...
Stagnation detected at generation 5938, restarting...
Stagnation detected at generation 5942, restarting...
Stagnation detected at generation 5946, restarting...
Stagnation detected at generation 5950, restarting...
Stagnation detected at generation 5954, restarting...
Stagnation detected at generation 5958, restarting...
Stagnation detected at generation 5962, restarting...
Stagnation detected at generation 5966, restarting...
Stagnation detected at generation 5970, restarting...
Stagnation detected at generation 5974, restarting...
Stagnation detected at generation 5978, restarting...
Stagnation detected at generation 5982, restarting...
Stagnation detected at generation 5986, restarting...
Stagnation detected at generation 5990, restarting...
Stagnation detected at generation 5994, restarting...
Stagnation detected at generation 5998, restarting...
Generation 6000: Best fitness = 1.780289
Stagnation detected at generation 6002, restarting...
Stagnation detected at generation 6006, restarting...
Stagnation detected at generation 6010, restarting...
Stagnation detected at generation 6014, restarting...
Stagnation detected at generation 6018, restarting...
Stagnation detected at generation 6022, restarting...
Stagnation detected at generation 6026, restarting...
Stagnation detected at generation 6030, restarting...
Stagnation detected at generation 6034, restarting...
Stagnation detected at generation 6038, restarting...
Stagnation detected at generation 6042, restarting...
Stagnation detected at generation 6046, restarting...
Stagnation detected at generation 6050, restarting...
Stagnation detected at generation 6054, restarting...
Stagnation detected at generation 6058, restarting...
Stagnation detected at generation 6062, restarting...
Stagnation detected at generation 6066, restarting...
Stagnation detected at generation 6070, restarting...
Stagnation detected at generation 6074, restarting...
Stagnation detected at generation 6078, restarting...
Stagnation detected at generation 6082, restarting...
Stagnation detected at generation 6086, restarting...
Stagnation detected at generation 6090, restarting...
Stagnation detected at generation 6094, restarting...
Stagnation detected at generation 6098, restarting...
Stagnation detected at generation 6102, restarting...
Stagnation detected at generation 6106, restarting...
Stagnation detected at generation 6110, restarting...
Stagnation detected at generation 6114, restarting...
Stagnation detected at generation 6118, restarting...
Stagnation detected at generation 6122, restarting...
Stagnation detected at generation 6126, restarting...
Stagnation detected at generation 6130, restarting...
Stagnation detected at generation 6134, restarting...
Stagnation detected at generation 6138, restarting...
Stagnation detected at generation 6142, restarting...
Stagnation detected at generation 6146, restarting...
Stagnation detected at generation 6150, restarting...
Stagnation detected at generation 6154, restarting...
Stagnation detected at generation 6158, restarting...
Stagnation detected at generation 6162, restarting...
Stagnation detected at generation 6166, restarting...
Stagnation detected at generation 6170, restarting...
Stagnation detected at generation 6174, restarting...
Stagnation detected at generation 6178, restarting...
Stagnation detected at generation 6182, restarting...
Stagnation detected at generation 6186, restarting...
Stagnation detected at generation 6190, restarting...
Stagnation detected at generation 6194, restarting...
Stagnation detected at generation 6198, restarting...
Stagnation detected at generation 6202, restarting...
Stagnation detected at generation 6206, restarting...
Stagnation detected at generation 6210, restarting...
Stagnation detected at generation 6214, restarting...
Stagnation detected at generation 6218, restarting...
Stagnation detected at generation 6222, restarting...
Stagnation detected at generation 6226, restarting...
Stagnation detected at generation 6230, restarting...
Stagnation detected at generation 6234, restarting...
Stagnation detected at generation 6238, restarting...
Stagnation detected at generation 6242, restarting...
Stagnation detected at generation 6246, restarting...
Stagnation detected at generation 6250, restarting...
Stagnation detected at generation 6254, restarting...
Stagnation detected at generation 6258, restarting...
Stagnation detected at generation 6262, restarting...
Stagnation detected at generation 6266, restarting...
Stagnation detected at generation 6270, restarting...
Stagnation detected at generation 6274, restarting...
Stagnation detected at generation 6278, restarting...
Stagnation detected at generation 6282, restarting...
Stagnation detected at generation 6286, restarting...
Stagnation detected at generation 6290, restarting...
Stagnation detected at generation 6294, restarting...
Stagnation detected at generation 6298, restarting...
Stagnation detected at generation 6302, restarting...
Stagnation detected at generation 6306, restarting...
Stagnation detected at generation 6310, restarting...
Stagnation detected at generation 6314, restarting...
Stagnation detected at generation 6318, restarting...
Stagnation detected at generation 6322, restarting...
Stagnation detected at generation 6326, restarting...
Stagnation detected at generation 6330, restarting...
Stagnation detected at generation 6334, restarting...
Stagnation detected at generation 6338, restarting...
Stagnation detected at generation 6342, restarting...
Stagnation detected at generation 6346, restarting...
Stagnation detected at generation 6350, restarting...
Stagnation detected at generation 6354, restarting...
Stagnation detected at generation 6358, restarting...
Stagnation detected at generation 6362, restarting...
Stagnation detected at generation 6366, restarting...
Stagnation detected at generation 6370, restarting...
Stagnation detected at generation 6374, restarting...
Stagnation detected at generation 6378, restarting...
Stagnation detected at generation 6382, restarting...
Stagnation detected at generation 6386, restarting...
Stagnation detected at generation 6390, restarting...
Stagnation detected at generation 6394, restarting...
Stagnation detected at generation 6398, restarting...
Stagnation detected at generation 6402, restarting...
Stagnation detected at generation 6406, restarting...
Stagnation detected at generation 6410, restarting...
Stagnation detected at generation 6414, restarting...
Stagnation detected at generation 6418, restarting...
Stagnation detected at generation 6422, restarting...
Stagnation detected at generation 6426, restarting...
Stagnation detected at generation 6430, restarting...
Stagnation detected at generation 6434, restarting...
Stagnation detected at generation 6438, restarting...
Stagnation detected at generation 6442, restarting...
Stagnation detected at generation 6446, restarting...
Stagnation detected at generation 6450, restarting...
Stagnation detected at generation 6454, restarting...
Stagnation detected at generation 6458, restarting...
Stagnation detected at generation 6462, restarting...
Stagnation detected at generation 6466, restarting...
Stagnation detected at generation 6470, restarting...
Stagnation detected at generation 6474, restarting...
Stagnation detected at generation 6478, restarting...
Stagnation detected at generation 6482, restarting...
Stagnation detected at generation 6486, restarting...
Stagnation detected at generation 6490, restarting...
Stagnation detected at generation 6494, restarting...
Stagnation detected at generation 6498, restarting...
Stagnation detected at generation 6502, restarting...
Stagnation detected at generation 6506, restarting...
Stagnation detected at generation 6510, restarting...
Stagnation detected at generation 6514, restarting...
Stagnation detected at generation 6518, restarting...
Stagnation detected at generation 6522, restarting...
Stagnation detected at generation 6526, restarting...
Stagnation detected at generation 6530, restarting...
Stagnation detected at generation 6534, restarting...
Stagnation detected at generation 6538, restarting...
Stagnation detected at generation 6542, restarting...
Stagnation detected at generation 6546, restarting...
Stagnation detected at generation 6550, restarting...
Stagnation detected at generation 6554, restarting...
Stagnation detected at generation 6558, restarting...
Stagnation detected at generation 6562, restarting...
Stagnation detected at generation 6566, restarting...
Stagnation detected at generation 6570, restarting...
Stagnation detected at generation 6574, restarting...
Stagnation detected at generation 6578, restarting...
Stagnation detected at generation 6582, restarting...
Stagnation detected at generation 6586, restarting...
Stagnation detected at generation 6590, restarting...
Stagnation detected at generation 6594, restarting...
Stagnation detected at generation 6598, restarting...
Stagnation detected at generation 6602, restarting...
Stagnation detected at generation 6606, restarting...
Stagnation detected at generation 6610, restarting...
Stagnation detected at generation 6614, restarting...
Stagnation detected at generation 6618, restarting...
Stagnation detected at generation 6622, restarting...
Stagnation detected at generation 6626, restarting...
Stagnation detected at generation 6630, restarting...
Stagnation detected at generation 6634, restarting...
Stagnation detected at generation 6638, restarting...
Stagnation detected at generation 6642, restarting...
Stagnation detected at generation 6646, restarting...
Stagnation detected at generation 6650, restarting...
Stagnation detected at generation 6654, restarting...
Stagnation detected at generation 6658, restarting...
Stagnation detected at generation 6662, restarting...
Stagnation detected at generation 6666, restarting...
Stagnation detected at generation 6670, restarting...
Stagnation detected at generation 6674, restarting...
Stagnation detected at generation 6678, restarting...
Stagnation detected at generation 6682, restarting...
Stagnation detected at generation 6686, restarting...
Stagnation detected at generation 6690, restarting...
Stagnation detected at generation 6694, restarting...
Stagnation detected at generation 6698, restarting...
Stagnation detected at generation 6702, restarting...
Stagnation detected at generation 6706, restarting...
Stagnation detected at generation 6710, restarting...
Stagnation detected at generation 6714, restarting...
Stagnation detected at generation 6718, restarting...
Stagnation detected at generation 6722, restarting...
Stagnation detected at generation 6726, restarting...
Stagnation detected at generation 6730, restarting...
Stagnation detected at generation 6734, restarting...
Stagnation detected at generation 6738, restarting...
Stagnation detected at generation 6742, restarting...
Stagnation detected at generation 6746, restarting...
Stagnation detected at generation 6750, restarting...
Stagnation detected at generation 6754, restarting...
Stagnation detected at generation 6758, restarting...
Stagnation detected at generation 6762, restarting...
Stagnation detected at generation 6766, restarting...
Stagnation detected at generation 6770, restarting...
Stagnation detected at generation 6774, restarting...
Stagnation detected at generation 6778, restarting...
Stagnation detected at generation 6782, restarting...
Stagnation detected at generation 6786, restarting...
Stagnation detected at generation 6790, restarting...
Stagnation detected at generation 6794, restarting...
Stagnation detected at generation 6798, restarting...
Stagnation detected at generation 6802, restarting...
Stagnation detected at generation 6806, restarting...
Stagnation detected at generation 6810, restarting...
Stagnation detected at generation 6814, restarting...
Stagnation detected at generation 6818, restarting...
Stagnation detected at generation 6822, restarting...
Stagnation detected at generation 6826, restarting...
Stagnation detected at generation 6830, restarting...
Stagnation detected at generation 6834, restarting...
Stagnation detected at generation 6838, restarting...
Stagnation detected at generation 6842, restarting...
Stagnation detected at generation 6846, restarting...
Stagnation detected at generation 6850, restarting...
Stagnation detected at generation 6854, restarting...
Stagnation detected at generation 6858, restarting...
Stagnation detected at generation 6862, restarting...
Stagnation detected at generation 6866, restarting...
Stagnation detected at generation 6870, restarting...
Stagnation detected at generation 6874, restarting...
Stagnation detected at generation 6878, restarting...
Stagnation detected at generation 6882, restarting...
Stagnation detected at generation 6886, restarting...
Stagnation detected at generation 6890, restarting...
Stagnation detected at generation 6894, restarting...
Stagnation detected at generation 6898, restarting...
Stagnation detected at generation 6902, restarting...
Stagnation detected at generation 6906, restarting...
Stagnation detected at generation 6910, restarting...
Stagnation detected at generation 6914, restarting...
Stagnation detected at generation 6918, restarting...
Stagnation detected at generation 6922, restarting...
Stagnation detected at generation 6926, restarting...
Stagnation detected at generation 6930, restarting...
Stagnation detected at generation 6934, restarting...
Stagnation detected at generation 6938, restarting...
Stagnation detected at generation 6942, restarting...
Stagnation detected at generation 6946, restarting...
Stagnation detected at generation 6950, restarting...
Stagnation detected at generation 6954, restarting...
Stagnation detected at generation 6958, restarting...
Stagnation detected at generation 6962, restarting...
Stagnation detected at generation 6966, restarting...
Stagnation detected at generation 6970, restarting...
Stagnation detected at generation 6974, restarting...
Stagnation detected at generation 6978, restarting...
Stagnation detected at generation 6982, restarting...
Stagnation detected at generation 6986, restarting...
Stagnation detected at generation 6990, restarting...
Stagnation detected at generation 6994, restarting...
Stagnation detected at generation 6998, restarting...
Generation 7000: Best fitness = 1.780862
Stagnation detected at generation 7002, restarting...
Stagnation detected at generation 7006, restarting...
Stagnation detected at generation 7010, restarting...
Stagnation detected at generation 7014, restarting...
Stagnation detected at generation 7018, restarting...
Stagnation detected at generation 7022, restarting...
Stagnation detected at generation 7026, restarting...
Stagnation detected at generation 7030, restarting...
Stagnation detected at generation 7034, restarting...
Stagnation detected at generation 7038, restarting...
Stagnation detected at generation 7042, restarting...
Stagnation detected at generation 7046, restarting...
Stagnation detected at generation 7050, restarting...
Stagnation detected at generation 7054, restarting...
Stagnation detected at generation 7058, restarting...
Stagnation detected at generation 7062, restarting...
Stagnation detected at generation 7066, restarting...
Stagnation detected at generation 7070, restarting...
Stagnation detected at generation 7074, restarting...
Stagnation detected at generation 7078, restarting...
Stagnation detected at generation 7082, restarting...
Stagnation detected at generation 7086, restarting...
Stagnation detected at generation 7090, restarting...
Stagnation detected at generation 7094, restarting...
Stagnation detected at generation 7098, restarting...
Stagnation detected at generation 7102, restarting...
Stagnation detected at generation 7106, restarting...
Stagnation detected at generation 7110, restarting...
Stagnation detected at generation 7114, restarting...
Stagnation detected at generation 7118, restarting...
Stagnation detected at generation 7122, restarting...
Stagnation detected at generation 7126, restarting...
Stagnation detected at generation 7130, restarting...
Stagnation detected at generation 7134, restarting...
Stagnation detected at generation 7138, restarting...
Stagnation detected at generation 7142, restarting...
Stagnation detected at generation 7146, restarting...
Stagnation detected at generation 7150, restarting...
Stagnation detected at generation 7154, restarting...
Stagnation detected at generation 7158, restarting...
Stagnation detected at generation 7162, restarting...
Stagnation detected at generation 7166, restarting...
Stagnation detected at generation 7170, restarting...
Stagnation detected at generation 7174, restarting...
Stagnation detected at generation 7178, restarting...
Stagnation detected at generation 7182, restarting...
Stagnation detected at generation 7186, restarting...
Stagnation detected at generation 7190, restarting...
Stagnation detected at generation 7194, restarting...
Stagnation detected at generation 7198, restarting...
Stagnation detected at generation 7202, restarting...
Stagnation detected at generation 7206, restarting...
Stagnation detected at generation 7210, restarting...
Stagnation detected at generation 7214, restarting...
Stagnation detected at generation 7218, restarting...
Stagnation detected at generation 7222, restarting...
Stagnation detected at generation 7226, restarting...
Stagnation detected at generation 7230, restarting...
Stagnation detected at generation 7234, restarting...
Stagnation detected at generation 7238, restarting...
Stagnation detected at generation 7242, restarting...
Stagnation detected at generation 7246, restarting...
Stagnation detected at generation 7250, restarting...
Stagnation detected at generation 7254, restarting...
Stagnation detected at generation 7258, restarting...
Stagnation detected at generation 7262, restarting...
Stagnation detected at generation 7266, restarting...
Stagnation detected at generation 7270, restarting...
Stagnation detected at generation 7274, restarting...
Stagnation detected at generation 7278, restarting...
Stagnation detected at generation 7282, restarting...
Stagnation detected at generation 7286, restarting...
Stagnation detected at generation 7290, restarting...
Stagnation detected at generation 7294, restarting...
Stagnation detected at generation 7298, restarting...
Stagnation detected at generation 7302, restarting...
Stagnation detected at generation 7306, restarting...
Stagnation detected at generation 7310, restarting...
Stagnation detected at generation 7314, restarting...
Stagnation detected at generation 7318, restarting...
Stagnation detected at generation 7322, restarting...
Stagnation detected at generation 7326, restarting...
Stagnation detected at generation 7330, restarting...
Stagnation detected at generation 7334, restarting...
Stagnation detected at generation 7338, restarting...
Stagnation detected at generation 7342, restarting...
Stagnation detected at generation 7346, restarting...
Stagnation detected at generation 7350, restarting...
Stagnation detected at generation 7354, restarting...
Stagnation detected at generation 7358, restarting...
Stagnation detected at generation 7362, restarting...
Stagnation detected at generation 7366, restarting...
Stagnation detected at generation 7370, restarting...
Stagnation detected at generation 7374, restarting...
Stagnation detected at generation 7378, restarting...
Stagnation detected at generation 7382, restarting...
Stagnation detected at generation 7386, restarting...
Stagnation detected at generation 7390, restarting...
Stagnation detected at generation 7394, restarting...
Stagnation detected at generation 7398, restarting...
Stagnation detected at generation 7402, restarting...
Stagnation detected at generation 7406, restarting...
Stagnation detected at generation 7410, restarting...
Stagnation detected at generation 7414, restarting...
Stagnation detected at generation 7418, restarting...
Stagnation detected at generation 7422, restarting...
Stagnation detected at generation 7426, restarting...
Stagnation detected at generation 7430, restarting...
Stagnation detected at generation 7434, restarting...
Stagnation detected at generation 7438, restarting...
Stagnation detected at generation 7442, restarting...
Stagnation detected at generation 7446, restarting...
Stagnation detected at generation 7450, restarting...
Stagnation detected at generation 7454, restarting...
Stagnation detected at generation 7458, restarting...
Stagnation detected at generation 7462, restarting...
Stagnation detected at generation 7466, restarting...
Stagnation detected at generation 7470, restarting...
Stagnation detected at generation 7474, restarting...
Stagnation detected at generation 7478, restarting...
Stagnation detected at generation 7482, restarting...
Stagnation detected at generation 7486, restarting...
Stagnation detected at generation 7490, restarting...
Stagnation detected at generation 7494, restarting...
Stagnation detected at generation 7498, restarting...
Stagnation detected at generation 7502, restarting...
Stagnation detected at generation 7506, restarting...
Stagnation detected at generation 7510, restarting...
Stagnation detected at generation 7514, restarting...
Stagnation detected at generation 7518, restarting...
Stagnation detected at generation 7522, restarting...
Stagnation detected at generation 7526, restarting...
Stagnation detected at generation 7530, restarting...
Stagnation detected at generation 7534, restarting...
Stagnation detected at generation 7538, restarting...
Stagnation detected at generation 7542, restarting...
Stagnation detected at generation 7546, restarting...
Stagnation detected at generation 7550, restarting...
Stagnation detected at generation 7554, restarting...
Stagnation detected at generation 7558, restarting...
Stagnation detected at generation 7562, restarting...
Stagnation detected at generation 7566, restarting...
Stagnation detected at generation 7570, restarting...
Stagnation detected at generation 7574, restarting...
Stagnation detected at generation 7578, restarting...
Stagnation detected at generation 7582, restarting...
Stagnation detected at generation 7586, restarting...
Stagnation detected at generation 7590, restarting...
Stagnation detected at generation 7594, restarting...
Stagnation detected at generation 7598, restarting...
Stagnation detected at generation 7602, restarting...
Stagnation detected at generation 7606, restarting...
Stagnation detected at generation 7610, restarting...
Stagnation detected at generation 7614, restarting...
Stagnation detected at generation 7618, restarting...
Stagnation detected at generation 7622, restarting...
Stagnation detected at generation 7626, restarting...
Stagnation detected at generation 7630, restarting...
Stagnation detected at generation 7634, restarting...
Stagnation detected at generation 7638, restarting...
Stagnation detected at generation 7642, restarting...
Stagnation detected at generation 7646, restarting...
Stagnation detected at generation 7650, restarting...
Stagnation detected at generation 7654, restarting...
Stagnation detected at generation 7658, restarting...
Stagnation detected at generation 7662, restarting...
Stagnation detected at generation 7666, restarting...
Stagnation detected at generation 7670, restarting...
Stagnation detected at generation 7674, restarting...
Stagnation detected at generation 7678, restarting...
Stagnation detected at generation 7682, restarting...
Stagnation detected at generation 7686, restarting...
Stagnation detected at generation 7690, restarting...
Stagnation detected at generation 7694, restarting...
Stagnation detected at generation 7698, restarting...
Stagnation detected at generation 7702, restarting...
Stagnation detected at generation 7706, restarting...
Stagnation detected at generation 7710, restarting...
Stagnation detected at generation 7714, restarting...
Stagnation detected at generation 7718, restarting...
Stagnation detected at generation 7722, restarting...
Stagnation detected at generation 7726, restarting...
Stagnation detected at generation 7730, restarting...
Stagnation detected at generation 7734, restarting...
Stagnation detected at generation 7738, restarting...
Stagnation detected at generation 7742, restarting...
Stagnation detected at generation 7746, restarting...
Stagnation detected at generation 7750, restarting...
Stagnation detected at generation 7754, restarting...
Stagnation detected at generation 7758, restarting...
Stagnation detected at generation 7762, restarting...
Stagnation detected at generation 7766, restarting...
Stagnation detected at generation 7770, restarting...
Stagnation detected at generation 7774, restarting...
Stagnation detected at generation 7778, restarting...
Stagnation detected at generation 7782, restarting...
Stagnation detected at generation 7786, restarting...
Stagnation detected at generation 7790, restarting...
Stagnation detected at generation 7794, restarting...
Stagnation detected at generation 7798, restarting...
Stagnation detected at generation 7802, restarting...
Stagnation detected at generation 7806, restarting...
Stagnation detected at generation 7810, restarting...
Stagnation detected at generation 7814, restarting...
Stagnation detected at generation 7818, restarting...
Stagnation detected at generation 7822, restarting...
Stagnation detected at generation 7826, restarting...
Stagnation detected at generation 7830, restarting...
Stagnation detected at generation 7834, restarting...
Stagnation detected at generation 7838, restarting...
Stagnation detected at generation 7842, restarting...
Stagnation detected at generation 7846, restarting...
Stagnation detected at generation 7850, restarting...
Stagnation detected at generation 7854, restarting...
Stagnation detected at generation 7858, restarting...
Stagnation detected at generation 7862, restarting...
Stagnation detected at generation 7866, restarting...
Stagnation detected at generation 7870, restarting...
Stagnation detected at generation 7874, restarting...
Stagnation detected at generation 7878, restarting...
Stagnation detected at generation 7882, restarting...
Stagnation detected at generation 7886, restarting...
Stagnation detected at generation 7890, restarting...
Stagnation detected at generation 7894, restarting...
Stagnation detected at generation 7898, restarting...
Stagnation detected at generation 7902, restarting...
Stagnation detected at generation 7906, restarting...
Stagnation detected at generation 7910, restarting...
Stagnation detected at generation 7914, restarting...
Stagnation detected at generation 7918, restarting...
Stagnation detected at generation 7922, restarting...
Stagnation detected at generation 7926, restarting...
Stagnation detected at generation 7930, restarting...
Stagnation detected at generation 7934, restarting...
Stagnation detected at generation 7938, restarting...
Stagnation detected at generation 7942, restarting...
Stagnation detected at generation 7946, restarting...
Stagnation detected at generation 7950, restarting...
Stagnation detected at generation 7954, restarting...
Stagnation detected at generation 7958, restarting...
Stagnation detected at generation 7962, restarting...
Stagnation detected at generation 7966, restarting...
Stagnation detected at generation 7970, restarting...
Stagnation detected at generation 7974, restarting...
Stagnation detected at generation 7978, restarting...
Stagnation detected at generation 7982, restarting...
Stagnation detected at generation 7986, restarting...
Stagnation detected at generation 7990, restarting...
Stagnation detected at generation 7994, restarting...
Stagnation detected at generation 7998, restarting...
Generation 8000: Best fitness = 1.780862
Stagnation detected at generation 8002, restarting...
Stagnation detected at generation 8006, restarting...
Stagnation detected at generation 8010, restarting...
Stagnation detected at generation 8014, restarting...
Stagnation detected at generation 8018, restarting...
Stagnation detected at generation 8022, restarting...
Stagnation detected at generation 8026, restarting...
Stagnation detected at generation 8030, restarting...
Stagnation detected at generation 8034, restarting...
Stagnation detected at generation 8038, restarting...
Stagnation detected at generation 8042, restarting...
Stagnation detected at generation 8046, restarting...
Stagnation detected at generation 8050, restarting...
Stagnation detected at generation 8054, restarting...
Stagnation detected at generation 8058, restarting...
Stagnation detected at generation 8062, restarting...
Stagnation detected at generation 8066, restarting...
Stagnation detected at generation 8070, restarting...
Stagnation detected at generation 8074, restarting...
Stagnation detected at generation 8078, restarting...
Stagnation detected at generation 8082, restarting...
Stagnation detected at generation 8086, restarting...
Stagnation detected at generation 8090, restarting...
Stagnation detected at generation 8094, restarting...
Stagnation detected at generation 8098, restarting...
Stagnation detected at generation 8102, restarting...
Stagnation detected at generation 8106, restarting...
Stagnation detected at generation 8110, restarting...
Stagnation detected at generation 8114, restarting...
Stagnation detected at generation 8118, restarting...
Stagnation detected at generation 8122, restarting...
Stagnation detected at generation 8126, restarting...
Stagnation detected at generation 8130, restarting...
Stagnation detected at generation 8134, restarting...
Stagnation detected at generation 8138, restarting...
Stagnation detected at generation 8142, restarting...
Stagnation detected at generation 8146, restarting...
Stagnation detected at generation 8150, restarting...
Stagnation detected at generation 8154, restarting...
Stagnation detected at generation 8158, restarting...
Stagnation detected at generation 8162, restarting...
Stagnation detected at generation 8166, restarting...
Stagnation detected at generation 8170, restarting...
Stagnation detected at generation 8174, restarting...
Stagnation detected at generation 8178, restarting...
Stagnation detected at generation 8182, restarting...
Stagnation detected at generation 8186, restarting...
Stagnation detected at generation 8190, restarting...
Stagnation detected at generation 8194, restarting...
Stagnation detected at generation 8198, restarting...
Stagnation detected at generation 8202, restarting...
Stagnation detected at generation 8206, restarting...
Stagnation detected at generation 8210, restarting...
Stagnation detected at generation 8214, restarting...
Stagnation detected at generation 8218, restarting...
Stagnation detected at generation 8222, restarting...
Stagnation detected at generation 8226, restarting...
Stagnation detected at generation 8230, restarting...
Stagnation detected at generation 8234, restarting...
Stagnation detected at generation 8238, restarting...
Stagnation detected at generation 8242, restarting...
Stagnation detected at generation 8246, restarting...
Stagnation detected at generation 8250, restarting...
Stagnation detected at generation 8254, restarting...
Stagnation detected at generation 8258, restarting...
Stagnation detected at generation 8262, restarting...
Stagnation detected at generation 8266, restarting...
Stagnation detected at generation 8270, restarting...
Stagnation detected at generation 8274, restarting...
Stagnation detected at generation 8278, restarting...
Stagnation detected at generation 8282, restarting...
Stagnation detected at generation 8286, restarting...
Stagnation detected at generation 8290, restarting...
Stagnation detected at generation 8294, restarting...
Stagnation detected at generation 8298, restarting...
Stagnation detected at generation 8302, restarting...
Stagnation detected at generation 8306, restarting...
Stagnation detected at generation 8310, restarting...
Stagnation detected at generation 8314, restarting...
Stagnation detected at generation 8318, restarting...
Stagnation detected at generation 8322, restarting...
Stagnation detected at generation 8326, restarting...
Stagnation detected at generation 8330, restarting...
Stagnation detected at generation 8334, restarting...
Stagnation detected at generation 8338, restarting...
Stagnation detected at generation 8342, restarting...
Stagnation detected at generation 8346, restarting...
Stagnation detected at generation 8350, restarting...
Stagnation detected at generation 8354, restarting...
Stagnation detected at generation 8358, restarting...
Stagnation detected at generation 8362, restarting...
Stagnation detected at generation 8366, restarting...
Stagnation detected at generation 8370, restarting...
Stagnation detected at generation 8374, restarting...
Stagnation detected at generation 8378, restarting...
Stagnation detected at generation 8382, restarting...
Stagnation detected at generation 8386, restarting...
Stagnation detected at generation 8390, restarting...
Stagnation detected at generation 8394, restarting...
Stagnation detected at generation 8398, restarting...
Stagnation detected at generation 8402, restarting...
Stagnation detected at generation 8406, restarting...
Stagnation detected at generation 8410, restarting...
Stagnation detected at generation 8414, restarting...
Stagnation detected at generation 8418, restarting...
Stagnation detected at generation 8422, restarting...
Stagnation detected at generation 8426, restarting...
Stagnation detected at generation 8430, restarting...
Stagnation detected at generation 8434, restarting...
Stagnation detected at generation 8438, restarting...
Stagnation detected at generation 8442, restarting...
Stagnation detected at generation 8446, restarting...
Stagnation detected at generation 8450, restarting...
Stagnation detected at generation 8454, restarting...
Stagnation detected at generation 8458, restarting...
Stagnation detected at generation 8462, restarting...
Stagnation detected at generation 8466, restarting...
Stagnation detected at generation 8470, restarting...
Stagnation detected at generation 8474, restarting...
Stagnation detected at generation 8478, restarting...
Stagnation detected at generation 8482, restarting...
Stagnation detected at generation 8486, restarting...
Stagnation detected at generation 8490, restarting...
Stagnation detected at generation 8494, restarting...
Stagnation detected at generation 8498, restarting...
Stagnation detected at generation 8502, restarting...
Stagnation detected at generation 8506, restarting...
Stagnation detected at generation 8510, restarting...
Stagnation detected at generation 8514, restarting...
Stagnation detected at generation 8518, restarting...
Stagnation detected at generation 8522, restarting...
Stagnation detected at generation 8526, restarting...
Stagnation detected at generation 8530, restarting...
Stagnation detected at generation 8534, restarting...
Stagnation detected at generation 8538, restarting...
Stagnation detected at generation 8542, restarting...
Stagnation detected at generation 8546, restarting...
Stagnation detected at generation 8550, restarting...
Stagnation detected at generation 8554, restarting...
Stagnation detected at generation 8558, restarting...
Stagnation detected at generation 8562, restarting...
Stagnation detected at generation 8566, restarting...
Stagnation detected at generation 8570, restarting...
Stagnation detected at generation 8574, restarting...
Stagnation detected at generation 8578, restarting...
Stagnation detected at generation 8582, restarting...
Stagnation detected at generation 8586, restarting...
Stagnation detected at generation 8590, restarting...
Stagnation detected at generation 8594, restarting...
Stagnation detected at generation 8598, restarting...
Stagnation detected at generation 8602, restarting...
Stagnation detected at generation 8606, restarting...
Stagnation detected at generation 8610, restarting...
Stagnation detected at generation 8614, restarting...
Stagnation detected at generation 8618, restarting...
Stagnation detected at generation 8622, restarting...
Stagnation detected at generation 8626, restarting...
Stagnation detected at generation 8630, restarting...
Stagnation detected at generation 8634, restarting...
Stagnation detected at generation 8638, restarting...
Stagnation detected at generation 8642, restarting...
Stagnation detected at generation 8646, restarting...
Stagnation detected at generation 8650, restarting...
Stagnation detected at generation 8654, restarting...
Stagnation detected at generation 8658, restarting...
Stagnation detected at generation 8662, restarting...
Stagnation detected at generation 8666, restarting...
Stagnation detected at generation 8670, restarting...
Stagnation detected at generation 8674, restarting...
Stagnation detected at generation 8678, restarting...
Stagnation detected at generation 8682, restarting...
Stagnation detected at generation 8686, restarting...
Stagnation detected at generation 8690, restarting...
Stagnation detected at generation 8694, restarting...
Stagnation detected at generation 8698, restarting...
Stagnation detected at generation 8702, restarting...
Stagnation detected at generation 8706, restarting...
Stagnation detected at generation 8710, restarting...
Stagnation detected at generation 8714, restarting...
Stagnation detected at generation 8718, restarting...
Stagnation detected at generation 8722, restarting...
Stagnation detected at generation 8726, restarting...
Stagnation detected at generation 8730, restarting...
Stagnation detected at generation 8734, restarting...
Stagnation detected at generation 8738, restarting...
Stagnation detected at generation 8742, restarting...
Stagnation detected at generation 8746, restarting...
Stagnation detected at generation 8750, restarting...
Stagnation detected at generation 8754, restarting...
Stagnation detected at generation 8758, restarting...
Stagnation detected at generation 8762, restarting...
Stagnation detected at generation 8766, restarting...
Stagnation detected at generation 8770, restarting...
Stagnation detected at generation 8774, restarting...
Stagnation detected at generation 8778, restarting...
Stagnation detected at generation 8782, restarting...
Stagnation detected at generation 8786, restarting...
Stagnation detected at generation 8790, restarting...
Stagnation detected at generation 8794, restarting...
Stagnation detected at generation 8798, restarting...
Stagnation detected at generation 8802, restarting...
Stagnation detected at generation 8806, restarting...
Stagnation detected at generation 8810, restarting...
Stagnation detected at generation 8814, restarting...
Stagnation detected at generation 8818, restarting...
Stagnation detected at generation 8822, restarting...
Stagnation detected at generation 8826, restarting...
Stagnation detected at generation 8830, restarting...
Stagnation detected at generation 8834, restarting...
Stagnation detected at generation 8838, restarting...
Stagnation detected at generation 8842, restarting...
Stagnation detected at generation 8846, restarting...
Stagnation detected at generation 8850, restarting...
Stagnation detected at generation 8854, restarting...
Stagnation detected at generation 8858, restarting...
Stagnation detected at generation 8862, restarting...
Stagnation detected at generation 8866, restarting...
Stagnation detected at generation 8870, restarting...
Stagnation detected at generation 8874, restarting...
Stagnation detected at generation 8878, restarting...
Stagnation detected at generation 8882, restarting...
Stagnation detected at generation 8886, restarting...
Stagnation detected at generation 8890, restarting...
Stagnation detected at generation 8894, restarting...
Stagnation detected at generation 8898, restarting...
Stagnation detected at generation 8902, restarting...
Stagnation detected at generation 8906, restarting...
Stagnation detected at generation 8910, restarting...
Stagnation detected at generation 8914, restarting...
Stagnation detected at generation 8918, restarting...
Stagnation detected at generation 8922, restarting...
Stagnation detected at generation 8926, restarting...
Stagnation detected at generation 8930, restarting...
Stagnation detected at generation 8934, restarting...
Stagnation detected at generation 8938, restarting...
Stagnation detected at generation 8942, restarting...
Stagnation detected at generation 8946, restarting...
Stagnation detected at generation 8950, restarting...
Stagnation detected at generation 8954, restarting...
Stagnation detected at generation 8958, restarting...
Stagnation detected at generation 8962, restarting...
Stagnation detected at generation 8966, restarting...
Stagnation detected at generation 8970, restarting...
Stagnation detected at generation 8974, restarting...
Stagnation detected at generation 8978, restarting...
Stagnation detected at generation 8982, restarting...
Stagnation detected at generation 8986, restarting...
Stagnation detected at generation 8990, restarting...
Stagnation detected at generation 8994, restarting...
Stagnation detected at generation 8998, restarting...
Generation 9000: Best fitness = 1.780862
Stagnation detected at generation 9002, restarting...
Stagnation detected at generation 9006, restarting...
Stagnation detected at generation 9010, restarting...
Stagnation detected at generation 9014, restarting...
Stagnation detected at generation 9018, restarting...
Stagnation detected at generation 9022, restarting...
Stagnation detected at generation 9026, restarting...
Stagnation detected at generation 9030, restarting...
Stagnation detected at generation 9034, restarting...
Stagnation detected at generation 9038, restarting...
Stagnation detected at generation 9042, restarting...
Stagnation detected at generation 9046, restarting...
Stagnation detected at generation 9050, restarting...
Stagnation detected at generation 9054, restarting...
Stagnation detected at generation 9058, restarting...
Stagnation detected at generation 9062, restarting...
Stagnation detected at generation 9066, restarting...
Stagnation detected at generation 9070, restarting...
Stagnation detected at generation 9074, restarting...
Stagnation detected at generation 9078, restarting...
Stagnation detected at generation 9082, restarting...
Stagnation detected at generation 9086, restarting...
Stagnation detected at generation 9090, restarting...
Stagnation detected at generation 9094, restarting...
Stagnation detected at generation 9098, restarting...
Stagnation detected at generation 9102, restarting...
Stagnation detected at generation 9106, restarting...
Stagnation detected at generation 9110, restarting...
Stagnation detected at generation 9114, restarting...
Stagnation detected at generation 9118, restarting...
Stagnation detected at generation 9122, restarting...
Stagnation detected at generation 9126, restarting...
Stagnation detected at generation 9130, restarting...
Stagnation detected at generation 9134, restarting...
Stagnation detected at generation 9138, restarting...
Stagnation detected at generation 9142, restarting...
Stagnation detected at generation 9146, restarting...
Stagnation detected at generation 9150, restarting...
Stagnation detected at generation 9154, restarting...
Stagnation detected at generation 9158, restarting...
Stagnation detected at generation 9162, restarting...
Stagnation detected at generation 9166, restarting...
Stagnation detected at generation 9170, restarting...
Stagnation detected at generation 9174, restarting...
Stagnation detected at generation 9178, restarting...
Stagnation detected at generation 9182, restarting...
Stagnation detected at generation 9186, restarting...
Stagnation detected at generation 9190, restarting...
Stagnation detected at generation 9194, restarting...
Stagnation detected at generation 9198, restarting...
Stagnation detected at generation 9202, restarting...
Stagnation detected at generation 9206, restarting...
Stagnation detected at generation 9210, restarting...
Stagnation detected at generation 9214, restarting...
Stagnation detected at generation 9218, restarting...
Stagnation detected at generation 9222, restarting...
Stagnation detected at generation 9226, restarting...
Stagnation detected at generation 9230, restarting...
Stagnation detected at generation 9234, restarting...
Stagnation detected at generation 9238, restarting...
Stagnation detected at generation 9242, restarting...
Stagnation detected at generation 9246, restarting...
Stagnation detected at generation 9250, restarting...
Stagnation detected at generation 9254, restarting...
Stagnation detected at generation 9258, restarting...
Stagnation detected at generation 9262, restarting...
Stagnation detected at generation 9266, restarting...
Stagnation detected at generation 9270, restarting...
Stagnation detected at generation 9274, restarting...
Stagnation detected at generation 9278, restarting...
Stagnation detected at generation 9282, restarting...
Stagnation detected at generation 9286, restarting...
Stagnation detected at generation 9290, restarting...
Stagnation detected at generation 9294, restarting...
Stagnation detected at generation 9298, restarting...
Stagnation detected at generation 9302, restarting...
Stagnation detected at generation 9306, restarting...
Stagnation detected at generation 9310, restarting...
Stagnation detected at generation 9314, restarting...
Stagnation detected at generation 9318, restarting...
Stagnation detected at generation 9322, restarting...
Stagnation detected at generation 9326, restarting...
Stagnation detected at generation 9330, restarting...
Stagnation detected at generation 9334, restarting...
Stagnation detected at generation 9338, restarting...
Stagnation detected at generation 9342, restarting...
Stagnation detected at generation 9346, restarting...
Stagnation detected at generation 9350, restarting...
Stagnation detected at generation 9354, restarting...
Stagnation detected at generation 9358, restarting...
Stagnation detected at generation 9362, restarting...
Stagnation detected at generation 9366, restarting...
Stagnation detected at generation 9370, restarting...
Stagnation detected at generation 9374, restarting...
Stagnation detected at generation 9378, restarting...
Stagnation detected at generation 9382, restarting...
Stagnation detected at generation 9386, restarting...
Stagnation detected at generation 9390, restarting...
Stagnation detected at generation 9394, restarting...
Stagnation detected at generation 9398, restarting...
Stagnation detected at generation 9402, restarting...
Stagnation detected at generation 9406, restarting...
Stagnation detected at generation 9410, restarting...
Stagnation detected at generation 9414, restarting...
Stagnation detected at generation 9418, restarting...
Stagnation detected at generation 9422, restarting...
Stagnation detected at generation 9426, restarting...
Stagnation detected at generation 9430, restarting...
Stagnation detected at generation 9434, restarting...
Stagnation detected at generation 9438, restarting...
Stagnation detected at generation 9442, restarting...
Stagnation detected at generation 9446, restarting...
Stagnation detected at generation 9450, restarting...
Stagnation detected at generation 9454, restarting...
Stagnation detected at generation 9458, restarting...
Stagnation detected at generation 9462, restarting...
Stagnation detected at generation 9466, restarting...
Stagnation detected at generation 9470, restarting...
Stagnation detected at generation 9474, restarting...
Stagnation detected at generation 9478, restarting...
Stagnation detected at generation 9482, restarting...
Stagnation detected at generation 9486, restarting...
Stagnation detected at generation 9490, restarting...
Stagnation detected at generation 9494, restarting...
Stagnation detected at generation 9498, restarting...
Stagnation detected at generation 9502, restarting...
Stagnation detected at generation 9506, restarting...
Stagnation detected at generation 9510, restarting...
Stagnation detected at generation 9514, restarting...
Stagnation detected at generation 9518, restarting...
Stagnation detected at generation 9522, restarting...
Stagnation detected at generation 9526, restarting...
Stagnation detected at generation 9530, restarting...
Stagnation detected at generation 9534, restarting...
Stagnation detected at generation 9538, restarting...
Stagnation detected at generation 9542, restarting...
Stagnation detected at generation 9546, restarting...
Stagnation detected at generation 9550, restarting...
Stagnation detected at generation 9554, restarting...
Stagnation detected at generation 9558, restarting...
Stagnation detected at generation 9562, restarting...
Stagnation detected at generation 9566, restarting...
Stagnation detected at generation 9570, restarting...
Stagnation detected at generation 9574, restarting...
Stagnation detected at generation 9578, restarting...
Stagnation detected at generation 9582, restarting...
Stagnation detected at generation 9586, restarting...
Stagnation detected at generation 9590, restarting...
Stagnation detected at generation 9594, restarting...
Stagnation detected at generation 9598, restarting...
Stagnation detected at generation 9602, restarting...
Stagnation detected at generation 9606, restarting...
Stagnation detected at generation 9610, restarting...
Stagnation detected at generation 9614, restarting...
Stagnation detected at generation 9618, restarting...
Stagnation detected at generation 9622, restarting...
Stagnation detected at generation 9626, restarting...
Stagnation detected at generation 9630, restarting...
Stagnation detected at generation 9634, restarting...
Stagnation detected at generation 9638, restarting...
Stagnation detected at generation 9642, restarting...
Stagnation detected at generation 9646, restarting...
Stagnation detected at generation 9650, restarting...
Stagnation detected at generation 9654, restarting...
Stagnation detected at generation 9658, restarting...
Stagnation detected at generation 9662, restarting...
Stagnation detected at generation 9666, restarting...
Stagnation detected at generation 9670, restarting...
Stagnation detected at generation 9674, restarting...
Stagnation detected at generation 9678, restarting...
Stagnation detected at generation 9682, restarting...
Stagnation detected at generation 9686, restarting...
Stagnation detected at generation 9690, restarting...
Stagnation detected at generation 9694, restarting...
Stagnation detected at generation 9698, restarting...
Stagnation detected at generation 9702, restarting...
Stagnation detected at generation 9706, restarting...
Stagnation detected at generation 9710, restarting...
Stagnation detected at generation 9714, restarting...
Stagnation detected at generation 9718, restarting...
Stagnation detected at generation 9722, restarting...
Stagnation detected at generation 9726, restarting...
Stagnation detected at generation 9730, restarting...
Stagnation detected at generation 9734, restarting...
Stagnation detected at generation 9738, restarting...
Stagnation detected at generation 9742, restarting...
Stagnation detected at generation 9746, restarting...
Stagnation detected at generation 9750, restarting...
Stagnation detected at generation 9754, restarting...
Stagnation detected at generation 9758, restarting...
Stagnation detected at generation 9762, restarting...
Stagnation detected at generation 9766, restarting...
Stagnation detected at generation 9770, restarting...
Stagnation detected at generation 9774, restarting...
Stagnation detected at generation 9778, restarting...
Stagnation detected at generation 9782, restarting...
Stagnation detected at generation 9786, restarting...
Stagnation detected at generation 9790, restarting...
Stagnation detected at generation 9794, restarting...
Stagnation detected at generation 9798, restarting...
Stagnation detected at generation 9802, restarting...
Stagnation detected at generation 9806, restarting...
Stagnation detected at generation 9810, restarting...
Stagnation detected at generation 9814, restarting...
Stagnation detected at generation 9818, restarting...
Stagnation detected at generation 9822, restarting...
Stagnation detected at generation 9826, restarting...
Stagnation detected at generation 9830, restarting...
Stagnation detected at generation 9834, restarting...
Stagnation detected at generation 9838, restarting...
Stagnation detected at generation 9842, restarting...
Stagnation detected at generation 9846, restarting...
Stagnation detected at generation 9850, restarting...
Stagnation detected at generation 9854, restarting...
Stagnation detected at generation 9858, restarting...
Stagnation detected at generation 9862, restarting...
Stagnation detected at generation 9866, restarting...
Stagnation detected at generation 9870, restarting...
Stagnation detected at generation 9874, restarting...
Stagnation detected at generation 9878, restarting...
Stagnation detected at generation 9882, restarting...
Stagnation detected at generation 9886, restarting...
Stagnation detected at generation 9890, restarting...
Stagnation detected at generation 9894, restarting...
Stagnation detected at generation 9898, restarting...
Stagnation detected at generation 9902, restarting...
Stagnation detected at generation 9906, restarting...
Stagnation detected at generation 9910, restarting...
Stagnation detected at generation 9914, restarting...
Stagnation detected at generation 9918, restarting...
Stagnation detected at generation 9922, restarting...
Stagnation detected at generation 9926, restarting...
Stagnation detected at generation 9930, restarting...
Stagnation detected at generation 9934, restarting...
Stagnation detected at generation 9938, restarting...
Stagnation detected at generation 9942, restarting...
Stagnation detected at generation 9946, restarting...
Stagnation detected at generation 9950, restarting...
Stagnation detected at generation 9954, restarting...
Stagnation detected at generation 9958, restarting...
Stagnation detected at generation 9962, restarting...
Stagnation detected at generation 9966, restarting...
Stagnation detected at generation 9970, restarting...
Stagnation detected at generation 9974, restarting...
Stagnation detected at generation 9978, restarting...
Stagnation detected at generation 9982, restarting...
Stagnation detected at generation 9986, restarting...
Stagnation detected at generation 9990, restarting...
Stagnation detected at generation 9994, restarting...
Stagnation detected at generation 9998, restarting...
Generation 10000: Best fitness = 1.780862
Stagnation detected at generation 10002, restarting...
Stagnation detected at generation 10006, restarting...
Stagnation detected at generation 10010, restarting...
Stagnation detected at generation 10014, restarting...
Stagnation detected at generation 10018, restarting...
Stagnation detected at generation 10022, restarting...
Stagnation detected at generation 10026, restarting...
Stagnation detected at generation 10030, restarting...
Stagnation detected at generation 10034, restarting...
Stagnation detected at generation 10038, restarting...
Stagnation detected at generation 10042, restarting...
Stagnation detected at generation 10046, restarting...
Stagnation detected at generation 10050, restarting...
Stagnation detected at generation 10054, restarting...
Stagnation detected at generation 10058, restarting...
Stagnation detected at generation 10062, restarting...
Stagnation detected at generation 10066, restarting...
Stagnation detected at generation 10070, restarting...
Stagnation detected at generation 10074, restarting...
Stagnation detected at generation 10078, restarting...
Stagnation detected at generation 10082, restarting...
Stagnation detected at generation 10086, restarting...
Stagnation detected at generation 10090, restarting...
Stagnation detected at generation 10094, restarting...
Stagnation detected at generation 10098, restarting...
Stagnation detected at generation 10102, restarting...
Stagnation detected at generation 10106, restarting...
Stagnation detected at generation 10110, restarting...
Stagnation detected at generation 10114, restarting...
Stagnation detected at generation 10118, restarting...
Stagnation detected at generation 10122, restarting...
Stagnation detected at generation 10126, restarting...
Stagnation detected at generation 10130, restarting...
Stagnation detected at generation 10134, restarting...
Stagnation detected at generation 10138, restarting...
Stagnation detected at generation 10142, restarting...
Stagnation detected at generation 10146, restarting...
Stagnation detected at generation 10150, restarting...
Stagnation detected at generation 10154, restarting...
Stagnation detected at generation 10158, restarting...
Stagnation detected at generation 10162, restarting...
Stagnation detected at generation 10166, restarting...
Stagnation detected at generation 10170, restarting...
Stagnation detected at generation 10174, restarting...
Stagnation detected at generation 10178, restarting...
Stagnation detected at generation 10182, restarting...
Stagnation detected at generation 10186, restarting...
Stagnation detected at generation 10190, restarting...
Stagnation detected at generation 10194, restarting...
Stagnation detected at generation 10198, restarting...
Stagnation detected at generation 10202, restarting...
Stagnation detected at generation 10206, restarting...
Stagnation detected at generation 10210, restarting...
Stagnation detected at generation 10214, restarting...
Stagnation detected at generation 10218, restarting...
Stagnation detected at generation 10222, restarting...
Stagnation detected at generation 10226, restarting...
Stagnation detected at generation 10230, restarting...
Stagnation detected at generation 10234, restarting...
Stagnation detected at generation 10238, restarting...
Stagnation detected at generation 10242, restarting...
Stagnation detected at generation 10246, restarting...
Stagnation detected at generation 10250, restarting...
Stagnation detected at generation 10254, restarting...
Stagnation detected at generation 10258, restarting...
Stagnation detected at generation 10262, restarting...
Stagnation detected at generation 10266, restarting...
Stagnation detected at generation 10270, restarting...
Stagnation detected at generation 10274, restarting...
Stagnation detected at generation 10278, restarting...
Stagnation detected at generation 10282, restarting...
Stagnation detected at generation 10286, restarting...
Stagnation detected at generation 10290, restarting...
Stagnation detected at generation 10294, restarting...
Stagnation detected at generation 10298, restarting...
Stagnation detected at generation 10302, restarting...
Stagnation detected at generation 10306, restarting...
Stagnation detected at generation 10310, restarting...
Stagnation detected at generation 10314, restarting...
Stagnation detected at generation 10318, restarting...
Stagnation detected at generation 10322, restarting...
Stagnation detected at generation 10326, restarting...
Stagnation detected at generation 10330, restarting...
Stagnation detected at generation 10334, restarting...
Stagnation detected at generation 10338, restarting...
Stagnation detected at generation 10342, restarting...
Stagnation detected at generation 10346, restarting...
Stagnation detected at generation 10350, restarting...
Stagnation detected at generation 10354, restarting...
Stagnation detected at generation 10358, restarting...
Stagnation detected at generation 10362, restarting...
Stagnation detected at generation 10366, restarting...
Stagnation detected at generation 10370, restarting...
Stagnation detected at generation 10374, restarting...
Stagnation detected at generation 10378, restarting...
Stagnation detected at generation 10382, restarting...
Stagnation detected at generation 10386, restarting...
Stagnation detected at generation 10390, restarting...
Stagnation detected at generation 10394, restarting...
Stagnation detected at generation 10398, restarting...
Stagnation detected at generation 10402, restarting...
Stagnation detected at generation 10406, restarting...
Stagnation detected at generation 10410, restarting...
Stagnation detected at generation 10414, restarting...
Stagnation detected at generation 10418, restarting...
Stagnation detected at generation 10422, restarting...
Stagnation detected at generation 10426, restarting...
Stagnation detected at generation 10430, restarting...
Stagnation detected at generation 10434, restarting...
Stagnation detected at generation 10438, restarting...
Stagnation detected at generation 10442, restarting...
Stagnation detected at generation 10446, restarting...
Stagnation detected at generation 10450, restarting...
Stagnation detected at generation 10454, restarting...
Stagnation detected at generation 10458, restarting...
Stagnation detected at generation 10462, restarting...
Stagnation detected at generation 10466, restarting...
Stagnation detected at generation 10470, restarting...
Stagnation detected at generation 10474, restarting...
Stagnation detected at generation 10478, restarting...
Stagnation detected at generation 10482, restarting...
Stagnation detected at generation 10486, restarting...
Stagnation detected at generation 10490, restarting...
Stagnation detected at generation 10494, restarting...
Stagnation detected at generation 10498, restarting...
Stagnation detected at generation 10502, restarting...
Stagnation detected at generation 10506, restarting...
Stagnation detected at generation 10510, restarting...
Stagnation detected at generation 10514, restarting...
Stagnation detected at generation 10518, restarting...
Stagnation detected at generation 10522, restarting...
Stagnation detected at generation 10526, restarting...
Stagnation detected at generation 10530, restarting...
Stagnation detected at generation 10534, restarting...
Stagnation detected at generation 10538, restarting...
Stagnation detected at generation 10542, restarting...
Stagnation detected at generation 10546, restarting...
Stagnation detected at generation 10550, restarting...
Stagnation detected at generation 10554, restarting...
Stagnation detected at generation 10558, restarting...
Stagnation detected at generation 10562, restarting...
Stagnation detected at generation 10566, restarting...
Stagnation detected at generation 10570, restarting...
Stagnation detected at generation 10574, restarting...
Stagnation detected at generation 10578, restarting...
Stagnation detected at generation 10582, restarting...
Stagnation detected at generation 10586, restarting...
Stagnation detected at generation 10590, restarting...
Stagnation detected at generation 10594, restarting...
Stagnation detected at generation 10598, restarting...
Stagnation detected at generation 10602, restarting...
Stagnation detected at generation 10606, restarting...
Stagnation detected at generation 10610, restarting...
Stagnation detected at generation 10614, restarting...
Stagnation detected at generation 10618, restarting...
Stagnation detected at generation 10622, restarting...
Stagnation detected at generation 10626, restarting...
Stagnation detected at generation 10630, restarting...
Stagnation detected at generation 10634, restarting...
Stagnation detected at generation 10638, restarting...
Stagnation detected at generation 10642, restarting...
Stagnation detected at generation 10646, restarting...
Stagnation detected at generation 10650, restarting...
Stagnation detected at generation 10654, restarting...
Stagnation detected at generation 10658, restarting...
Stagnation detected at generation 10662, restarting...
Stagnation detected at generation 10666, restarting...
Stagnation detected at generation 10670, restarting...
Stagnation detected at generation 10674, restarting...
Stagnation detected at generation 10678, restarting...
Stagnation detected at generation 10682, restarting...
Stagnation detected at generation 10686, restarting...
Stagnation detected at generation 10690, restarting...
Stagnation detected at generation 10694, restarting...
Stagnation detected at generation 10698, restarting...
Stagnation detected at generation 10702, restarting...
Stagnation detected at generation 10706, restarting...
Stagnation detected at generation 10710, restarting...
Stagnation detected at generation 10714, restarting...
Stagnation detected at generation 10718, restarting...
Stagnation detected at generation 10722, restarting...
Stagnation detected at generation 10726, restarting...
Stagnation detected at generation 10730, restarting...
Stagnation detected at generation 10734, restarting...
Stagnation detected at generation 10738, restarting...
Stagnation detected at generation 10742, restarting...
Stagnation detected at generation 10746, restarting...
Stagnation detected at generation 10750, restarting...
Stagnation detected at generation 10754, restarting...
Stagnation detected at generation 10758, restarting...
Stagnation detected at generation 10762, restarting...
Stagnation detected at generation 10766, restarting...
Stagnation detected at generation 10770, restarting...
Stagnation detected at generation 10774, restarting...
Stagnation detected at generation 10778, restarting...
Stagnation detected at generation 10782, restarting...
Stagnation detected at generation 10786, restarting...
Stagnation detected at generation 10790, restarting...
Stagnation detected at generation 10794, restarting...
Stagnation detected at generation 10798, restarting...
Stagnation detected at generation 10802, restarting...
Stagnation detected at generation 10806, restarting...
Stagnation detected at generation 10810, restarting...
Stagnation detected at generation 10814, restarting...
Stagnation detected at generation 10818, restarting...
Stagnation detected at generation 10822, restarting...
Stagnation detected at generation 10826, restarting...
Stagnation detected at generation 10830, restarting...
Stagnation detected at generation 10834, restarting...
Stagnation detected at generation 10838, restarting...
Stagnation detected at generation 10842, restarting...
Stagnation detected at generation 10846, restarting...
Stagnation detected at generation 10850, restarting...
Stagnation detected at generation 10854, restarting...
Stagnation detected at generation 10858, restarting...
Stagnation detected at generation 10862, restarting...
Stagnation detected at generation 10866, restarting...
Stagnation detected at generation 10870, restarting...
Stagnation detected at generation 10874, restarting...
Stagnation detected at generation 10878, restarting...
Stagnation detected at generation 10882, restarting...
Stagnation detected at generation 10886, restarting...
Stagnation detected at generation 10890, restarting...
Stagnation detected at generation 10894, restarting...
Stagnation detected at generation 10898, restarting...
Stagnation detected at generation 10902, restarting...
Stagnation detected at generation 10906, restarting...
Stagnation detected at generation 10910, restarting...
Stagnation detected at generation 10914, restarting...
Stagnation detected at generation 10918, restarting...
Stagnation detected at generation 10922, restarting...
Stagnation detected at generation 10926, restarting...
Stagnation detected at generation 10930, restarting...
Stagnation detected at generation 10934, restarting...
Stagnation detected at generation 10938, restarting...
Stagnation detected at generation 10942, restarting...
Stagnation detected at generation 10946, restarting...
Stagnation detected at generation 10950, restarting...
Stagnation detected at generation 10954, restarting...
Stagnation detected at generation 10958, restarting...
Stagnation detected at generation 10962, restarting...
Stagnation detected at generation 10966, restarting...
Stagnation detected at generation 10970, restarting...
Stagnation detected at generation 10974, restarting...
Stagnation detected at generation 10978, restarting...
Stagnation detected at generation 10982, restarting...
Stagnation detected at generation 10986, restarting...
Stagnation detected at generation 10990, restarting...
Stagnation detected at generation 10994, restarting...
Stagnation detected at generation 10998, restarting...
Generation 11000: Best fitness = 1.780862
Stagnation detected at generation 11002, restarting...
Stagnation detected at generation 11006, restarting...
Stagnation detected at generation 11010, restarting...
Stagnation detected at generation 11014, restarting...
Stagnation detected at generation 11018, restarting...
Stagnation detected at generation 11022, restarting...
Stagnation detected at generation 11026, restarting...
Stagnation detected at generation 11030, restarting...
Stagnation detected at generation 11034, restarting...
Stagnation detected at generation 11038, restarting...
Stagnation detected at generation 11042, restarting...
Stagnation detected at generation 11046, restarting...
Stagnation detected at generation 11050, restarting...
Stagnation detected at generation 11054, restarting...
Stagnation detected at generation 11058, restarting...
Stagnation detected at generation 11062, restarting...
Stagnation detected at generation 11066, restarting...
Stagnation detected at generation 11070, restarting...
Stagnation detected at generation 11074, restarting...
Stagnation detected at generation 11078, restarting...
Stagnation detected at generation 11082, restarting...
Stagnation detected at generation 11086, restarting...
Stagnation detected at generation 11090, restarting...
Stagnation detected at generation 11094, restarting...
Stagnation detected at generation 11098, restarting...
Stagnation detected at generation 11102, restarting...
Stagnation detected at generation 11106, restarting...
Stagnation detected at generation 11110, restarting...
Stagnation detected at generation 11114, restarting...
Stagnation detected at generation 11118, restarting...
Stagnation detected at generation 11122, restarting...
Stagnation detected at generation 11126, restarting...
Stagnation detected at generation 11130, restarting...
Stagnation detected at generation 11134, restarting...
Stagnation detected at generation 11138, restarting...
Stagnation detected at generation 11142, restarting...
Stagnation detected at generation 11146, restarting...
Stagnation detected at generation 11150, restarting...
Stagnation detected at generation 11154, restarting...
Stagnation detected at generation 11158, restarting...
Stagnation detected at generation 11162, restarting...
Stagnation detected at generation 11166, restarting...
Stagnation detected at generation 11170, restarting...
Stagnation detected at generation 11174, restarting...
Stagnation detected at generation 11178, restarting...
Stagnation detected at generation 11182, restarting...
Stagnation detected at generation 11186, restarting...
Stagnation detected at generation 11190, restarting...
Stagnation detected at generation 11194, restarting...
Stagnation detected at generation 11198, restarting...
Stagnation detected at generation 11202, restarting...
Stagnation detected at generation 11206, restarting...
Stagnation detected at generation 11210, restarting...
Stagnation detected at generation 11214, restarting...
Stagnation detected at generation 11218, restarting...
Stagnation detected at generation 11222, restarting...
Stagnation detected at generation 11226, restarting...
Stagnation detected at generation 11230, restarting...
Stagnation detected at generation 11234, restarting...
Stagnation detected at generation 11238, restarting...
Stagnation detected at generation 11242, restarting...
Stagnation detected at generation 11246, restarting...
Stagnation detected at generation 11250, restarting...
Stagnation detected at generation 11254, restarting...
Stagnation detected at generation 11258, restarting...
Stagnation detected at generation 11262, restarting...
Stagnation detected at generation 11266, restarting...
Stagnation detected at generation 11270, restarting...
Stagnation detected at generation 11274, restarting...
Stagnation detected at generation 11278, restarting...
Stagnation detected at generation 11282, restarting...
Stagnation detected at generation 11286, restarting...
Stagnation detected at generation 11290, restarting...
Stagnation detected at generation 11294, restarting...
Stagnation detected at generation 11298, restarting...
Stagnation detected at generation 11302, restarting...
Stagnation detected at generation 11306, restarting...
Stagnation detected at generation 11310, restarting...
Stagnation detected at generation 11314, restarting...
Stagnation detected at generation 11318, restarting...
Stagnation detected at generation 11322, restarting...
Stagnation detected at generation 11326, restarting...
Stagnation detected at generation 11330, restarting...
Stagnation detected at generation 11334, restarting...
Stagnation detected at generation 11338, restarting...
Stagnation detected at generation 11342, restarting...
Stagnation detected at generation 11346, restarting...
Stagnation detected at generation 11350, restarting...
Stagnation detected at generation 11354, restarting...
Stagnation detected at generation 11358, restarting...
Stagnation detected at generation 11362, restarting...
Stagnation detected at generation 11366, restarting...
Stagnation detected at generation 11370, restarting...
Stagnation detected at generation 11374, restarting...
Stagnation detected at generation 11378, restarting...
Stagnation detected at generation 11382, restarting...
Stagnation detected at generation 11386, restarting...
Stagnation detected at generation 11390, restarting...
Stagnation detected at generation 11394, restarting...
Stagnation detected at generation 11398, restarting...
Stagnation detected at generation 11402, restarting...
Stagnation detected at generation 11406, restarting...
Stagnation detected at generation 11410, restarting...
Stagnation detected at generation 11414, restarting...
Stagnation detected at generation 11418, restarting...
Stagnation detected at generation 11422, restarting...
Stagnation detected at generation 11426, restarting...
Stagnation detected at generation 11430, restarting...
Stagnation detected at generation 11434, restarting...
Stagnation detected at generation 11438, restarting...
Stagnation detected at generation 11442, restarting...
Stagnation detected at generation 11446, restarting...
Stagnation detected at generation 11450, restarting...
Stagnation detected at generation 11454, restarting...
Stagnation detected at generation 11458, restarting...
Stagnation detected at generation 11462, restarting...
Stagnation detected at generation 11466, restarting...
Stagnation detected at generation 11470, restarting...
Stagnation detected at generation 11474, restarting...
Stagnation detected at generation 11478, restarting...
Stagnation detected at generation 11482, restarting...
Stagnation detected at generation 11486, restarting...
Stagnation detected at generation 11490, restarting...
Stagnation detected at generation 11494, restarting...
Stagnation detected at generation 11498, restarting...
Stagnation detected at generation 11502, restarting...
Stagnation detected at generation 11506, restarting...
Stagnation detected at generation 11510, restarting...
Stagnation detected at generation 11514, restarting...
Stagnation detected at generation 11518, restarting...
Stagnation detected at generation 11522, restarting...
Stagnation detected at generation 11526, restarting...
Stagnation detected at generation 11530, restarting...
Stagnation detected at generation 11534, restarting...
Stagnation detected at generation 11538, restarting...
Stagnation detected at generation 11542, restarting...
Stagnation detected at generation 11546, restarting...
Stagnation detected at generation 11550, restarting...
Stagnation detected at generation 11554, restarting...
Stagnation detected at generation 11558, restarting...
Stagnation detected at generation 11562, restarting...
Stagnation detected at generation 11566, restarting...
Stagnation detected at generation 11570, restarting...
Stagnation detected at generation 11574, restarting...
Stagnation detected at generation 11578, restarting...
Stagnation detected at generation 11582, restarting...
Stagnation detected at generation 11586, restarting...
Stagnation detected at generation 11590, restarting...
Stagnation detected at generation 11594, restarting...
Stagnation detected at generation 11598, restarting...
Stagnation detected at generation 11602, restarting...
Stagnation detected at generation 11606, restarting...
Stagnation detected at generation 11610, restarting...
Stagnation detected at generation 11614, restarting...
Stagnation detected at generation 11618, restarting...
Stagnation detected at generation 11622, restarting...
Stagnation detected at generation 11626, restarting...
Stagnation detected at generation 11630, restarting...
Stagnation detected at generation 11634, restarting...
Stagnation detected at generation 11638, restarting...
Stagnation detected at generation 11642, restarting...
Stagnation detected at generation 11646, restarting...
Stagnation detected at generation 11650, restarting...
Stagnation detected at generation 11654, restarting...
Stagnation detected at generation 11658, restarting...
Stagnation detected at generation 11662, restarting...
Stagnation detected at generation 11666, restarting...
Stagnation detected at generation 11670, restarting...
Stagnation detected at generation 11674, restarting...
Stagnation detected at generation 11678, restarting...
Stagnation detected at generation 11682, restarting...
Stagnation detected at generation 11686, restarting...
Stagnation detected at generation 11690, restarting...
Stagnation detected at generation 11694, restarting...
Stagnation detected at generation 11698, restarting...
Stagnation detected at generation 11702, restarting...
Stagnation detected at generation 11706, restarting...
Stagnation detected at generation 11710, restarting...
Stagnation detected at generation 11714, restarting...
Stagnation detected at generation 11718, restarting...
Stagnation detected at generation 11722, restarting...
Stagnation detected at generation 11726, restarting...
Stagnation detected at generation 11730, restarting...
Stagnation detected at generation 11734, restarting...
Stagnation detected at generation 11738, restarting...
Stagnation detected at generation 11742, restarting...
Stagnation detected at generation 11746, restarting...
Stagnation detected at generation 11750, restarting...
Stagnation detected at generation 11754, restarting...
Stagnation detected at generation 11758, restarting...
Stagnation detected at generation 11762, restarting...
Stagnation detected at generation 11766, restarting...
Stagnation detected at generation 11770, restarting...
Stagnation detected at generation 11774, restarting...
Stagnation detected at generation 11778, restarting...
Stagnation detected at generation 11782, restarting...
Stagnation detected at generation 11786, restarting...
Stagnation detected at generation 11790, restarting...
Stagnation detected at generation 11794, restarting...
Stagnation detected at generation 11798, restarting...
Stagnation detected at generation 11802, restarting...
Stagnation detected at generation 11806, restarting...
Stagnation detected at generation 11810, restarting...
Stagnation detected at generation 11814, restarting...
Stagnation detected at generation 11818, restarting...
Stagnation detected at generation 11822, restarting...
Stagnation detected at generation 11826, restarting...
Stagnation detected at generation 11830, restarting...
Stagnation detected at generation 11834, restarting...
Stagnation detected at generation 11838, restarting...
Stagnation detected at generation 11842, restarting...
Stagnation detected at generation 11846, restarting...
Stagnation detected at generation 11850, restarting...
Stagnation detected at generation 11854, restarting...
Stagnation detected at generation 11858, restarting...
Stagnation detected at generation 11862, restarting...
Stagnation detected at generation 11866, restarting...
Stagnation detected at generation 11870, restarting...
Stagnation detected at generation 11874, restarting...
Stagnation detected at generation 11878, restarting...
Stagnation detected at generation 11882, restarting...
Stagnation detected at generation 11886, restarting...
Stagnation detected at generation 11890, restarting...
Stagnation detected at generation 11894, restarting...
Stagnation detected at generation 11898, restarting...
Stagnation detected at generation 11902, restarting...
Stagnation detected at generation 11906, restarting...
Stagnation detected at generation 11910, restarting...
Stagnation detected at generation 11914, restarting...
Stagnation detected at generation 11918, restarting...
Stagnation detected at generation 11922, restarting...
Stagnation detected at generation 11926, restarting...
Stagnation detected at generation 11930, restarting...
Stagnation detected at generation 11934, restarting...
Stagnation detected at generation 11938, restarting...
Stagnation detected at generation 11942, restarting...
Stagnation detected at generation 11946, restarting...
Stagnation detected at generation 11950, restarting...
Stagnation detected at generation 11954, restarting...
Stagnation detected at generation 11958, restarting...
Stagnation detected at generation 11962, restarting...
Stagnation detected at generation 11966, restarting...
Stagnation detected at generation 11970, restarting...
Stagnation detected at generation 11974, restarting...
Stagnation detected at generation 11978, restarting...
Stagnation detected at generation 11982, restarting...
Stagnation detected at generation 11986, restarting...
Stagnation detected at generation 11990, restarting...
Stagnation detected at generation 11994, restarting...
Stagnation detected at generation 11998, restarting...
Generation 12000: Best fitness = 1.780862
Stagnation detected at generation 12002, restarting...
Stagnation detected at generation 12006, restarting...
Stagnation detected at generation 12010, restarting...
Stagnation detected at generation 12014, restarting...
Stagnation detected at generation 12018, restarting...
Stagnation detected at generation 12022, restarting...
Stagnation detected at generation 12026, restarting...
Stagnation detected at generation 12030, restarting...
Stagnation detected at generation 12034, restarting...
Stagnation detected at generation 12038, restarting...
Stagnation detected at generation 12042, restarting...
Stagnation detected at generation 12046, restarting...
Stagnation detected at generation 12050, restarting...
Stagnation detected at generation 12054, restarting...
Stagnation detected at generation 12058, restarting...
Stagnation detected at generation 12062, restarting...
Stagnation detected at generation 12066, restarting...
Stagnation detected at generation 12070, restarting...
Stagnation detected at generation 12074, restarting...
Stagnation detected at generation 12078, restarting...
Stagnation detected at generation 12082, restarting...
Stagnation detected at generation 12086, restarting...
Stagnation detected at generation 12090, restarting...
Stagnation detected at generation 12094, restarting...
Stagnation detected at generation 12098, restarting...
Stagnation detected at generation 12102, restarting...
Stagnation detected at generation 12106, restarting...
Stagnation detected at generation 12110, restarting...
Stagnation detected at generation 12114, restarting...
Stagnation detected at generation 12118, restarting...
Stagnation detected at generation 12122, restarting...
Stagnation detected at generation 12126, restarting...
Stagnation detected at generation 12130, restarting...
Stagnation detected at generation 12134, restarting...
Stagnation detected at generation 12138, restarting...
Stagnation detected at generation 12142, restarting...
Stagnation detected at generation 12146, restarting...
Stagnation detected at generation 12150, restarting...
Stagnation detected at generation 12154, restarting...
Stagnation detected at generation 12158, restarting...
Stagnation detected at generation 12162, restarting...
Stagnation detected at generation 12166, restarting...
Stagnation detected at generation 12170, restarting...
Stagnation detected at generation 12174, restarting...
Stagnation detected at generation 12178, restarting...
Stagnation detected at generation 12182, restarting...
Stagnation detected at generation 12186, restarting...
Stagnation detected at generation 12190, restarting...
Stagnation detected at generation 12194, restarting...
Stagnation detected at generation 12198, restarting...
Stagnation detected at generation 12202, restarting...
Stagnation detected at generation 12206, restarting...
Stagnation detected at generation 12210, restarting...
Stagnation detected at generation 12214, restarting...
Stagnation detected at generation 12218, restarting...
Stagnation detected at generation 12222, restarting...
Stagnation detected at generation 12226, restarting...
Stagnation detected at generation 12230, restarting...
Stagnation detected at generation 12234, restarting...
Stagnation detected at generation 12238, restarting...
Stagnation detected at generation 12242, restarting...
Stagnation detected at generation 12246, restarting...
Stagnation detected at generation 12250, restarting...
Stagnation detected at generation 12254, restarting...
Stagnation detected at generation 12258, restarting...
Stagnation detected at generation 12262, restarting...
Stagnation detected at generation 12266, restarting...
Stagnation detected at generation 12270, restarting...
Stagnation detected at generation 12274, restarting...
Stagnation detected at generation 12278, restarting...
Stagnation detected at generation 12282, restarting...
Stagnation detected at generation 12286, restarting...
Stagnation detected at generation 12290, restarting...
Stagnation detected at generation 12294, restarting...
Stagnation detected at generation 12298, restarting...
Stagnation detected at generation 12302, restarting...
Stagnation detected at generation 12306, restarting...
Stagnation detected at generation 12310, restarting...
Stagnation detected at generation 12314, restarting...
Stagnation detected at generation 12318, restarting...
Stagnation detected at generation 12322, restarting...
Stagnation detected at generation 12326, restarting...
Stagnation detected at generation 12330, restarting...
Stagnation detected at generation 12334, restarting...
Stagnation detected at generation 12338, restarting...
Stagnation detected at generation 12342, restarting...
Stagnation detected at generation 12346, restarting...
Stagnation detected at generation 12350, restarting...
Stagnation detected at generation 12354, restarting...
Stagnation detected at generation 12358, restarting...
Stagnation detected at generation 12362, restarting...
Stagnation detected at generation 12366, restarting...
Stagnation detected at generation 12370, restarting...
Stagnation detected at generation 12374, restarting...
Stagnation detected at generation 12378, restarting...
Stagnation detected at generation 12382, restarting...
Stagnation detected at generation 12386, restarting...
Stagnation detected at generation 12390, restarting...
Stagnation detected at generation 12394, restarting...
Stagnation detected at generation 12398, restarting...
Stagnation detected at generation 12402, restarting...
Stagnation detected at generation 12406, restarting...
Stagnation detected at generation 12410, restarting...
Stagnation detected at generation 12414, restarting...
Stagnation detected at generation 12418, restarting...
Stagnation detected at generation 12422, restarting...
Stagnation detected at generation 12426, restarting...
Stagnation detected at generation 12430, restarting...
Stagnation detected at generation 12434, restarting...
Stagnation detected at generation 12438, restarting...
Stagnation detected at generation 12442, restarting...
Stagnation detected at generation 12446, restarting...
Stagnation detected at generation 12450, restarting...
Stagnation detected at generation 12454, restarting...
Stagnation detected at generation 12458, restarting...
Stagnation detected at generation 12462, restarting...
Stagnation detected at generation 12466, restarting...
Stagnation detected at generation 12470, restarting...
Stagnation detected at generation 12474, restarting...
Stagnation detected at generation 12478, restarting...
Stagnation detected at generation 12482, restarting...
Stagnation detected at generation 12486, restarting...
Stagnation detected at generation 12490, restarting...
Stagnation detected at generation 12494, restarting...
Stagnation detected at generation 12498, restarting...
Stagnation detected at generation 12502, restarting...
Stagnation detected at generation 12506, restarting...
Stagnation detected at generation 12510, restarting...
Stagnation detected at generation 12514, restarting...
Stagnation detected at generation 12518, restarting...
Stagnation detected at generation 12522, restarting...
Stagnation detected at generation 12526, restarting...
Stagnation detected at generation 12530, restarting...
Stagnation detected at generation 12534, restarting...
Stagnation detected at generation 12538, restarting...
Stagnation detected at generation 12542, restarting...
Stagnation detected at generation 12546, restarting...
Stagnation detected at generation 12550, restarting...
Stagnation detected at generation 12554, restarting...
Stagnation detected at generation 12558, restarting...
Stagnation detected at generation 12562, restarting...
Stagnation detected at generation 12566, restarting...
Stagnation detected at generation 12570, restarting...
Stagnation detected at generation 12574, restarting...
Stagnation detected at generation 12578, restarting...
Stagnation detected at generation 12582, restarting...
Stagnation detected at generation 12586, restarting...
Stagnation detected at generation 12590, restarting...
Stagnation detected at generation 12594, restarting...
Stagnation detected at generation 12598, restarting...
Stagnation detected at generation 12602, restarting...
Stagnation detected at generation 12606, restarting...
Stagnation detected at generation 12610, restarting...
Stagnation detected at generation 12614, restarting...
Stagnation detected at generation 12618, restarting...
Stagnation detected at generation 12622, restarting...
Stagnation detected at generation 12626, restarting...
Stagnation detected at generation 12630, restarting...
Stagnation detected at generation 12634, restarting...
Stagnation detected at generation 12638, restarting...
Stagnation detected at generation 12642, restarting...
Stagnation detected at generation 12646, restarting...
Stagnation detected at generation 12650, restarting...
Stagnation detected at generation 12654, restarting...
Stagnation detected at generation 12658, restarting...
Stagnation detected at generation 12662, restarting...
Stagnation detected at generation 12666, restarting...
Stagnation detected at generation 12670, restarting...
Stagnation detected at generation 12674, restarting...
Stagnation detected at generation 12678, restarting...
Stagnation detected at generation 12682, restarting...
Stagnation detected at generation 12686, restarting...
Stagnation detected at generation 12690, restarting...
Stagnation detected at generation 12694, restarting...
Stagnation detected at generation 12698, restarting...
Stagnation detected at generation 12702, restarting...
Stagnation detected at generation 12706, restarting...
Stagnation detected at generation 12710, restarting...
Stagnation detected at generation 12714, restarting...
Stagnation detected at generation 12718, restarting...
Stagnation detected at generation 12722, restarting...
Stagnation detected at generation 12726, restarting...
Stagnation detected at generation 12730, restarting...
Stagnation detected at generation 12734, restarting...
Stagnation detected at generation 12738, restarting...
Stagnation detected at generation 12742, restarting...
Stagnation detected at generation 12746, restarting...
Stagnation detected at generation 12750, restarting...
Stagnation detected at generation 12754, restarting...
Stagnation detected at generation 12758, restarting...
Stagnation detected at generation 12762, restarting...
Stagnation detected at generation 12766, restarting...
Stagnation detected at generation 12770, restarting...
Stagnation detected at generation 12774, restarting...
Stagnation detected at generation 12778, restarting...
Stagnation detected at generation 12782, restarting...
Stagnation detected at generation 12786, restarting...
Stagnation detected at generation 12790, restarting...
Stagnation detected at generation 12794, restarting...
Stagnation detected at generation 12798, restarting...
Stagnation detected at generation 12802, restarting...
Stagnation detected at generation 12806, restarting...
Stagnation detected at generation 12810, restarting...
Stagnation detected at generation 12814, restarting...
Stagnation detected at generation 12818, restarting...
Stagnation detected at generation 12822, restarting...
Stagnation detected at generation 12826, restarting...
Stagnation detected at generation 12830, restarting...
Stagnation detected at generation 12834, restarting...
Stagnation detected at generation 12838, restarting...
Stagnation detected at generation 12842, restarting...
Stagnation detected at generation 12846, restarting...
Stagnation detected at generation 12850, restarting...
Stagnation detected at generation 12854, restarting...
Stagnation detected at generation 12858, restarting...
Stagnation detected at generation 12862, restarting...
Stagnation detected at generation 12866, restarting...
Stagnation detected at generation 12870, restarting...
Stagnation detected at generation 12874, restarting...
Stagnation detected at generation 12878, restarting...
Stagnation detected at generation 12882, restarting...
Stagnation detected at generation 12886, restarting...
Stagnation detected at generation 12890, restarting...
Stagnation detected at generation 12894, restarting...
Stagnation detected at generation 12898, restarting...
Stagnation detected at generation 12902, restarting...
Stagnation detected at generation 12906, restarting...
Stagnation detected at generation 12910, restarting...
Stagnation detected at generation 12914, restarting...
Stagnation detected at generation 12918, restarting...
Stagnation detected at generation 12922, restarting...
Stagnation detected at generation 12926, restarting...
Stagnation detected at generation 12930, restarting...
Stagnation detected at generation 12934, restarting...
Stagnation detected at generation 12938, restarting...
Stagnation detected at generation 12942, restarting...
Stagnation detected at generation 12946, restarting...
Stagnation detected at generation 12950, restarting...
Stagnation detected at generation 12954, restarting...
Stagnation detected at generation 12958, restarting...
Stagnation detected at generation 12962, restarting...
Stagnation detected at generation 12966, restarting...
Stagnation detected at generation 12970, restarting...
Stagnation detected at generation 12974, restarting...
Stagnation detected at generation 12978, restarting...
Stagnation detected at generation 12982, restarting...
Stagnation detected at generation 12986, restarting...
Stagnation detected at generation 12990, restarting...
Stagnation detected at generation 12994, restarting...
Stagnation detected at generation 12998, restarting...
Generation 13000: Best fitness = 1.780862
Stagnation detected at generation 13002, restarting...
Stagnation detected at generation 13006, restarting...
Stagnation detected at generation 13010, restarting...
Stagnation detected at generation 13014, restarting...
Stagnation detected at generation 13018, restarting...
Stagnation detected at generation 13022, restarting...
Stagnation detected at generation 13026, restarting...
Stagnation detected at generation 13030, restarting...
Stagnation detected at generation 13034, restarting...
Stagnation detected at generation 13038, restarting...
Stagnation detected at generation 13042, restarting...
Stagnation detected at generation 13046, restarting...
Stagnation detected at generation 13050, restarting...
Stagnation detected at generation 13054, restarting...
Stagnation detected at generation 13058, restarting...
Stagnation detected at generation 13062, restarting...
Stagnation detected at generation 13066, restarting...
Stagnation detected at generation 13070, restarting...
Stagnation detected at generation 13074, restarting...
Stagnation detected at generation 13078, restarting...
Stagnation detected at generation 13082, restarting...
Stagnation detected at generation 13086, restarting...
Stagnation detected at generation 13090, restarting...
Stagnation detected at generation 13094, restarting...
Stagnation detected at generation 13098, restarting...
Stagnation detected at generation 13102, restarting...
Stagnation detected at generation 13106, restarting...
Stagnation detected at generation 13110, restarting...
Stagnation detected at generation 13114, restarting...
Stagnation detected at generation 13118, restarting...
Stagnation detected at generation 13122, restarting...
Stagnation detected at generation 13126, restarting...
Stagnation detected at generation 13130, restarting...
Stagnation detected at generation 13134, restarting...
Stagnation detected at generation 13138, restarting...
Stagnation detected at generation 13142, restarting...
Stagnation detected at generation 13146, restarting...
Stagnation detected at generation 13150, restarting...
Stagnation detected at generation 13154, restarting...
Stagnation detected at generation 13158, restarting...
Stagnation detected at generation 13162, restarting...
Stagnation detected at generation 13166, restarting...
Stagnation detected at generation 13170, restarting...
Stagnation detected at generation 13174, restarting...
Stagnation detected at generation 13178, restarting...
Stagnation detected at generation 13182, restarting...
Stagnation detected at generation 13186, restarting...
Stagnation detected at generation 13190, restarting...
Stagnation detected at generation 13194, restarting...
Stagnation detected at generation 13198, restarting...
Stagnation detected at generation 13202, restarting...
Stagnation detected at generation 13206, restarting...
Stagnation detected at generation 13210, restarting...
Stagnation detected at generation 13214, restarting...
Stagnation detected at generation 13218, restarting...
Stagnation detected at generation 13222, restarting...
Stagnation detected at generation 13226, restarting...
Stagnation detected at generation 13230, restarting...
Stagnation detected at generation 13234, restarting...
Stagnation detected at generation 13238, restarting...
Stagnation detected at generation 13242, restarting...
Stagnation detected at generation 13246, restarting...
Stagnation detected at generation 13250, restarting...
Stagnation detected at generation 13254, restarting...
Stagnation detected at generation 13258, restarting...
Stagnation detected at generation 13262, restarting...
Stagnation detected at generation 13266, restarting...
Stagnation detected at generation 13270, restarting...
Stagnation detected at generation 13274, restarting...
Stagnation detected at generation 13278, restarting...
Stagnation detected at generation 13282, restarting...
Stagnation detected at generation 13286, restarting...
Stagnation detected at generation 13290, restarting...
Stagnation detected at generation 13294, restarting...
Stagnation detected at generation 13298, restarting...
Stagnation detected at generation 13302, restarting...
Stagnation detected at generation 13306, restarting...
Stagnation detected at generation 13310, restarting...
Stagnation detected at generation 13314, restarting...
Stagnation detected at generation 13318, restarting...
Stagnation detected at generation 13322, restarting...
Stagnation detected at generation 13326, restarting...
Stagnation detected at generation 13330, restarting...
Stagnation detected at generation 13334, restarting...
Stagnation detected at generation 13338, restarting...
Stagnation detected at generation 13342, restarting...
Stagnation detected at generation 13346, restarting...
Stagnation detected at generation 13350, restarting...
Stagnation detected at generation 13354, restarting...
Stagnation detected at generation 13358, restarting...
Stagnation detected at generation 13362, restarting...
Stagnation detected at generation 13366, restarting...
Stagnation detected at generation 13370, restarting...
Stagnation detected at generation 13374, restarting...
Stagnation detected at generation 13378, restarting...
Stagnation detected at generation 13382, restarting...
Stagnation detected at generation 13386, restarting...
Stagnation detected at generation 13390, restarting...
Stagnation detected at generation 13394, restarting...
Stagnation detected at generation 13398, restarting...
Stagnation detected at generation 13402, restarting...
Stagnation detected at generation 13406, restarting...
Stagnation detected at generation 13410, restarting...
Stagnation detected at generation 13414, restarting...
Stagnation detected at generation 13418, restarting...
Stagnation detected at generation 13422, restarting...
Stagnation detected at generation 13426, restarting...
Stagnation detected at generation 13430, restarting...
Stagnation detected at generation 13434, restarting...
Stagnation detected at generation 13438, restarting...
Stagnation detected at generation 13442, restarting...
Stagnation detected at generation 13446, restarting...
Stagnation detected at generation 13450, restarting...
Stagnation detected at generation 13454, restarting...
Stagnation detected at generation 13458, restarting...
Stagnation detected at generation 13462, restarting...
Stagnation detected at generation 13466, restarting...
Stagnation detected at generation 13470, restarting...
Stagnation detected at generation 13474, restarting...
Stagnation detected at generation 13478, restarting...
Stagnation detected at generation 13482, restarting...
Stagnation detected at generation 13486, restarting...
Stagnation detected at generation 13490, restarting...
Stagnation detected at generation 13494, restarting...
Stagnation detected at generation 13498, restarting...
Stagnation detected at generation 13502, restarting...
Stagnation detected at generation 13506, restarting...
Stagnation detected at generation 13510, restarting...
Stagnation detected at generation 13514, restarting...
Stagnation detected at generation 13518, restarting...
Stagnation detected at generation 13522, restarting...
Stagnation detected at generation 13526, restarting...
Stagnation detected at generation 13530, restarting...
Stagnation detected at generation 13534, restarting...
Stagnation detected at generation 13538, restarting...
Stagnation detected at generation 13542, restarting...
Stagnation detected at generation 13546, restarting...
Stagnation detected at generation 13550, restarting...
Stagnation detected at generation 13554, restarting...
Stagnation detected at generation 13558, restarting...
Stagnation detected at generation 13562, restarting...
Stagnation detected at generation 13566, restarting...
Stagnation detected at generation 13570, restarting...
Stagnation detected at generation 13574, restarting...
Stagnation detected at generation 13578, restarting...
Stagnation detected at generation 13582, restarting...
Stagnation detected at generation 13586, restarting...
Stagnation detected at generation 13590, restarting...
Stagnation detected at generation 13594, restarting...
Stagnation detected at generation 13598, restarting...
Stagnation detected at generation 13602, restarting...
Stagnation detected at generation 13606, restarting...
Stagnation detected at generation 13610, restarting...
Stagnation detected at generation 13614, restarting...
Stagnation detected at generation 13618, restarting...
Stagnation detected at generation 13622, restarting...
Stagnation detected at generation 13626, restarting...
Stagnation detected at generation 13630, restarting...
Stagnation detected at generation 13634, restarting...
Stagnation detected at generation 13638, restarting...
Stagnation detected at generation 13642, restarting...
Stagnation detected at generation 13646, restarting...
Stagnation detected at generation 13650, restarting...
Stagnation detected at generation 13654, restarting...
Stagnation detected at generation 13658, restarting...
Stagnation detected at generation 13662, restarting...
Stagnation detected at generation 13666, restarting...
Stagnation detected at generation 13670, restarting...
Stagnation detected at generation 13674, restarting...
Stagnation detected at generation 13678, restarting...
Stagnation detected at generation 13682, restarting...
Stagnation detected at generation 13686, restarting...
Stagnation detected at generation 13690, restarting...
Stagnation detected at generation 13694, restarting...
Stagnation detected at generation 13698, restarting...
Stagnation detected at generation 13702, restarting...
Stagnation detected at generation 13706, restarting...
Stagnation detected at generation 13710, restarting...
Stagnation detected at generation 13714, restarting...
Stagnation detected at generation 13718, restarting...
Stagnation detected at generation 13722, restarting...
Stagnation detected at generation 13726, restarting...
Stagnation detected at generation 13730, restarting...
Stagnation detected at generation 13734, restarting...
Stagnation detected at generation 13738, restarting...
Stagnation detected at generation 13742, restarting...
Stagnation detected at generation 13746, restarting...
Stagnation detected at generation 13750, restarting...
Stagnation detected at generation 13754, restarting...
Stagnation detected at generation 13758, restarting...
Stagnation detected at generation 13762, restarting...
Stagnation detected at generation 13766, restarting...
Stagnation detected at generation 13770, restarting...
Stagnation detected at generation 13774, restarting...
Stagnation detected at generation 13778, restarting...
Stagnation detected at generation 13782, restarting...
Stagnation detected at generation 13786, restarting...
Stagnation detected at generation 13790, restarting...
Stagnation detected at generation 13794, restarting...
Stagnation detected at generation 13798, restarting...
Stagnation detected at generation 13802, restarting...
Stagnation detected at generation 13806, restarting...
Stagnation detected at generation 13810, restarting...
Stagnation detected at generation 13814, restarting...
Stagnation detected at generation 13818, restarting...
Stagnation detected at generation 13822, restarting...
Stagnation detected at generation 13826, restarting...
Stagnation detected at generation 13830, restarting...
Stagnation detected at generation 13834, restarting...
Stagnation detected at generation 13838, restarting...
Stagnation detected at generation 13842, restarting...
Stagnation detected at generation 13846, restarting...
Stagnation detected at generation 13850, restarting...
Stagnation detected at generation 13854, restarting...
Stagnation detected at generation 13858, restarting...
Stagnation detected at generation 13862, restarting...
Stagnation detected at generation 13866, restarting...
Stagnation detected at generation 13870, restarting...
Stagnation detected at generation 13874, restarting...
Stagnation detected at generation 13878, restarting...
Stagnation detected at generation 13882, restarting...
Stagnation detected at generation 13886, restarting...
Stagnation detected at generation 13890, restarting...
Stagnation detected at generation 13894, restarting...
Stagnation detected at generation 13898, restarting...
Stagnation detected at generation 13902, restarting...
Stagnation detected at generation 13906, restarting...
Stagnation detected at generation 13910, restarting...
Stagnation detected at generation 13914, restarting...
Stagnation detected at generation 13918, restarting...
Stagnation detected at generation 13922, restarting...
Stagnation detected at generation 13926, restarting...
Stagnation detected at generation 13930, restarting...
Stagnation detected at generation 13934, restarting...
Stagnation detected at generation 13938, restarting...
Stagnation detected at generation 13942, restarting...
Stagnation detected at generation 13946, restarting...
Stagnation detected at generation 13950, restarting...
Stagnation detected at generation 13954, restarting...
Stagnation detected at generation 13958, restarting...
Stagnation detected at generation 13962, restarting...
Stagnation detected at generation 13966, restarting...
Stagnation detected at generation 13970, restarting...
Stagnation detected at generation 13974, restarting...
Stagnation detected at generation 13978, restarting...
Stagnation detected at generation 13982, restarting...
Stagnation detected at generation 13986, restarting...
Stagnation detected at generation 13990, restarting...
Stagnation detected at generation 13994, restarting...
Stagnation detected at generation 13998, restarting...
Generation 14000: Best fitness = 1.780862
Stagnation detected at generation 14002, restarting...
Stagnation detected at generation 14006, restarting...
Stagnation detected at generation 14010, restarting...
Stagnation detected at generation 14014, restarting...
Stagnation detected at generation 14018, restarting...
Stagnation detected at generation 14022, restarting...
Stagnation detected at generation 14026, restarting...
Stagnation detected at generation 14030, restarting...
Stagnation detected at generation 14034, restarting...
Stagnation detected at generation 14038, restarting...
Stagnation detected at generation 14042, restarting...
Stagnation detected at generation 14046, restarting...
Stagnation detected at generation 14050, restarting...
Stagnation detected at generation 14054, restarting...
Stagnation detected at generation 14058, restarting...
Stagnation detected at generation 14062, restarting...
Stagnation detected at generation 14066, restarting...
Stagnation detected at generation 14070, restarting...
Stagnation detected at generation 14074, restarting...
Stagnation detected at generation 14078, restarting...
Stagnation detected at generation 14082, restarting...
Stagnation detected at generation 14086, restarting...
Stagnation detected at generation 14090, restarting...
Stagnation detected at generation 14094, restarting...
Stagnation detected at generation 14098, restarting...
Stagnation detected at generation 14102, restarting...
Stagnation detected at generation 14106, restarting...
Stagnation detected at generation 14110, restarting...
Stagnation detected at generation 14114, restarting...
Stagnation detected at generation 14118, restarting...
Stagnation detected at generation 14122, restarting...
Stagnation detected at generation 14126, restarting...
Stagnation detected at generation 14130, restarting...
Stagnation detected at generation 14134, restarting...
Stagnation detected at generation 14138, restarting...
Stagnation detected at generation 14142, restarting...
Stagnation detected at generation 14146, restarting...
Stagnation detected at generation 14150, restarting...
Stagnation detected at generation 14154, restarting...
Stagnation detected at generation 14158, restarting...
Stagnation detected at generation 14162, restarting...
Stagnation detected at generation 14166, restarting...
Stagnation detected at generation 14170, restarting...
Stagnation detected at generation 14174, restarting...
Stagnation detected at generation 14178, restarting...
Stagnation detected at generation 14182, restarting...
Stagnation detected at generation 14186, restarting...
Stagnation detected at generation 14190, restarting...
Stagnation detected at generation 14194, restarting...
Stagnation detected at generation 14198, restarting...
Stagnation detected at generation 14202, restarting...
Stagnation detected at generation 14206, restarting...
Stagnation detected at generation 14210, restarting...
Stagnation detected at generation 14214, restarting...
Stagnation detected at generation 14218, restarting...
Stagnation detected at generation 14222, restarting...
Stagnation detected at generation 14226, restarting...
Stagnation detected at generation 14230, restarting...
Stagnation detected at generation 14234, restarting...
Stagnation detected at generation 14238, restarting...
Stagnation detected at generation 14242, restarting...
Stagnation detected at generation 14246, restarting...
Stagnation detected at generation 14250, restarting...
Stagnation detected at generation 14254, restarting...
Stagnation detected at generation 14258, restarting...
Stagnation detected at generation 14262, restarting...
Stagnation detected at generation 14266, restarting...
Stagnation detected at generation 14270, restarting...
Stagnation detected at generation 14274, restarting...
Stagnation detected at generation 14278, restarting...
Stagnation detected at generation 14282, restarting...
Stagnation detected at generation 14286, restarting...
Stagnation detected at generation 14290, restarting...
Stagnation detected at generation 14294, restarting...
Stagnation detected at generation 14298, restarting...
Stagnation detected at generation 14302, restarting...
Stagnation detected at generation 14306, restarting...
Stagnation detected at generation 14310, restarting...
Stagnation detected at generation 14314, restarting...
Stagnation detected at generation 14318, restarting...
Stagnation detected at generation 14322, restarting...
Stagnation detected at generation 14326, restarting...
Stagnation detected at generation 14330, restarting...
Stagnation detected at generation 14334, restarting...
Stagnation detected at generation 14338, restarting...
Stagnation detected at generation 14342, restarting...
Stagnation detected at generation 14346, restarting...
Stagnation detected at generation 14350, restarting...
Stagnation detected at generation 14354, restarting...
Stagnation detected at generation 14358, restarting...
Stagnation detected at generation 14362, restarting...
Stagnation detected at generation 14366, restarting...
Stagnation detected at generation 14370, restarting...
Stagnation detected at generation 14374, restarting...
Stagnation detected at generation 14378, restarting...
Stagnation detected at generation 14382, restarting...
Stagnation detected at generation 14386, restarting...
Stagnation detected at generation 14390, restarting...
Stagnation detected at generation 14394, restarting...
Stagnation detected at generation 14398, restarting...
Stagnation detected at generation 14402, restarting...
Stagnation detected at generation 14406, restarting...
Stagnation detected at generation 14410, restarting...
Stagnation detected at generation 14414, restarting...
Stagnation detected at generation 14418, restarting...
Stagnation detected at generation 14422, restarting...
Stagnation detected at generation 14426, restarting...
Stagnation detected at generation 14430, restarting...
Stagnation detected at generation 14434, restarting...
Stagnation detected at generation 14438, restarting...
Stagnation detected at generation 14442, restarting...
Stagnation detected at generation 14446, restarting...
Stagnation detected at generation 14450, restarting...
Stagnation detected at generation 14454, restarting...
Stagnation detected at generation 14458, restarting...
Stagnation detected at generation 14462, restarting...
Stagnation detected at generation 14466, restarting...
Stagnation detected at generation 14470, restarting...
Stagnation detected at generation 14474, restarting...
Stagnation detected at generation 14478, restarting...
Stagnation detected at generation 14482, restarting...
Stagnation detected at generation 14486, restarting...
Stagnation detected at generation 14490, restarting...
Stagnation detected at generation 14494, restarting...
Stagnation detected at generation 14498, restarting...
Stagnation detected at generation 14502, restarting...
Stagnation detected at generation 14506, restarting...
Stagnation detected at generation 14510, restarting...
Stagnation detected at generation 14514, restarting...
Stagnation detected at generation 14518, restarting...
Stagnation detected at generation 14522, restarting...
Stagnation detected at generation 14526, restarting...
Stagnation detected at generation 14530, restarting...
Stagnation detected at generation 14534, restarting...
Stagnation detected at generation 14538, restarting...
Stagnation detected at generation 14542, restarting...
Stagnation detected at generation 14546, restarting...
Stagnation detected at generation 14550, restarting...
Stagnation detected at generation 14554, restarting...
Stagnation detected at generation 14558, restarting...
Stagnation detected at generation 14562, restarting...
Stagnation detected at generation 14566, restarting...
Stagnation detected at generation 14570, restarting...
Stagnation detected at generation 14574, restarting...
Stagnation detected at generation 14578, restarting...
Stagnation detected at generation 14582, restarting...
Stagnation detected at generation 14586, restarting...
Stagnation detected at generation 14590, restarting...
Stagnation detected at generation 14594, restarting...
Stagnation detected at generation 14598, restarting...
Stagnation detected at generation 14602, restarting...
Stagnation detected at generation 14606, restarting...
Stagnation detected at generation 14610, restarting...
Stagnation detected at generation 14614, restarting...
Stagnation detected at generation 14618, restarting...
Stagnation detected at generation 14622, restarting...
Stagnation detected at generation 14626, restarting...
Stagnation detected at generation 14630, restarting...
Stagnation detected at generation 14634, restarting...
Stagnation detected at generation 14638, restarting...
Stagnation detected at generation 14642, restarting...
Stagnation detected at generation 14646, restarting...
Stagnation detected at generation 14650, restarting...
Stagnation detected at generation 14654, restarting...
Stagnation detected at generation 14658, restarting...
Stagnation detected at generation 14662, restarting...
Stagnation detected at generation 14666, restarting...
Stagnation detected at generation 14670, restarting...
Stagnation detected at generation 14674, restarting...
Stagnation detected at generation 14678, restarting...
Stagnation detected at generation 14682, restarting...
Stagnation detected at generation 14686, restarting...
Stagnation detected at generation 14690, restarting...
Stagnation detected at generation 14694, restarting...
Stagnation detected at generation 14698, restarting...
Stagnation detected at generation 14702, restarting...
Stagnation detected at generation 14706, restarting...
Stagnation detected at generation 14710, restarting...
Stagnation detected at generation 14714, restarting...
Stagnation detected at generation 14718, restarting...
Stagnation detected at generation 14722, restarting...
Stagnation detected at generation 14726, restarting...
Stagnation detected at generation 14730, restarting...
Stagnation detected at generation 14734, restarting...
Stagnation detected at generation 14738, restarting...
Stagnation detected at generation 14742, restarting...
Stagnation detected at generation 14746, restarting...
Stagnation detected at generation 14750, restarting...
Stagnation detected at generation 14754, restarting...
Stagnation detected at generation 14758, restarting...
Stagnation detected at generation 14762, restarting...
Stagnation detected at generation 14766, restarting...
Stagnation detected at generation 14770, restarting...
Stagnation detected at generation 14774, restarting...
Stagnation detected at generation 14778, restarting...
Stagnation detected at generation 14782, restarting...
Stagnation detected at generation 14786, restarting...
Stagnation detected at generation 14790, restarting...
Stagnation detected at generation 14794, restarting...
Stagnation detected at generation 14798, restarting...
Stagnation detected at generation 14802, restarting...
Stagnation detected at generation 14806, restarting...
Stagnation detected at generation 14810, restarting...
Stagnation detected at generation 14814, restarting...
Stagnation detected at generation 14818, restarting...
Stagnation detected at generation 14822, restarting...
Stagnation detected at generation 14826, restarting...
Stagnation detected at generation 14830, restarting...
Stagnation detected at generation 14834, restarting...
Stagnation detected at generation 14838, restarting...
Stagnation detected at generation 14842, restarting...
Stagnation detected at generation 14846, restarting...
Stagnation detected at generation 14850, restarting...
Stagnation detected at generation 14854, restarting...
Stagnation detected at generation 14858, restarting...
Stagnation detected at generation 14862, restarting...
Stagnation detected at generation 14866, restarting...
Stagnation detected at generation 14870, restarting...
Stagnation detected at generation 14874, restarting...
Stagnation detected at generation 14878, restarting...
Stagnation detected at generation 14882, restarting...
Stagnation detected at generation 14886, restarting...
Stagnation detected at generation 14890, restarting...
Stagnation detected at generation 14894, restarting...
Stagnation detected at generation 14898, restarting...
Stagnation detected at generation 14902, restarting...
Stagnation detected at generation 14906, restarting...
Stagnation detected at generation 14910, restarting...
Stagnation detected at generation 14914, restarting...
Stagnation detected at generation 14918, restarting...
Stagnation detected at generation 14922, restarting...
Stagnation detected at generation 14926, restarting...
Stagnation detected at generation 14930, restarting...
Stagnation detected at generation 14934, restarting...
Stagnation detected at generation 14938, restarting...
Stagnation detected at generation 14942, restarting...
Stagnation detected at generation 14946, restarting...
Stagnation detected at generation 14950, restarting...
Stagnation detected at generation 14954, restarting...
Stagnation detected at generation 14958, restarting...
Stagnation detected at generation 14962, restarting...
Stagnation detected at generation 14966, restarting...
Stagnation detected at generation 14970, restarting...
Stagnation detected at generation 14974, restarting...
Stagnation detected at generation 14978, restarting...
Stagnation detected at generation 14982, restarting...
Stagnation detected at generation 14986, restarting...
Stagnation detected at generation 14990, restarting...
Stagnation detected at generation 14994, restarting...
Stagnation detected at generation 14998, restarting...
Run 1/1 completed in 4646.00 seconds
Correctness and error status saved to /home/sagemaker-user/ShinkaEvolve/results/benchmark/qwen/1/circle_packing_square_32/gen_67/results/correct.json
Metrics saved to /home/sagemaker-user/ShinkaEvolve/results/benchmark/qwen/1/circle_packing_square_32/gen_67/results/metrics.json
Evaluation and Validation completed successfully.
