/home/sagemaker-user/ShinkaEvolve
Launching evaluation of function:
_target_: problems.alphaevolve_math_problems.packing_problems.circle_packing_square.26.evaluate.main
program_path: /home/sagemaker-user/ShinkaEvolve/results/benchmark/qwen/1/circle_packing_square_26/gen_5/main.py
results_dir: /home/sagemaker-user/ShinkaEvolve/results/benchmark/qwen/1/circle_packing_square_26/gen_5/results

Evaluating program: /home/sagemaker-user/ShinkaEvolve/results/benchmark/qwen/1/circle_packing_square_26/gen_5/main.py
Saving results to: /home/sagemaker-user/ShinkaEvolve/results/benchmark/qwen/1/circle_packing_square_26/gen_5/results
Generation 0: Best fitness = -1000.000000
Generation 50: Best fitness = -1000.000000
Generation 100: Best fitness = -1000.000000
Generation 150: Best fitness = -1000.000000
Generation 200: Best fitness = -1000.000000
Generation 250: Best fitness = -1000.000000
Generation 300: Best fitness = -1000.000000
Generation 350: Best fitness = -1000.000000
Generation 400: Best fitness = -1000.000000
Generation 450: Best fitness = -1000.000000
Attempt 0: Current best = 1.468248
Generation 0: Best fitness = -1000.000000
Generation 50: Best fitness = -1000.000000
Generation 100: Best fitness = -1000.000000
Generation 150: Best fitness = -1000.000000
Generation 200: Best fitness = -1000.000000
Generation 250: Best fitness = -1000.000000
Generation 300: Best fitness = -1000.000000
Generation 350: Best fitness = -1000.000000
Generation 400: Best fitness = -1000.000000
Generation 450: Best fitness = -1000.000000
Attempt 1: Current best = 1.468248
Generation 0: Best fitness = -1000.000000
Generation 50: Best fitness = -1000.000000
Generation 100: Best fitness = -1000.000000
Generation 150: Best fitness = -1000.000000
Generation 200: Best fitness = -1000.000000
Generation 250: Best fitness = -1000.000000
Generation 300: Best fitness = -1000.000000
Generation 350: Best fitness = -1000.000000
Generation 400: Best fitness = -1000.000000
Generation 450: Best fitness = -1000.000000
Attempt 2: Current best = 1.468248
Generation 0: Best fitness = -1000.000000
Generation 50: Best fitness = -1000.000000
Generation 100: Best fitness = -1000.000000
Generation 150: Best fitness = -1000.000000
Generation 200: Best fitness = -1000.000000
Generation 250: Best fitness = -1000.000000
Generation 300: Best fitness = -1000.000000
Generation 350: Best fitness = -1000.000000
Generation 400: Best fitness = -1000.000000
Generation 450: Best fitness = -1000.000000
Attempt 3: Current best = 1.468248
Generation 0: Best fitness = -1000.000000
Generation 50: Best fitness = -1000.000000
Generation 100: Best fitness = -1000.000000
Generation 150: Best fitness = -1000.000000
Generation 200: Best fitness = -1000.000000
Generation 250: Best fitness = -1000.000000
Generation 300: Best fitness = -1000.000000
Generation 350: Best fitness = -1000.000000
Generation 400: Best fitness = -1000.000000
Generation 450: Best fitness = -1000.000000
Attempt 4: Current best = 1.468248
Generation 0: Best fitness = -1000.000000
Generation 50: Best fitness = -1000.000000
Generation 100: Best fitness = -1000.000000
Generation 150: Best fitness = -1000.000000
Generation 200: Best fitness = -1000.000000
Generation 250: Best fitness = -1000.000000
Generation 300: Best fitness = -1000.000000
Generation 350: Best fitness = -1000.000000
Generation 400: Best fitness = -1000.000000
Generation 450: Best fitness = -1000.000000
Attempt 5: Current best = 1.468248
Generation 0: Best fitness = -1000.000000
Generation 50: Best fitness = -1000.000000
Generation 100: Best fitness = -1000.000000
Generation 150: Best fitness = -1000.000000
Generation 200: Best fitness = -1000.000000
Generation 250: Best fitness = -1000.000000
Generation 300: Best fitness = -1000.000000
Generation 350: Best fitness = -1000.000000
Generation 400: Best fitness = -1000.000000
Generation 450: Best fitness = -1000.000000
Attempt 6: Current best = 1.468248
Generation 0: Best fitness = -1000.000000
Generation 50: Best fitness = -1000.000000
Generation 100: Best fitness = -1000.000000
Generation 150: Best fitness = -1000.000000
Generation 200: Best fitness = -1000.000000
Generation 250: Best fitness = -1000.000000
Generation 300: Best fitness = -1000.000000
Generation 350: Best fitness = -1000.000000
Generation 400: Best fitness = -1000.000000
Generation 450: Best fitness = -1000.000000
Attempt 7: Current best = 1.468248
Generation 0: Best fitness = -1000.000000
Generation 50: Best fitness = -1000.000000
Generation 100: Best fitness = -1000.000000
Generation 150: Best fitness = -1000.000000
Generation 200: Best fitness = -1000.000000
Generation 250: Best fitness = -1000.000000
Generation 300: Best fitness = -1000.000000
Generation 350: Best fitness = -1000.000000
Generation 400: Best fitness = -1000.000000
Generation 450: Best fitness = -1000.000000
Attempt 8: Current best = 1.578362
Generation 0: Best fitness = -1000.000000
Generation 50: Best fitness = -1000.000000
Generation 100: Best fitness = -1000.000000
Generation 150: Best fitness = -1000.000000
Generation 200: Best fitness = -1000.000000
Generation 250: Best fitness = -1000.000000
Generation 300: Best fitness = -1000.000000
Generation 350: Best fitness = -1000.000000
Generation 400: Best fitness = -1000.000000
Generation 450: Best fitness = -1000.000000
Attempt 9: Current best = 1.578362
Generation 0: Best fitness = -1000.000000
Generation 50: Best fitness = -1000.000000
Generation 100: Best fitness = -1000.000000
Generation 150: Best fitness = -1000.000000
Generation 200: Best fitness = -1000.000000
Generation 250: Best fitness = -1000.000000
Generation 300: Best fitness = -1000.000000
Generation 350: Best fitness = -1000.000000
Generation 400: Best fitness = -1000.000000
Generation 450: Best fitness = -1000.000000
Attempt 10: Current best = 1.578362
Generation 0: Best fitness = -1000.000000
Generation 50: Best fitness = -1000.000000
Generation 100: Best fitness = -1000.000000
Generation 150: Best fitness = -1000.000000
Generation 200: Best fitness = -1000.000000
Generation 250: Best fitness = -1000.000000
Generation 300: Best fitness = -1000.000000
Generation 350: Best fitness = -1000.000000
Generation 400: Best fitness = -1000.000000
Generation 450: Best fitness = -1000.000000
Attempt 11: Current best = 1.578362
Generation 0: Best fitness = -1000.000000
Generation 50: Best fitness = -1000.000000
Generation 100: Best fitness = -1000.000000
Generation 150: Best fitness = -1000.000000
Generation 200: Best fitness = -1000.000000
Generation 250: Best fitness = -1000.000000
Generation 300: Best fitness = -1000.000000
Generation 350: Best fitness = -1000.000000
Generation 400: Best fitness = -1000.000000
Generation 450: Best fitness = -1000.000000
Attempt 12: Current best = 1.578362
Generation 0: Best fitness = -1000.000000
Generation 50: Best fitness = 1.437973
Generation 100: Best fitness = 1.580065
Generation 150: Best fitness = 1.617381
Generation 200: Best fitness = 1.618183
Generation 250: Best fitness = 1.620478
Generation 300: Best fitness = 1.621217
Generation 350: Best fitness = 1.622142
Generation 400: Best fitness = 1.622998
Generation 450: Best fitness = 1.623602
Attempt 13: Current best = 1.625042
Generation 0: Best fitness = -1000.000000
Generation 50: Best fitness = -1000.000000
Generation 100: Best fitness = -1000.000000
Generation 150: Best fitness = -1000.000000
Generation 200: Best fitness = -1000.000000
Generation 250: Best fitness = -1000.000000
Generation 300: Best fitness = -1000.000000
Generation 350: Best fitness = -1000.000000
Generation 400: Best fitness = -1000.000000
Generation 450: Best fitness = -1000.000000
Attempt 14: Current best = 1.625042
Generation 0: Best fitness = -1000.000000
Generation 50: Best fitness = -1000.000000
Generation 100: Best fitness = -1000.000000
Generation 150: Best fitness = -1000.000000
Generation 200: Best fitness = -1000.000000
Generation 250: Best fitness = -1000.000000
Generation 300: Best fitness = -1000.000000
Generation 350: Best fitness = -1000.000000
Generation 400: Best fitness = -1000.000000
Generation 450: Best fitness = -1000.000000
Attempt 15: Current best = 1.625042
Generation 0: Best fitness = -1000.000000
Generation 50: Best fitness = -1000.000000
Generation 100: Best fitness = -1000.000000
Generation 150: Best fitness = -1000.000000
Generation 200: Best fitness = -1000.000000
Generation 250: Best fitness = -1000.000000
Generation 300: Best fitness = -1000.000000
Generation 350: Best fitness = -1000.000000
Generation 400: Best fitness = -1000.000000
Generation 450: Best fitness = -1000.000000
Attempt 16: Current best = 1.625042
Generation 0: Best fitness = -1000.000000
Generation 50: Best fitness = -1000.000000
Generation 100: Best fitness = -1000.000000
Generation 150: Best fitness = -1000.000000
Generation 200: Best fitness = -1000.000000
Generation 250: Best fitness = -1000.000000
Generation 300: Best fitness = -1000.000000
Generation 350: Best fitness = -1000.000000
Generation 400: Best fitness = -1000.000000
Generation 450: Best fitness = -1000.000000
Attempt 17: Current best = 1.625042
Generation 0: Best fitness = -1000.000000
Generation 50: Best fitness = -1000.000000
Generation 100: Best fitness = -1000.000000
Generation 150: Best fitness = -1000.000000
Generation 200: Best fitness = -1000.000000
Generation 250: Best fitness = -1000.000000
Generation 300: Best fitness = -1000.000000
Generation 350: Best fitness = -1000.000000
Generation 400: Best fitness = -1000.000000
Generation 450: Best fitness = -1000.000000
Attempt 18: Current best = 1.625042
Generation 0: Best fitness = -1000.000000
Generation 50: Best fitness = -1000.000000
Generation 100: Best fitness = -1000.000000
Generation 150: Best fitness = -1000.000000
Generation 200: Best fitness = -1000.000000
Generation 250: Best fitness = -1000.000000
Generation 300: Best fitness = -1000.000000
Generation 350: Best fitness = -1000.000000
Generation 400: Best fitness = -1000.000000
Generation 450: Best fitness = -1000.000000
Attempt 19: Current best = 1.625042
Generation 0: Best fitness = -1000.000000
Generation 50: Best fitness = -1000.000000
Generation 100: Best fitness = -1000.000000
Generation 150: Best fitness = -1000.000000
Generation 200: Best fitness = -1000.000000
Generation 250: Best fitness = -1000.000000
Generation 300: Best fitness = -1000.000000
Generation 350: Best fitness = -1000.000000
Generation 400: Best fitness = -1000.000000
Generation 450: Best fitness = -1000.000000
Attempt 20: Current best = 1.625042
Generation 0: Best fitness = -1000.000000
Generation 50: Best fitness = -1000.000000
Generation 100: Best fitness = -1000.000000
Generation 150: Best fitness = -1000.000000
Generation 200: Best fitness = -1000.000000
Generation 250: Best fitness = -1000.000000
Generation 300: Best fitness = -1000.000000
Generation 350: Best fitness = -1000.000000
Generation 400: Best fitness = -1000.000000
Generation 450: Best fitness = -1000.000000
Attempt 21: Current best = 1.625042
Generation 0: Best fitness = -1000.000000
Generation 50: Best fitness = -1000.000000
Generation 100: Best fitness = -1000.000000
Generation 150: Best fitness = -1000.000000
Generation 200: Best fitness = -1000.000000
Generation 250: Best fitness = -1000.000000
Generation 300: Best fitness = -1000.000000
Generation 350: Best fitness = -1000.000000
Generation 400: Best fitness = -1000.000000
Generation 450: Best fitness = -1000.000000
Attempt 22: Current best = 1.625042
Generation 0: Best fitness = -1000.000000
Generation 50: Best fitness = -1000.000000
Generation 100: Best fitness = -1000.000000
Generation 150: Best fitness = -1000.000000
Generation 200: Best fitness = -1000.000000
Generation 250: Best fitness = -1000.000000
Generation 300: Best fitness = -1000.000000
Generation 350: Best fitness = -1000.000000
Generation 400: Best fitness = -1000.000000
Generation 450: Best fitness = -1000.000000
Attempt 23: Current best = 1.625042
Generation 0: Best fitness = -1000.000000
Generation 50: Best fitness = -1000.000000
Generation 100: Best fitness = -1000.000000
Generation 150: Best fitness = -1000.000000
Generation 200: Best fitness = -1000.000000
Generation 250: Best fitness = -1000.000000
Generation 300: Best fitness = -1000.000000
Generation 350: Best fitness = -1000.000000
Generation 400: Best fitness = -1000.000000
Generation 450: Best fitness = -1000.000000
Attempt 24: Current best = 1.625042
Generation 0: Best fitness = -1000.000000
Generation 50: Best fitness = -1000.000000
Generation 100: Best fitness = -1000.000000
Generation 150: Best fitness = -1000.000000
Generation 200: Best fitness = -1000.000000
Generation 250: Best fitness = -1000.000000
Generation 300: Best fitness = -1000.000000
Generation 350: Best fitness = -1000.000000
Generation 400: Best fitness = -1000.000000
Generation 450: Best fitness = -1000.000000
Attempt 25: Current best = 1.625042
Generation 0: Best fitness = -1000.000000
Generation 50: Best fitness = -1000.000000
Generation 100: Best fitness = -1000.000000
Generation 150: Best fitness = -1000.000000
Generation 200: Best fitness = -1000.000000
Generation 250: Best fitness = -1000.000000
Generation 300: Best fitness = -1000.000000
Generation 350: Best fitness = -1000.000000
Generation 400: Best fitness = -1000.000000
Generation 450: Best fitness = -1000.000000
Attempt 26: Current best = 1.625042
Generation 0: Best fitness = -1000.000000
Generation 50: Best fitness = -1000.000000
Generation 100: Best fitness = -1000.000000
Generation 150: Best fitness = -1000.000000
Generation 200: Best fitness = -1000.000000
Generation 250: Best fitness = -1000.000000
Generation 300: Best fitness = -1000.000000
Generation 350: Best fitness = -1000.000000
Generation 400: Best fitness = -1000.000000
Generation 450: Best fitness = -1000.000000
Attempt 27: Current best = 1.625042
Generation 0: Best fitness = -1000.000000
Generation 50: Best fitness = -1000.000000
Generation 100: Best fitness = -1000.000000
Generation 150: Best fitness = -1000.000000
Generation 200: Best fitness = -1000.000000
Generation 250: Best fitness = -1000.000000
Generation 300: Best fitness = -1000.000000
Generation 350: Best fitness = -1000.000000
Generation 400: Best fitness = -1000.000000
Generation 450: Best fitness = -1000.000000
Attempt 28: Current best = 1.625042
Generation 0: Best fitness = -1000.000000
Generation 50: Best fitness = -1000.000000
Generation 100: Best fitness = -1000.000000
Generation 150: Best fitness = -1000.000000
Generation 200: Best fitness = -1000.000000
Generation 250: Best fitness = -1000.000000
Generation 300: Best fitness = -1000.000000
Generation 350: Best fitness = -1000.000000
Generation 400: Best fitness = -1000.000000
Generation 450: Best fitness = -1000.000000
Attempt 29: Current best = 1.625042
Generation 0: Best fitness = -1000.000000
Generation 50: Best fitness = -1000.000000
Generation 100: Best fitness = -1000.000000
Generation 150: Best fitness = -1000.000000
Generation 200: Best fitness = -1000.000000
Generation 250: Best fitness = -1000.000000
Generation 300: Best fitness = -1000.000000
Generation 350: Best fitness = -1000.000000
Generation 400: Best fitness = -1000.000000
Generation 450: Best fitness = -1000.000000
Attempt 30: Current best = 1.625042
Generation 0: Best fitness = -1000.000000
Generation 50: Best fitness = -1000.000000
Generation 100: Best fitness = -1000.000000
Generation 150: Best fitness = -1000.000000
Generation 200: Best fitness = -1000.000000
Generation 250: Best fitness = -1000.000000
Generation 300: Best fitness = -1000.000000
Generation 350: Best fitness = -1000.000000
Generation 400: Best fitness = -1000.000000
Generation 450: Best fitness = -1000.000000
Attempt 31: Current best = 1.625042
Generation 0: Best fitness = -1000.000000
Generation 50: Best fitness = -1000.000000
Generation 100: Best fitness = -1000.000000
Generation 150: Best fitness = -1000.000000
Generation 200: Best fitness = -1000.000000
Generation 250: Best fitness = -1000.000000
Generation 300: Best fitness = -1000.000000
Generation 350: Best fitness = -1000.000000
Generation 400: Best fitness = -1000.000000
Generation 450: Best fitness = -1000.000000
Attempt 32: Current best = 1.625042
Generation 0: Best fitness = -1000.000000
Generation 50: Best fitness = -1000.000000
Generation 100: Best fitness = -1000.000000
Generation 150: Best fitness = -1000.000000
Generation 200: Best fitness = -1000.000000
Generation 250: Best fitness = -1000.000000
Generation 300: Best fitness = -1000.000000
Generation 350: Best fitness = -1000.000000
Generation 400: Best fitness = -1000.000000
Generation 450: Best fitness = -1000.000000
Attempt 33: Current best = 1.625042
Generation 0: Best fitness = -1000.000000
Generation 50: Best fitness = -1000.000000
Generation 100: Best fitness = -1000.000000
Generation 150: Best fitness = -1000.000000
Generation 200: Best fitness = -1000.000000
Generation 250: Best fitness = -1000.000000
Generation 300: Best fitness = -1000.000000
Generation 350: Best fitness = -1000.000000
Generation 400: Best fitness = -1000.000000
Generation 450: Best fitness = -1000.000000
Attempt 34: Current best = 1.625042
Generation 0: Best fitness = -1000.000000
Generation 50: Best fitness = -1000.000000
Generation 100: Best fitness = -1000.000000
Generation 150: Best fitness = -1000.000000
Generation 200: Best fitness = -1000.000000
Generation 250: Best fitness = -1000.000000
Generation 300: Best fitness = -1000.000000
Generation 350: Best fitness = -1000.000000
Generation 400: Best fitness = -1000.000000
Generation 450: Best fitness = -1000.000000
Attempt 35: Current best = 1.625042
Generation 0: Best fitness = -1000.000000
Generation 50: Best fitness = -1000.000000
Generation 100: Best fitness = -1000.000000
Generation 150: Best fitness = -1000.000000
Generation 200: Best fitness = -1000.000000
Generation 250: Best fitness = -1000.000000
Generation 300: Best fitness = -1000.000000
Generation 350: Best fitness = -1000.000000
Generation 400: Best fitness = -1000.000000
Generation 450: Best fitness = -1000.000000
Attempt 36: Current best = 1.625042
Generation 0: Best fitness = -1000.000000
Generation 50: Best fitness = -1000.000000
Generation 100: Best fitness = -1000.000000
Generation 150: Best fitness = -1000.000000
Generation 200: Best fitness = -1000.000000
Generation 250: Best fitness = -1000.000000
Generation 300: Best fitness = -1000.000000
Generation 350: Best fitness = -1000.000000
Generation 400: Best fitness = -1000.000000
Generation 450: Best fitness = -1000.000000
Attempt 37: Current best = 1.625042
Generation 0: Best fitness = -1000.000000
Generation 50: Best fitness = -1000.000000
Generation 100: Best fitness = -1000.000000
Generation 150: Best fitness = -1000.000000
Generation 200: Best fitness = -1000.000000
Generation 250: Best fitness = -1000.000000
Generation 300: Best fitness = -1000.000000
Generation 350: Best fitness = -1000.000000
Generation 400: Best fitness = -1000.000000
Generation 450: Best fitness = -1000.000000
Attempt 38: Current best = 1.625042
Generation 0: Best fitness = -1000.000000
Generation 50: Best fitness = -1000.000000
Generation 100: Best fitness = -1000.000000
Generation 150: Best fitness = -1000.000000
Generation 200: Best fitness = -1000.000000
Generation 250: Best fitness = -1000.000000
Generation 300: Best fitness = -1000.000000
Generation 350: Best fitness = -1000.000000
Generation 400: Best fitness = -1000.000000
Generation 450: Best fitness = -1000.000000
Attempt 39: Current best = 1.625042
Generation 0: Best fitness = -1000.000000
Generation 50: Best fitness = -1000.000000
Generation 100: Best fitness = -1000.000000
Generation 150: Best fitness = -1000.000000
Generation 200: Best fitness = -1000.000000
Generation 250: Best fitness = -1000.000000
Generation 300: Best fitness = -1000.000000
Generation 350: Best fitness = -1000.000000
Generation 400: Best fitness = -1000.000000
Generation 450: Best fitness = -1000.000000
Attempt 40: Current best = 1.625042
Generation 0: Best fitness = -1000.000000
Generation 50: Best fitness = -1000.000000
Generation 100: Best fitness = -1000.000000
Generation 150: Best fitness = -1000.000000
Generation 200: Best fitness = -1000.000000
Generation 250: Best fitness = -1000.000000
Generation 300: Best fitness = -1000.000000
Generation 350: Best fitness = -1000.000000
Generation 400: Best fitness = -1000.000000
Generation 450: Best fitness = -1000.000000
Attempt 41: Current best = 1.625042
Generation 0: Best fitness = -1000.000000
Generation 50: Best fitness = -1000.000000
Generation 100: Best fitness = -1000.000000
Generation 150: Best fitness = -1000.000000
Generation 200: Best fitness = -1000.000000
Generation 250: Best fitness = -1000.000000
Generation 300: Best fitness = -1000.000000
Generation 350: Best fitness = -1000.000000
Generation 400: Best fitness = -1000.000000
Generation 450: Best fitness = -1000.000000
Attempt 42: Current best = 1.625042
Generation 0: Best fitness = -1000.000000
Generation 50: Best fitness = -1000.000000
Generation 100: Best fitness = -1000.000000
Generation 150: Best fitness = -1000.000000
Generation 200: Best fitness = -1000.000000
Generation 250: Best fitness = -1000.000000
Generation 300: Best fitness = -1000.000000
Generation 350: Best fitness = -1000.000000
Generation 400: Best fitness = -1000.000000
Generation 450: Best fitness = -1000.000000
Attempt 43: Current best = 1.625042
Generation 0: Best fitness = -1000.000000
Generation 50: Best fitness = -1000.000000
Generation 100: Best fitness = -1000.000000
Generation 150: Best fitness = -1000.000000
Generation 200: Best fitness = -1000.000000
Generation 250: Best fitness = -1000.000000
Generation 300: Best fitness = -1000.000000
Generation 350: Best fitness = -1000.000000
Generation 400: Best fitness = -1000.000000
Generation 450: Best fitness = -1000.000000
Attempt 44: Current best = 1.625042
Generation 0: Best fitness = -1000.000000
Generation 50: Best fitness = -1000.000000
Generation 100: Best fitness = -1000.000000
Generation 150: Best fitness = -1000.000000
Generation 200: Best fitness = -1000.000000
Generation 250: Best fitness = -1000.000000
Generation 300: Best fitness = -1000.000000
Generation 350: Best fitness = -1000.000000
Generation 400: Best fitness = -1000.000000
Generation 450: Best fitness = -1000.000000
Attempt 45: Current best = 1.625042
Generation 0: Best fitness = -1000.000000
Generation 50: Best fitness = -1000.000000
Generation 100: Best fitness = -1000.000000
Generation 150: Best fitness = -1000.000000
Generation 200: Best fitness = -1000.000000
Generation 250: Best fitness = -1000.000000
Generation 300: Best fitness = -1000.000000
Generation 350: Best fitness = -1000.000000
Generation 400: Best fitness = -1000.000000
Generation 450: Best fitness = -1000.000000
Attempt 46: Current best = 1.625042
Generation 0: Best fitness = -1000.000000
Generation 50: Best fitness = -1000.000000
Generation 100: Best fitness = -1000.000000
Generation 150: Best fitness = -1000.000000
Generation 200: Best fitness = -1000.000000
Generation 250: Best fitness = -1000.000000
Generation 300: Best fitness = -1000.000000
Generation 350: Best fitness = -1000.000000
Generation 400: Best fitness = -1000.000000
Generation 450: Best fitness = -1000.000000
Attempt 47: Current best = 1.625042
Generation 0: Best fitness = -1000.000000
Generation 50: Best fitness = -1000.000000
Generation 100: Best fitness = -1000.000000
Generation 150: Best fitness = -1000.000000
Generation 200: Best fitness = -1000.000000
Generation 250: Best fitness = -1000.000000
Generation 300: Best fitness = -1000.000000
Generation 350: Best fitness = -1000.000000
Generation 400: Best fitness = -1000.000000
Generation 450: Best fitness = -1000.000000
Attempt 48: Current best = 1.625042
Generation 0: Best fitness = -1000.000000
Generation 50: Best fitness = -1000.000000
Generation 100: Best fitness = -1000.000000
Generation 150: Best fitness = -1000.000000
Generation 200: Best fitness = -1000.000000
Generation 250: Best fitness = -1000.000000
Generation 300: Best fitness = -1000.000000
Generation 350: Best fitness = -1000.000000
Generation 400: Best fitness = -1000.000000
Generation 450: Best fitness = -1000.000000
Attempt 49: Current best = 1.625042
Generation 0: Best fitness = -1000.000000
Generation 50: Best fitness = -1000.000000
Generation 100: Best fitness = -1000.000000
Generation 150: Best fitness = -1000.000000
Generation 200: Best fitness = -1000.000000
Generation 250: Best fitness = -1000.000000
Generation 300: Best fitness = -1000.000000
Generation 350: Best fitness = -1000.000000
Generation 400: Best fitness = -1000.000000
Generation 450: Best fitness = -1000.000000
Attempt 50: Current best = 1.625042
Generation 0: Best fitness = -1000.000000
Generation 50: Best fitness = -1000.000000
Generation 100: Best fitness = -1000.000000
Generation 150: Best fitness = -1000.000000
Generation 200: Best fitness = -1000.000000
Generation 250: Best fitness = -1000.000000
Generation 300: Best fitness = -1000.000000
Generation 350: Best fitness = -1000.000000
Generation 400: Best fitness = -1000.000000
Generation 450: Best fitness = -1000.000000
Attempt 51: Current best = 1.625042
Generation 0: Best fitness = -1000.000000
Generation 50: Best fitness = -1000.000000
Generation 100: Best fitness = -1000.000000
Generation 150: Best fitness = -1000.000000
Generation 200: Best fitness = -1000.000000
Generation 250: Best fitness = -1000.000000
Generation 300: Best fitness = -1000.000000
Generation 350: Best fitness = -1000.000000
Generation 400: Best fitness = -1000.000000
Generation 450: Best fitness = -1000.000000
Attempt 52: Current best = 1.625042
Generation 0: Best fitness = -1000.000000
Generation 50: Best fitness = -1000.000000
Generation 100: Best fitness = -1000.000000
Generation 150: Best fitness = -1000.000000
Generation 200: Best fitness = -1000.000000
Generation 250: Best fitness = -1000.000000
Generation 300: Best fitness = -1000.000000
Generation 350: Best fitness = -1000.000000
Generation 400: Best fitness = -1000.000000
Generation 450: Best fitness = -1000.000000
Attempt 53: Current best = 1.625042
Generation 0: Best fitness = -1000.000000
Generation 50: Best fitness = -1000.000000
Generation 100: Best fitness = -1000.000000
Generation 150: Best fitness = -1000.000000
Generation 200: Best fitness = -1000.000000
Generation 250: Best fitness = -1000.000000
Generation 300: Best fitness = -1000.000000
Generation 350: Best fitness = -1000.000000
Generation 400: Best fitness = -1000.000000
Generation 450: Best fitness = -1000.000000
Attempt 54: Current best = 1.625042
Generation 0: Best fitness = -1000.000000
Generation 50: Best fitness = -1000.000000
Generation 100: Best fitness = -1000.000000
Generation 150: Best fitness = -1000.000000
Generation 200: Best fitness = -1000.000000
Generation 250: Best fitness = -1000.000000
Generation 300: Best fitness = -1000.000000
Generation 350: Best fitness = -1000.000000
Generation 400: Best fitness = -1000.000000
Generation 450: Best fitness = -1000.000000
Attempt 55: Current best = 1.625042
Generation 0: Best fitness = -1000.000000
Generation 50: Best fitness = -1000.000000
Generation 100: Best fitness = -1000.000000
Generation 150: Best fitness = -1000.000000
Generation 200: Best fitness = -1000.000000
Generation 250: Best fitness = -1000.000000
Generation 300: Best fitness = -1000.000000
Generation 350: Best fitness = -1000.000000
Generation 400: Best fitness = -1000.000000
Generation 450: Best fitness = -1000.000000
Attempt 56: Current best = 1.625042
Generation 0: Best fitness = -1000.000000
Generation 50: Best fitness = -1000.000000
Generation 100: Best fitness = -1000.000000
Generation 150: Best fitness = -1000.000000
Generation 200: Best fitness = -1000.000000
Generation 250: Best fitness = -1000.000000
Generation 300: Best fitness = -1000.000000
Generation 350: Best fitness = -1000.000000
Generation 400: Best fitness = -1000.000000
Generation 450: Best fitness = -1000.000000
Attempt 57: Current best = 1.625042
Generation 0: Best fitness = -1000.000000
Generation 50: Best fitness = -1000.000000
Generation 100: Best fitness = -1000.000000
Generation 150: Best fitness = -1000.000000
Generation 200: Best fitness = -1000.000000
Generation 250: Best fitness = -1000.000000
Generation 300: Best fitness = -1000.000000
Generation 350: Best fitness = -1000.000000
Generation 400: Best fitness = -1000.000000
Generation 450: Best fitness = -1000.000000
Attempt 58: Current best = 1.625042
Generation 0: Best fitness = -1000.000000
Generation 50: Best fitness = -1000.000000
Generation 100: Best fitness = -1000.000000
Generation 150: Best fitness = -1000.000000
Generation 200: Best fitness = -1000.000000
Generation 250: Best fitness = -1000.000000
Generation 300: Best fitness = -1000.000000
Generation 350: Best fitness = -1000.000000
Generation 400: Best fitness = -1000.000000
Generation 450: Best fitness = -1000.000000
Attempt 59: Current best = 1.625042
Generation 0: Best fitness = -1000.000000
Generation 50: Best fitness = -1000.000000
Generation 100: Best fitness = -1000.000000
Generation 150: Best fitness = -1000.000000
Generation 200: Best fitness = -1000.000000
Generation 250: Best fitness = -1000.000000
Generation 300: Best fitness = -1000.000000
Generation 350: Best fitness = -1000.000000
Generation 400: Best fitness = -1000.000000
Generation 450: Best fitness = -1000.000000
Attempt 60: Current best = 1.625042
Generation 0: Best fitness = -1000.000000
Generation 50: Best fitness = -1000.000000
Generation 100: Best fitness = -1000.000000
Generation 150: Best fitness = -1000.000000
Generation 200: Best fitness = -1000.000000
Generation 250: Best fitness = -1000.000000
Generation 300: Best fitness = -1000.000000
Generation 350: Best fitness = -1000.000000
Generation 400: Best fitness = -1000.000000
Generation 450: Best fitness = -1000.000000
Attempt 61: Current best = 1.625042
Generation 0: Best fitness = -1000.000000
Generation 50: Best fitness = -1000.000000
Generation 100: Best fitness = -1000.000000
Generation 150: Best fitness = -1000.000000
Generation 200: Best fitness = -1000.000000
Generation 250: Best fitness = -1000.000000
Generation 300: Best fitness = -1000.000000
Generation 350: Best fitness = -1000.000000
Generation 400: Best fitness = -1000.000000
Generation 450: Best fitness = -1000.000000
Attempt 62: Current best = 1.625042
Generation 0: Best fitness = -1000.000000
Generation 50: Best fitness = -1000.000000
Generation 100: Best fitness = -1000.000000
Generation 150: Best fitness = -1000.000000
Generation 200: Best fitness = -1000.000000
Generation 250: Best fitness = -1000.000000
Generation 300: Best fitness = -1000.000000
Generation 350: Best fitness = -1000.000000
Generation 400: Best fitness = -1000.000000
Generation 450: Best fitness = -1000.000000
Attempt 63: Current best = 1.625042
Generation 0: Best fitness = -1000.000000
Generation 50: Best fitness = -1000.000000
Generation 100: Best fitness = -1000.000000
Generation 150: Best fitness = -1000.000000
Generation 200: Best fitness = -1000.000000
Generation 250: Best fitness = -1000.000000
Generation 300: Best fitness = -1000.000000
Generation 350: Best fitness = -1000.000000
Generation 400: Best fitness = -1000.000000
Generation 450: Best fitness = -1000.000000
Attempt 64: Current best = 1.625042
Generation 0: Best fitness = -1000.000000
Generation 50: Best fitness = -1000.000000
Generation 100: Best fitness = -1000.000000
Generation 150: Best fitness = -1000.000000
Generation 200: Best fitness = -1000.000000
Generation 250: Best fitness = -1000.000000
Generation 300: Best fitness = -1000.000000
Generation 350: Best fitness = -1000.000000
Generation 400: Best fitness = -1000.000000
Generation 450: Best fitness = -1000.000000
Attempt 65: Current best = 1.625042
Generation 0: Best fitness = -1000.000000
Generation 50: Best fitness = -1000.000000
Generation 100: Best fitness = -1000.000000
Generation 150: Best fitness = -1000.000000
Generation 200: Best fitness = -1000.000000
Generation 250: Best fitness = -1000.000000
Generation 300: Best fitness = -1000.000000
Generation 350: Best fitness = -1000.000000
Generation 400: Best fitness = -1000.000000
Generation 450: Best fitness = -1000.000000
Attempt 66: Current best = 1.625042
Generation 0: Best fitness = -1000.000000
Generation 50: Best fitness = -1000.000000
Generation 100: Best fitness = -1000.000000
Generation 150: Best fitness = -1000.000000
Generation 200: Best fitness = -1000.000000
Generation 250: Best fitness = -1000.000000
Generation 300: Best fitness = -1000.000000
Generation 350: Best fitness = -1000.000000
Generation 400: Best fitness = -1000.000000
Generation 450: Best fitness = -1000.000000
Attempt 67: Current best = 1.625042
Generation 0: Best fitness = -1000.000000
Generation 50: Best fitness = -1000.000000
Generation 100: Best fitness = -1000.000000
Generation 150: Best fitness = -1000.000000
Generation 200: Best fitness = -1000.000000
Generation 250: Best fitness = -1000.000000
Generation 300: Best fitness = -1000.000000
Generation 350: Best fitness = -1000.000000
Generation 400: Best fitness = -1000.000000
Generation 450: Best fitness = -1000.000000
Attempt 68: Current best = 1.625042
Generation 0: Best fitness = -1000.000000
Generation 50: Best fitness = -1000.000000
Generation 100: Best fitness = -1000.000000
Generation 150: Best fitness = -1000.000000
Generation 200: Best fitness = -1000.000000
Generation 250: Best fitness = -1000.000000
Generation 300: Best fitness = -1000.000000
Generation 350: Best fitness = -1000.000000
Generation 400: Best fitness = -1000.000000
Generation 450: Best fitness = -1000.000000
Attempt 69: Current best = 1.625042
Generation 0: Best fitness = -1000.000000
Generation 50: Best fitness = -1000.000000
Generation 100: Best fitness = -1000.000000
Generation 150: Best fitness = -1000.000000
Generation 200: Best fitness = -1000.000000
Generation 250: Best fitness = -1000.000000
Generation 300: Best fitness = -1000.000000
Generation 350: Best fitness = -1000.000000
Generation 400: Best fitness = -1000.000000
Generation 450: Best fitness = -1000.000000
Attempt 70: Current best = 1.625042
Generation 0: Best fitness = -1000.000000
Generation 50: Best fitness = -1000.000000
Generation 100: Best fitness = -1000.000000
Generation 150: Best fitness = -1000.000000
Generation 200: Best fitness = -1000.000000
Generation 250: Best fitness = -1000.000000
Generation 300: Best fitness = -1000.000000
Generation 350: Best fitness = -1000.000000
Generation 400: Best fitness = -1000.000000
Generation 450: Best fitness = -1000.000000
Attempt 71: Current best = 1.625042
Generation 0: Best fitness = -1000.000000
Generation 50: Best fitness = -1000.000000
Generation 100: Best fitness = -1000.000000
Generation 150: Best fitness = -1000.000000
Generation 200: Best fitness = -1000.000000
Generation 250: Best fitness = -1000.000000
Generation 300: Best fitness = -1000.000000
Generation 350: Best fitness = -1000.000000
Generation 400: Best fitness = -1000.000000
Generation 450: Best fitness = -1000.000000
Attempt 72: Current best = 1.625042
Generation 0: Best fitness = -1000.000000
Generation 50: Best fitness = -1000.000000
Generation 100: Best fitness = -1000.000000
Generation 150: Best fitness = -1000.000000
Generation 200: Best fitness = -1000.000000
Generation 250: Best fitness = -1000.000000
Generation 300: Best fitness = -1000.000000
Generation 350: Best fitness = -1000.000000
Generation 400: Best fitness = -1000.000000
Generation 450: Best fitness = -1000.000000
Attempt 73: Current best = 1.625042
Generation 0: Best fitness = -1000.000000
Generation 50: Best fitness = -1000.000000
Generation 100: Best fitness = -1000.000000
Generation 150: Best fitness = -1000.000000
Generation 200: Best fitness = -1000.000000
Generation 250: Best fitness = -1000.000000
Generation 300: Best fitness = -1000.000000
Generation 350: Best fitness = -1000.000000
Generation 400: Best fitness = -1000.000000
Generation 450: Best fitness = -1000.000000
Attempt 74: Current best = 1.625042
Generation 0: Best fitness = -1000.000000
Generation 50: Best fitness = -1000.000000
Generation 100: Best fitness = -1000.000000
Generation 150: Best fitness = -1000.000000
Generation 200: Best fitness = -1000.000000
Generation 250: Best fitness = -1000.000000
Generation 300: Best fitness = -1000.000000
Generation 350: Best fitness = -1000.000000
Generation 400: Best fitness = -1000.000000
Generation 450: Best fitness = -1000.000000
Attempt 75: Current best = 1.625042
Generation 0: Best fitness = -1000.000000
Generation 50: Best fitness = -1000.000000
Generation 100: Best fitness = -1000.000000
Generation 150: Best fitness = -1000.000000
Generation 200: Best fitness = -1000.000000
Generation 250: Best fitness = -1000.000000
Generation 300: Best fitness = -1000.000000
Generation 350: Best fitness = -1000.000000
Generation 400: Best fitness = -1000.000000
Generation 450: Best fitness = -1000.000000
Attempt 76: Current best = 1.625042
Generation 0: Best fitness = -1000.000000
Generation 50: Best fitness = -1000.000000
Generation 100: Best fitness = -1000.000000
Generation 150: Best fitness = -1000.000000
Generation 200: Best fitness = -1000.000000
Generation 250: Best fitness = -1000.000000
Generation 300: Best fitness = -1000.000000
Generation 350: Best fitness = -1000.000000
Generation 400: Best fitness = -1000.000000
Generation 450: Best fitness = -1000.000000
Attempt 77: Current best = 1.625042
Generation 0: Best fitness = -1000.000000
Generation 50: Best fitness = -1000.000000
Generation 100: Best fitness = -1000.000000
Generation 150: Best fitness = -1000.000000
Generation 200: Best fitness = -1000.000000
Generation 250: Best fitness = -1000.000000
Generation 300: Best fitness = -1000.000000
Generation 350: Best fitness = -1000.000000
Generation 400: Best fitness = -1000.000000
Generation 450: Best fitness = -1000.000000
Attempt 78: Current best = 1.625042
Generation 0: Best fitness = -1000.000000
Generation 50: Best fitness = -1000.000000
Generation 100: Best fitness = -1000.000000
Generation 150: Best fitness = -1000.000000
Generation 200: Best fitness = -1000.000000
Generation 250: Best fitness = -1000.000000
Generation 300: Best fitness = -1000.000000
Generation 350: Best fitness = -1000.000000
Generation 400: Best fitness = -1000.000000
Generation 450: Best fitness = -1000.000000
Attempt 79: Current best = 1.625042
Generation 0: Best fitness = -1000.000000
Generation 50: Best fitness = -1000.000000
Generation 100: Best fitness = -1000.000000
Generation 150: Best fitness = -1000.000000
Generation 200: Best fitness = -1000.000000
Generation 250: Best fitness = -1000.000000
Generation 300: Best fitness = -1000.000000
Generation 350: Best fitness = -1000.000000
Generation 400: Best fitness = -1000.000000
Generation 450: Best fitness = -1000.000000
Attempt 80: Current best = 1.625042
Generation 0: Best fitness = -1000.000000
Generation 50: Best fitness = -1000.000000
Generation 100: Best fitness = -1000.000000
Generation 150: Best fitness = -1000.000000
Generation 200: Best fitness = -1000.000000
Generation 250: Best fitness = -1000.000000
Generation 300: Best fitness = -1000.000000
Generation 350: Best fitness = -1000.000000
Generation 400: Best fitness = -1000.000000
Generation 450: Best fitness = -1000.000000
Attempt 81: Current best = 1.625042
Generation 0: Best fitness = -1000.000000
Generation 50: Best fitness = -1000.000000
Generation 100: Best fitness = -1000.000000
Generation 150: Best fitness = -1000.000000
Generation 200: Best fitness = -1000.000000
Generation 250: Best fitness = -1000.000000
Generation 300: Best fitness = -1000.000000
Generation 350: Best fitness = -1000.000000
Generation 400: Best fitness = -1000.000000
Generation 450: Best fitness = -1000.000000
Attempt 82: Current best = 1.625042
Generation 0: Best fitness = -1000.000000
Generation 50: Best fitness = -1000.000000
Generation 100: Best fitness = -1000.000000
Generation 150: Best fitness = -1000.000000
Generation 200: Best fitness = -1000.000000
Generation 250: Best fitness = -1000.000000
Generation 300: Best fitness = -1000.000000
Generation 350: Best fitness = -1000.000000
Generation 400: Best fitness = -1000.000000
Generation 450: Best fitness = -1000.000000
Attempt 83: Current best = 1.625042
Generation 0: Best fitness = -1000.000000
Generation 50: Best fitness = -1000.000000
Generation 100: Best fitness = -1000.000000
Generation 150: Best fitness = -1000.000000
Generation 200: Best fitness = -1000.000000
Generation 250: Best fitness = -1000.000000
Generation 300: Best fitness = -1000.000000
Generation 350: Best fitness = -1000.000000
Generation 400: Best fitness = -1000.000000
Generation 450: Best fitness = -1000.000000
Attempt 84: Current best = 1.625042
Generation 0: Best fitness = -1000.000000
Generation 50: Best fitness = -1000.000000
Generation 100: Best fitness = -1000.000000
Generation 150: Best fitness = -1000.000000
Generation 200: Best fitness = -1000.000000
Generation 250: Best fitness = -1000.000000
Generation 300: Best fitness = -1000.000000
Generation 350: Best fitness = -1000.000000
Generation 400: Best fitness = -1000.000000
Generation 450: Best fitness = -1000.000000
Attempt 85: Current best = 1.625042
Generation 0: Best fitness = -1000.000000
Generation 50: Best fitness = -1000.000000
Generation 100: Best fitness = -1000.000000
Generation 150: Best fitness = -1000.000000
Generation 200: Best fitness = -1000.000000
Generation 250: Best fitness = -1000.000000
Generation 300: Best fitness = -1000.000000
Generation 350: Best fitness = -1000.000000
Generation 400: Best fitness = -1000.000000
Generation 450: Best fitness = -1000.000000
Attempt 86: Current best = 1.625042
Generation 0: Best fitness = -1000.000000
Generation 50: Best fitness = -1000.000000
Generation 100: Best fitness = -1000.000000
Generation 150: Best fitness = -1000.000000
Generation 200: Best fitness = -1000.000000
Generation 250: Best fitness = -1000.000000
Generation 300: Best fitness = -1000.000000
Generation 350: Best fitness = -1000.000000
Generation 400: Best fitness = -1000.000000
Generation 450: Best fitness = -1000.000000
Attempt 87: Current best = 1.625042
Generation 0: Best fitness = -1000.000000
Generation 50: Best fitness = -1000.000000
Generation 100: Best fitness = -1000.000000
Generation 150: Best fitness = -1000.000000
Generation 200: Best fitness = -1000.000000
Generation 250: Best fitness = -1000.000000
Generation 300: Best fitness = -1000.000000
Generation 350: Best fitness = -1000.000000
Generation 400: Best fitness = -1000.000000
Generation 450: Best fitness = -1000.000000
Attempt 88: Current best = 1.625042
Generation 0: Best fitness = -1000.000000
Generation 50: Best fitness = -1000.000000
Generation 100: Best fitness = -1000.000000
Generation 150: Best fitness = -1000.000000
Generation 200: Best fitness = -1000.000000
Generation 250: Best fitness = -1000.000000
Generation 300: Best fitness = -1000.000000
Generation 350: Best fitness = -1000.000000
Generation 400: Best fitness = -1000.000000
Generation 450: Best fitness = -1000.000000
Attempt 89: Current best = 1.625042
Generation 0: Best fitness = -1000.000000
Generation 50: Best fitness = -1000.000000
Generation 100: Best fitness = -1000.000000
Generation 150: Best fitness = -1000.000000
Generation 200: Best fitness = -1000.000000
Generation 250: Best fitness = -1000.000000
Generation 300: Best fitness = -1000.000000
Generation 350: Best fitness = -1000.000000
Generation 400: Best fitness = -1000.000000
Generation 450: Best fitness = -1000.000000
Attempt 90: Current best = 1.625042
Generation 0: Best fitness = -1000.000000
Generation 50: Best fitness = -1000.000000
Generation 100: Best fitness = -1000.000000
Generation 150: Best fitness = -1000.000000
Generation 200: Best fitness = -1000.000000
Generation 250: Best fitness = -1000.000000
Generation 300: Best fitness = -1000.000000
Generation 350: Best fitness = -1000.000000
Generation 400: Best fitness = -1000.000000
Generation 450: Best fitness = -1000.000000
Attempt 91: Current best = 1.625042
Generation 0: Best fitness = -1000.000000
Generation 50: Best fitness = -1000.000000
Generation 100: Best fitness = -1000.000000
Generation 150: Best fitness = -1000.000000
Generation 200: Best fitness = -1000.000000
Generation 250: Best fitness = -1000.000000
Generation 300: Best fitness = -1000.000000
Generation 350: Best fitness = -1000.000000
Generation 400: Best fitness = -1000.000000
Generation 450: Best fitness = -1000.000000
Attempt 92: Current best = 1.625042
Generation 0: Best fitness = -1000.000000
Generation 50: Best fitness = -1000.000000
Generation 100: Best fitness = -1000.000000
Generation 150: Best fitness = -1000.000000
Generation 200: Best fitness = -1000.000000
Generation 250: Best fitness = -1000.000000
Generation 300: Best fitness = -1000.000000
Generation 350: Best fitness = -1000.000000
Generation 400: Best fitness = -1000.000000
Generation 450: Best fitness = -1000.000000
Attempt 93: Current best = 1.625042
Generation 0: Best fitness = -1000.000000
Generation 50: Best fitness = -1000.000000
Generation 100: Best fitness = -1000.000000
Generation 150: Best fitness = -1000.000000
Generation 200: Best fitness = -1000.000000
Generation 250: Best fitness = -1000.000000
Generation 300: Best fitness = -1000.000000
Generation 350: Best fitness = -1000.000000
Generation 400: Best fitness = -1000.000000
Generation 450: Best fitness = -1000.000000
Attempt 94: Current best = 1.625042
Generation 0: Best fitness = -1000.000000
Generation 50: Best fitness = -1000.000000
Generation 100: Best fitness = -1000.000000
Generation 150: Best fitness = -1000.000000
Generation 200: Best fitness = -1000.000000
Generation 250: Best fitness = -1000.000000
Generation 300: Best fitness = -1000.000000
Generation 350: Best fitness = -1000.000000
Generation 400: Best fitness = -1000.000000
Generation 450: Best fitness = -1000.000000
Attempt 95: Current best = 1.625042
Generation 0: Best fitness = -1000.000000
Generation 50: Best fitness = -1000.000000
Generation 100: Best fitness = -1000.000000
Generation 150: Best fitness = -1000.000000
Generation 200: Best fitness = -1000.000000
Generation 250: Best fitness = -1000.000000
Generation 300: Best fitness = -1000.000000
Generation 350: Best fitness = -1000.000000
Generation 400: Best fitness = -1000.000000
Generation 450: Best fitness = -1000.000000
Attempt 96: Current best = 1.625042
Generation 0: Best fitness = -1000.000000
Generation 50: Best fitness = -1000.000000
Generation 100: Best fitness = -1000.000000
Generation 150: Best fitness = -1000.000000
Generation 200: Best fitness = -1000.000000
Generation 250: Best fitness = -1000.000000
Generation 300: Best fitness = -1000.000000
Generation 350: Best fitness = -1000.000000
Generation 400: Best fitness = -1000.000000
Generation 450: Best fitness = -1000.000000
Attempt 97: Current best = 1.625042
Generation 0: Best fitness = -1000.000000
Generation 50: Best fitness = -1000.000000
Generation 100: Best fitness = -1000.000000
Generation 150: Best fitness = -1000.000000
Generation 200: Best fitness = -1000.000000
Generation 250: Best fitness = -1000.000000
Generation 300: Best fitness = 1.182005
Generation 350: Best fitness = 1.339773
Generation 400: Best fitness = 1.409229
Generation 450: Best fitness = 1.413882
Attempt 98: Current best = 1.625042
Generation 0: Best fitness = -1000.000000
Generation 50: Best fitness = -1000.000000
Generation 100: Best fitness = -1000.000000
Generation 150: Best fitness = -1000.000000
Generation 200: Best fitness = -1000.000000
Generation 250: Best fitness = -1000.000000
Generation 300: Best fitness = -1000.000000
Generation 350: Best fitness = -1000.000000
Generation 400: Best fitness = -1000.000000
Generation 450: Best fitness = -1000.000000
Attempt 99: Current best = 1.625042
Generation 0: Best fitness = -1000.000000
Generation 50: Best fitness = -1000.000000
Generation 100: Best fitness = -1000.000000
Generation 150: Best fitness = -1000.000000
Generation 200: Best fitness = -1000.000000
Generation 250: Best fitness = -1000.000000
Generation 300: Best fitness = -1000.000000
Generation 350: Best fitness = -1000.000000
Generation 400: Best fitness = -1000.000000
Generation 450: Best fitness = -1000.000000
Attempt 100: Current best = 1.625042
Generation 0: Best fitness = -1000.000000
Generation 50: Best fitness = -1000.000000
Generation 100: Best fitness = -1000.000000
Generation 150: Best fitness = -1000.000000
Generation 200: Best fitness = -1000.000000
Generation 250: Best fitness = -1000.000000
Generation 300: Best fitness = -1000.000000
Generation 350: Best fitness = -1000.000000
Generation 400: Best fitness = -1000.000000
Generation 450: Best fitness = -1000.000000
Attempt 101: Current best = 1.625042
Generation 0: Best fitness = -1000.000000
Generation 50: Best fitness = -1000.000000
Generation 100: Best fitness = -1000.000000
Generation 150: Best fitness = -1000.000000
Generation 200: Best fitness = -1000.000000
Generation 250: Best fitness = -1000.000000
Generation 300: Best fitness = -1000.000000
Generation 350: Best fitness = -1000.000000
Generation 400: Best fitness = -1000.000000
Generation 450: Best fitness = -1000.000000
Attempt 102: Current best = 1.625042
Generation 0: Best fitness = -1000.000000
Generation 50: Best fitness = -1000.000000
Generation 100: Best fitness = -1000.000000
Generation 150: Best fitness = -1000.000000
Generation 200: Best fitness = -1000.000000
Generation 250: Best fitness = -1000.000000
Generation 300: Best fitness = -1000.000000
Generation 350: Best fitness = -1000.000000
Generation 400: Best fitness = -1000.000000
Generation 450: Best fitness = -1000.000000
Attempt 103: Current best = 1.625042
Generation 0: Best fitness = -1000.000000
Generation 50: Best fitness = -1000.000000
Generation 100: Best fitness = -1000.000000
Generation 150: Best fitness = -1000.000000
Generation 200: Best fitness = -1000.000000
Generation 250: Best fitness = -1000.000000
Generation 300: Best fitness = -1000.000000
Generation 350: Best fitness = -1000.000000
Generation 400: Best fitness = -1000.000000
Generation 450: Best fitness = -1000.000000
Attempt 104: Current best = 1.625042
Generation 0: Best fitness = -1000.000000
Generation 50: Best fitness = -1000.000000
Generation 100: Best fitness = -1000.000000
Generation 150: Best fitness = -1000.000000
Generation 200: Best fitness = -1000.000000
Generation 250: Best fitness = -1000.000000
Generation 300: Best fitness = -1000.000000
Generation 350: Best fitness = -1000.000000
Generation 400: Best fitness = -1000.000000
Generation 450: Best fitness = -1000.000000
Attempt 105: Current best = 1.625042
Generation 0: Best fitness = -1000.000000
Generation 50: Best fitness = -1000.000000
Generation 100: Best fitness = -1000.000000
Generation 150: Best fitness = -1000.000000
Generation 200: Best fitness = -1000.000000
Generation 250: Best fitness = -1000.000000
Generation 300: Best fitness = -1000.000000
Generation 350: Best fitness = -1000.000000
Generation 400: Best fitness = -1000.000000
Generation 450: Best fitness = -1000.000000
Attempt 106: Current best = 1.625042
Generation 0: Best fitness = -1000.000000
Generation 50: Best fitness = -1000.000000
Generation 100: Best fitness = -1000.000000
Generation 150: Best fitness = -1000.000000
Generation 200: Best fitness = -1000.000000
Generation 250: Best fitness = -1000.000000
Generation 300: Best fitness = -1000.000000
Generation 350: Best fitness = -1000.000000
Generation 400: Best fitness = -1000.000000
Generation 450: Best fitness = -1000.000000
Attempt 107: Current best = 1.625042
Generation 0: Best fitness = -1000.000000
Generation 50: Best fitness = -1000.000000
Generation 100: Best fitness = -1000.000000
Generation 150: Best fitness = -1000.000000
Generation 200: Best fitness = -1000.000000
Generation 250: Best fitness = -1000.000000
Generation 300: Best fitness = -1000.000000
Generation 350: Best fitness = -1000.000000
Generation 400: Best fitness = -1000.000000
Generation 450: Best fitness = -1000.000000
Attempt 108: Current best = 1.625042
Generation 0: Best fitness = -1000.000000
Generation 50: Best fitness = -1000.000000
Generation 100: Best fitness = -1000.000000
Generation 150: Best fitness = -1000.000000
Generation 200: Best fitness = -1000.000000
Generation 250: Best fitness = -1000.000000
Generation 300: Best fitness = -1000.000000
Generation 350: Best fitness = -1000.000000
Generation 400: Best fitness = -1000.000000
Generation 450: Best fitness = -1000.000000
Attempt 109: Current best = 1.625042
Generation 0: Best fitness = -1000.000000
Generation 50: Best fitness = -1000.000000
Generation 100: Best fitness = -1000.000000
Generation 150: Best fitness = -1000.000000
Generation 200: Best fitness = -1000.000000
Generation 250: Best fitness = -1000.000000
Generation 300: Best fitness = -1000.000000
Generation 350: Best fitness = -1000.000000
Generation 400: Best fitness = -1000.000000
Generation 450: Best fitness = -1000.000000
Attempt 110: Current best = 1.625042
Generation 0: Best fitness = -1000.000000
Generation 50: Best fitness = -1000.000000
Generation 100: Best fitness = -1000.000000
Generation 150: Best fitness = -1000.000000
Generation 200: Best fitness = -1000.000000
Generation 250: Best fitness = -1000.000000
Generation 300: Best fitness = -1000.000000
Generation 350: Best fitness = -1000.000000
Generation 400: Best fitness = -1000.000000
Generation 450: Best fitness = -1000.000000
Attempt 111: Current best = 1.625042
Generation 0: Best fitness = -1000.000000
Generation 50: Best fitness = -1000.000000
Generation 100: Best fitness = -1000.000000
Generation 150: Best fitness = -1000.000000
Generation 200: Best fitness = -1000.000000
Generation 250: Best fitness = -1000.000000
Generation 300: Best fitness = -1000.000000
Generation 350: Best fitness = -1000.000000
Generation 400: Best fitness = -1000.000000
Generation 450: Best fitness = -1000.000000
Attempt 112: Current best = 1.625042
Generation 0: Best fitness = -1000.000000
Generation 50: Best fitness = -1000.000000
Generation 100: Best fitness = -1000.000000
Generation 150: Best fitness = -1000.000000
Generation 200: Best fitness = -1000.000000
Generation 250: Best fitness = -1000.000000
Generation 300: Best fitness = -1000.000000
Generation 350: Best fitness = -1000.000000
Generation 400: Best fitness = -1000.000000
Generation 450: Best fitness = -1000.000000
Attempt 113: Current best = 1.625042
Generation 0: Best fitness = -1000.000000
Generation 50: Best fitness = -1000.000000
Generation 100: Best fitness = -1000.000000
Generation 150: Best fitness = -1000.000000
Generation 200: Best fitness = -1000.000000
Generation 250: Best fitness = -1000.000000
Generation 300: Best fitness = -1000.000000
Generation 350: Best fitness = -1000.000000
Generation 400: Best fitness = -1000.000000
Generation 450: Best fitness = -1000.000000
Attempt 114: Current best = 1.625042
Generation 0: Best fitness = -1000.000000
Generation 50: Best fitness = -1000.000000
Generation 100: Best fitness = -1000.000000
Generation 150: Best fitness = -1000.000000
Generation 200: Best fitness = -1000.000000
Generation 250: Best fitness = -1000.000000
Generation 300: Best fitness = -1000.000000
Generation 350: Best fitness = -1000.000000
Generation 400: Best fitness = -1000.000000
Generation 450: Best fitness = -1000.000000
Attempt 115: Current best = 1.625042
Generation 0: Best fitness = -1000.000000
Generation 50: Best fitness = -1000.000000
Generation 100: Best fitness = -1000.000000
Generation 150: Best fitness = -1000.000000
Generation 200: Best fitness = -1000.000000
Generation 250: Best fitness = -1000.000000
Generation 300: Best fitness = -1000.000000
Generation 350: Best fitness = -1000.000000
Generation 400: Best fitness = -1000.000000
Generation 450: Best fitness = -1000.000000
Attempt 116: Current best = 1.625042
Generation 0: Best fitness = -1000.000000
Generation 50: Best fitness = -1000.000000
Generation 100: Best fitness = -1000.000000
Generation 150: Best fitness = -1000.000000
Generation 200: Best fitness = -1000.000000
Generation 250: Best fitness = -1000.000000
Generation 300: Best fitness = -1000.000000
Generation 350: Best fitness = -1000.000000
Generation 400: Best fitness = -1000.000000
Generation 450: Best fitness = -1000.000000
Attempt 117: Current best = 1.625042
Generation 0: Best fitness = -1000.000000
Generation 50: Best fitness = -1000.000000
Generation 100: Best fitness = -1000.000000
Generation 150: Best fitness = -1000.000000
Generation 200: Best fitness = -1000.000000
Generation 250: Best fitness = -1000.000000
Generation 300: Best fitness = -1000.000000
Generation 350: Best fitness = -1000.000000
Generation 400: Best fitness = -1000.000000
Generation 450: Best fitness = -1000.000000
Attempt 118: Current best = 1.625042
Generation 0: Best fitness = -1000.000000
Generation 50: Best fitness = -1000.000000
Generation 100: Best fitness = -1000.000000
Generation 150: Best fitness = -1000.000000
Generation 200: Best fitness = -1000.000000
Generation 250: Best fitness = -1000.000000
Generation 300: Best fitness = -1000.000000
Generation 350: Best fitness = -1000.000000
Generation 400: Best fitness = -1000.000000
Generation 450: Best fitness = -1000.000000
Attempt 119: Current best = 1.625042
Generation 0: Best fitness = -1000.000000
Generation 50: Best fitness = -1000.000000
Generation 100: Best fitness = -1000.000000
Generation 150: Best fitness = -1000.000000
Generation 200: Best fitness = -1000.000000
Generation 250: Best fitness = -1000.000000
Generation 300: Best fitness = -1000.000000
Generation 350: Best fitness = -1000.000000
Generation 400: Best fitness = -1000.000000
Generation 450: Best fitness = -1000.000000
Attempt 120: Current best = 1.625042
Generation 0: Best fitness = -1000.000000
Generation 50: Best fitness = -1000.000000
Generation 100: Best fitness = -1000.000000
Generation 150: Best fitness = -1000.000000
Generation 200: Best fitness = -1000.000000
Generation 250: Best fitness = -1000.000000
Generation 300: Best fitness = -1000.000000
Generation 350: Best fitness = -1000.000000
Generation 400: Best fitness = -1000.000000
Generation 450: Best fitness = -1000.000000
Attempt 121: Current best = 1.625042
Generation 0: Best fitness = -1000.000000
Generation 50: Best fitness = -1000.000000
Generation 100: Best fitness = -1000.000000
Generation 150: Best fitness = -1000.000000
Generation 200: Best fitness = -1000.000000
Generation 250: Best fitness = -1000.000000
Generation 300: Best fitness = -1000.000000
Generation 350: Best fitness = -1000.000000
Generation 400: Best fitness = -1000.000000
Generation 450: Best fitness = -1000.000000
Attempt 122: Current best = 1.625042
Generation 0: Best fitness = -1000.000000
Generation 50: Best fitness = -1000.000000
Generation 100: Best fitness = -1000.000000
Generation 150: Best fitness = -1000.000000
Generation 200: Best fitness = -1000.000000
Generation 250: Best fitness = -1000.000000
Generation 300: Best fitness = -1000.000000
Generation 350: Best fitness = -1000.000000
Generation 400: Best fitness = -1000.000000
Generation 450: Best fitness = -1000.000000
Attempt 123: Current best = 1.625042
Generation 0: Best fitness = -1000.000000
Generation 50: Best fitness = -1000.000000
Generation 100: Best fitness = -1000.000000
Generation 150: Best fitness = -1000.000000
Generation 200: Best fitness = -1000.000000
Generation 250: Best fitness = -1000.000000
Generation 300: Best fitness = -1000.000000
Generation 350: Best fitness = -1000.000000
Generation 400: Best fitness = -1000.000000
Generation 450: Best fitness = -1000.000000
Attempt 124: Current best = 1.625042
Generation 0: Best fitness = -1000.000000
Generation 50: Best fitness = -1000.000000
Generation 100: Best fitness = -1000.000000
Generation 150: Best fitness = -1000.000000
Generation 200: Best fitness = -1000.000000
Generation 250: Best fitness = -1000.000000
Generation 300: Best fitness = -1000.000000
Generation 350: Best fitness = -1000.000000
Generation 400: Best fitness = -1000.000000
Generation 450: Best fitness = -1000.000000
Attempt 125: Current best = 1.625042
Generation 0: Best fitness = -1000.000000
Generation 50: Best fitness = -1000.000000
Generation 100: Best fitness = -1000.000000
Generation 150: Best fitness = -1000.000000
Generation 200: Best fitness = -1000.000000
Generation 250: Best fitness = -1000.000000
Generation 300: Best fitness = -1000.000000
Generation 350: Best fitness = -1000.000000
Generation 400: Best fitness = -1000.000000
Generation 450: Best fitness = -1000.000000
Attempt 126: Current best = 1.625042
Generation 0: Best fitness = -1000.000000
Generation 50: Best fitness = -1000.000000
Generation 100: Best fitness = -1000.000000
Generation 150: Best fitness = -1000.000000
Generation 200: Best fitness = -1000.000000
Generation 250: Best fitness = -1000.000000
Generation 300: Best fitness = -1000.000000
Generation 350: Best fitness = -1000.000000
Generation 400: Best fitness = -1000.000000
Generation 450: Best fitness = -1000.000000
Attempt 127: Current best = 1.625042
Generation 0: Best fitness = -1000.000000
Generation 50: Best fitness = -1000.000000
Generation 100: Best fitness = -1000.000000
Generation 150: Best fitness = -1000.000000
Generation 200: Best fitness = -1000.000000
Generation 250: Best fitness = -1000.000000
Generation 300: Best fitness = -1000.000000
Generation 350: Best fitness = -1000.000000
Generation 400: Best fitness = -1000.000000
Generation 450: Best fitness = -1000.000000
Attempt 128: Current best = 1.625042
Generation 0: Best fitness = -1000.000000
Generation 50: Best fitness = -1000.000000
Generation 100: Best fitness = -1000.000000
Generation 150: Best fitness = -1000.000000
Generation 200: Best fitness = -1000.000000
Generation 250: Best fitness = -1000.000000
Generation 300: Best fitness = -1000.000000
Generation 350: Best fitness = -1000.000000
Generation 400: Best fitness = -1000.000000
Generation 450: Best fitness = -1000.000000
Attempt 129: Current best = 1.625042
Generation 0: Best fitness = -1000.000000
Generation 50: Best fitness = -1000.000000
Generation 100: Best fitness = -1000.000000
Generation 150: Best fitness = -1000.000000
Generation 200: Best fitness = -1000.000000
Generation 250: Best fitness = -1000.000000
Generation 300: Best fitness = -1000.000000
Generation 350: Best fitness = -1000.000000
Generation 400: Best fitness = -1000.000000
Generation 450: Best fitness = -1000.000000
Attempt 130: Current best = 1.625042
Generation 0: Best fitness = -1000.000000
Generation 50: Best fitness = -1000.000000
Generation 100: Best fitness = -1000.000000
Generation 150: Best fitness = -1000.000000
Generation 200: Best fitness = -1000.000000
Generation 250: Best fitness = -1000.000000
Generation 300: Best fitness = -1000.000000
Generation 350: Best fitness = -1000.000000
Generation 400: Best fitness = -1000.000000
Generation 450: Best fitness = -1000.000000
Attempt 131: Current best = 1.625042
Generation 0: Best fitness = -1000.000000
Generation 50: Best fitness = -1000.000000
Generation 100: Best fitness = -1000.000000
Generation 150: Best fitness = -1000.000000
Generation 200: Best fitness = -1000.000000
Generation 250: Best fitness = -1000.000000
Generation 300: Best fitness = -1000.000000
Generation 350: Best fitness = -1000.000000
Generation 400: Best fitness = -1000.000000
Generation 450: Best fitness = -1000.000000
Attempt 132: Current best = 1.625042
Generation 0: Best fitness = -1000.000000
Generation 50: Best fitness = -1000.000000
Generation 100: Best fitness = -1000.000000
Generation 150: Best fitness = -1000.000000
Generation 200: Best fitness = -1000.000000
Generation 250: Best fitness = -1000.000000
Generation 300: Best fitness = -1000.000000
Generation 350: Best fitness = -1000.000000
Generation 400: Best fitness = -1000.000000
Generation 450: Best fitness = -1000.000000
Attempt 133: Current best = 1.625042
Generation 0: Best fitness = -1000.000000
Generation 50: Best fitness = 1.337889
Generation 100: Best fitness = 1.500845
Generation 150: Best fitness = 1.516021
Generation 200: Best fitness = 1.523755
Generation 250: Best fitness = 1.527360
Generation 300: Best fitness = 1.532545
Generation 350: Best fitness = 1.545583
Generation 400: Best fitness = 1.588504
Generation 450: Best fitness = 1.625626
Attempt 134: Current best = 1.627988
Generation 0: Best fitness = -1000.000000
Generation 50: Best fitness = -1000.000000
Generation 100: Best fitness = -1000.000000
Generation 150: Best fitness = -1000.000000
Generation 200: Best fitness = -1000.000000
Generation 250: Best fitness = -1000.000000
Generation 300: Best fitness = -1000.000000
Generation 350: Best fitness = -1000.000000
Generation 400: Best fitness = -1000.000000
Generation 450: Best fitness = -1000.000000
Attempt 135: Current best = 1.627988
Generation 0: Best fitness = -1000.000000
Generation 50: Best fitness = -1000.000000
Generation 100: Best fitness = -1000.000000
Generation 150: Best fitness = -1000.000000
Generation 200: Best fitness = -1000.000000
Generation 250: Best fitness = -1000.000000
Generation 300: Best fitness = -1000.000000
Generation 350: Best fitness = -1000.000000
Generation 400: Best fitness = -1000.000000
Generation 450: Best fitness = -1000.000000
Attempt 136: Current best = 1.627988
Generation 0: Best fitness = -1000.000000
Generation 50: Best fitness = -1000.000000
Generation 100: Best fitness = -1000.000000
Generation 150: Best fitness = -1000.000000
Generation 200: Best fitness = -1000.000000
Generation 250: Best fitness = -1000.000000
Generation 300: Best fitness = -1000.000000
Generation 350: Best fitness = -1000.000000
Generation 400: Best fitness = -1000.000000
Generation 450: Best fitness = -1000.000000
Attempt 137: Current best = 1.627988
Generation 0: Best fitness = -1000.000000
Generation 50: Best fitness = -1000.000000
Generation 100: Best fitness = -1000.000000
Generation 150: Best fitness = -1000.000000
Generation 200: Best fitness = -1000.000000
Generation 250: Best fitness = -1000.000000
Generation 300: Best fitness = -1000.000000
Generation 350: Best fitness = -1000.000000
Generation 400: Best fitness = -1000.000000
Generation 450: Best fitness = -1000.000000
Attempt 138: Current best = 1.627988
Generation 0: Best fitness = -1000.000000
Generation 50: Best fitness = -1000.000000
Generation 100: Best fitness = -1000.000000
Generation 150: Best fitness = -1000.000000
Generation 200: Best fitness = -1000.000000
Generation 250: Best fitness = -1000.000000
Generation 300: Best fitness = -1000.000000
Generation 350: Best fitness = -1000.000000
Generation 400: Best fitness = -1000.000000
Generation 450: Best fitness = -1000.000000
Attempt 139: Current best = 1.627988
Generation 0: Best fitness = -1000.000000
Generation 50: Best fitness = -1000.000000
Generation 100: Best fitness = -1000.000000
Generation 150: Best fitness = -1000.000000
Generation 200: Best fitness = -1000.000000
Generation 250: Best fitness = -1000.000000
Generation 300: Best fitness = -1000.000000
Generation 350: Best fitness = -1000.000000
Generation 400: Best fitness = -1000.000000
Generation 450: Best fitness = -1000.000000
Attempt 140: Current best = 1.627988
Generation 0: Best fitness = -1000.000000
Generation 50: Best fitness = -1000.000000
Generation 100: Best fitness = -1000.000000
Generation 150: Best fitness = -1000.000000
Generation 200: Best fitness = -1000.000000
Generation 250: Best fitness = -1000.000000
Generation 300: Best fitness = -1000.000000
Generation 350: Best fitness = -1000.000000
Generation 400: Best fitness = -1000.000000
Generation 450: Best fitness = -1000.000000
Attempt 141: Current best = 1.627988
Generation 0: Best fitness = -1000.000000
Generation 50: Best fitness = -1000.000000
Generation 100: Best fitness = -1000.000000
Generation 150: Best fitness = -1000.000000
Generation 200: Best fitness = -1000.000000
Generation 250: Best fitness = -1000.000000
Generation 300: Best fitness = -1000.000000
Generation 350: Best fitness = -1000.000000
Generation 400: Best fitness = -1000.000000
Generation 450: Best fitness = -1000.000000
Attempt 142: Current best = 1.627988
Generation 0: Best fitness = -1000.000000
Generation 50: Best fitness = -1000.000000
Generation 100: Best fitness = -1000.000000
Generation 150: Best fitness = -1000.000000
Generation 200: Best fitness = -1000.000000
Generation 250: Best fitness = -1000.000000
Generation 300: Best fitness = -1000.000000
Generation 350: Best fitness = -1000.000000
Generation 400: Best fitness = -1000.000000
Generation 450: Best fitness = -1000.000000
Attempt 143: Current best = 1.627988
Generation 0: Best fitness = -1000.000000
Generation 50: Best fitness = -1000.000000
Generation 100: Best fitness = -1000.000000
Generation 150: Best fitness = -1000.000000
Generation 200: Best fitness = -1000.000000
Generation 250: Best fitness = -1000.000000
Generation 300: Best fitness = -1000.000000
Generation 350: Best fitness = -1000.000000
Generation 400: Best fitness = -1000.000000
Generation 450: Best fitness = -1000.000000
Attempt 144: Current best = 1.627988
Generation 0: Best fitness = -1000.000000
Generation 50: Best fitness = -1000.000000
Generation 100: Best fitness = -1000.000000
Generation 150: Best fitness = -1000.000000
Generation 200: Best fitness = -1000.000000
Generation 250: Best fitness = -1000.000000
Generation 300: Best fitness = -1000.000000
Generation 350: Best fitness = -1000.000000
Generation 400: Best fitness = -1000.000000
Generation 450: Best fitness = -1000.000000
Attempt 145: Current best = 1.627988
Generation 0: Best fitness = -1000.000000
Generation 50: Best fitness = -1000.000000
Generation 100: Best fitness = -1000.000000
Generation 150: Best fitness = -1000.000000
Generation 200: Best fitness = -1000.000000
Generation 250: Best fitness = -1000.000000
Generation 300: Best fitness = -1000.000000
Generation 350: Best fitness = -1000.000000
Generation 400: Best fitness = -1000.000000
Generation 450: Best fitness = -1000.000000
Attempt 146: Current best = 1.627988
Generation 0: Best fitness = -1000.000000
Generation 50: Best fitness = -1000.000000
Generation 100: Best fitness = -1000.000000
Generation 150: Best fitness = -1000.000000
Generation 200: Best fitness = -1000.000000
Generation 250: Best fitness = -1000.000000
Generation 300: Best fitness = -1000.000000
Generation 350: Best fitness = -1000.000000
Generation 400: Best fitness = -1000.000000
Generation 450: Best fitness = -1000.000000
Attempt 147: Current best = 1.627988
Generation 0: Best fitness = -1000.000000
Generation 50: Best fitness = -1000.000000
Generation 100: Best fitness = -1000.000000
Generation 150: Best fitness = -1000.000000
Generation 200: Best fitness = -1000.000000
Generation 250: Best fitness = -1000.000000
Generation 300: Best fitness = -1000.000000
Generation 350: Best fitness = -1000.000000
Generation 400: Best fitness = -1000.000000
Generation 450: Best fitness = -1000.000000
Attempt 148: Current best = 1.627988
Generation 0: Best fitness = -1000.000000
Generation 50: Best fitness = -1000.000000
Generation 100: Best fitness = -1000.000000
Generation 150: Best fitness = -1000.000000
Generation 200: Best fitness = -1000.000000
Generation 250: Best fitness = -1000.000000
Generation 300: Best fitness = -1000.000000
Generation 350: Best fitness = -1000.000000
Generation 400: Best fitness = -1000.000000
Generation 450: Best fitness = -1000.000000
Attempt 149: Current best = 1.627988
Generation 0: Best fitness = -1000.000000
Generation 50: Best fitness = -1000.000000
Generation 100: Best fitness = -1000.000000
Generation 150: Best fitness = -1000.000000
Generation 200: Best fitness = -1000.000000
Generation 250: Best fitness = -1000.000000
Generation 300: Best fitness = -1000.000000
Generation 350: Best fitness = -1000.000000
Generation 400: Best fitness = -1000.000000
Generation 450: Best fitness = -1000.000000
Attempt 150: Current best = 1.627988
Generation 0: Best fitness = -1000.000000
Generation 50: Best fitness = -1000.000000
Generation 100: Best fitness = -1000.000000
Generation 150: Best fitness = -1000.000000
Generation 200: Best fitness = -1000.000000
Generation 250: Best fitness = -1000.000000
Generation 300: Best fitness = -1000.000000
Generation 350: Best fitness = -1000.000000
Generation 400: Best fitness = -1000.000000
Generation 450: Best fitness = -1000.000000
Attempt 151: Current best = 1.627988
Generation 0: Best fitness = -1000.000000
Generation 50: Best fitness = -1000.000000
Generation 100: Best fitness = -1000.000000
Generation 150: Best fitness = -1000.000000
Generation 200: Best fitness = -1000.000000
Generation 250: Best fitness = -1000.000000
Generation 300: Best fitness = -1000.000000
Generation 350: Best fitness = -1000.000000
Generation 400: Best fitness = -1000.000000
Generation 450: Best fitness = -1000.000000
Attempt 152: Current best = 1.627988
Generation 0: Best fitness = -1000.000000
Generation 50: Best fitness = -1000.000000
Generation 100: Best fitness = -1000.000000
Generation 150: Best fitness = -1000.000000
Generation 200: Best fitness = -1000.000000
Generation 250: Best fitness = -1000.000000
Generation 300: Best fitness = -1000.000000
Generation 350: Best fitness = -1000.000000
Generation 400: Best fitness = -1000.000000
Generation 450: Best fitness = -1000.000000
Attempt 153: Current best = 1.627988
Generation 0: Best fitness = -1000.000000
Generation 50: Best fitness = -1000.000000
Generation 100: Best fitness = -1000.000000
Generation 150: Best fitness = -1000.000000
Generation 200: Best fitness = -1000.000000
Generation 250: Best fitness = -1000.000000
Generation 300: Best fitness = -1000.000000
Generation 350: Best fitness = -1000.000000
Generation 400: Best fitness = -1000.000000
Generation 450: Best fitness = -1000.000000
Attempt 154: Current best = 1.762964
Generation 0: Best fitness = -1000.000000
Generation 50: Best fitness = -1000.000000
Generation 100: Best fitness = -1000.000000
Generation 150: Best fitness = -1000.000000
Generation 200: Best fitness = -1000.000000
Generation 250: Best fitness = -1000.000000
Generation 300: Best fitness = -1000.000000
Generation 350: Best fitness = -1000.000000
Generation 400: Best fitness = -1000.000000
Generation 450: Best fitness = -1000.000000
Attempt 155: Current best = 1.762964
Generation 0: Best fitness = -1000.000000
Generation 50: Best fitness = -1000.000000
Generation 100: Best fitness = -1000.000000
Generation 150: Best fitness = -1000.000000
Generation 200: Best fitness = -1000.000000
Generation 250: Best fitness = -1000.000000
Generation 300: Best fitness = -1000.000000
Generation 350: Best fitness = -1000.000000
Generation 400: Best fitness = -1000.000000
Generation 450: Best fitness = -1000.000000
Attempt 156: Current best = 1.762964
Generation 0: Best fitness = -1000.000000
Generation 50: Best fitness = -1000.000000
Generation 100: Best fitness = -1000.000000
Generation 150: Best fitness = -1000.000000
Generation 200: Best fitness = -1000.000000
Generation 250: Best fitness = -1000.000000
Generation 300: Best fitness = -1000.000000
Generation 350: Best fitness = -1000.000000
Generation 400: Best fitness = -1000.000000
Generation 450: Best fitness = -1000.000000
Attempt 157: Current best = 1.762964
Generation 0: Best fitness = -1000.000000
Generation 50: Best fitness = -1000.000000
Generation 100: Best fitness = -1000.000000
Generation 150: Best fitness = -1000.000000
Generation 200: Best fitness = -1000.000000
Generation 250: Best fitness = -1000.000000
Generation 300: Best fitness = -1000.000000
Generation 350: Best fitness = -1000.000000
Generation 400: Best fitness = -1000.000000
Generation 450: Best fitness = -1000.000000
Attempt 158: Current best = 1.762964
Generation 0: Best fitness = -1000.000000
Generation 50: Best fitness = -1000.000000
Generation 100: Best fitness = -1000.000000
Generation 150: Best fitness = -1000.000000
Generation 200: Best fitness = -1000.000000
Generation 250: Best fitness = -1000.000000
Generation 300: Best fitness = -1000.000000
Generation 350: Best fitness = -1000.000000
Generation 400: Best fitness = -1000.000000
Generation 450: Best fitness = -1000.000000
Attempt 159: Current best = 1.762964
Generation 0: Best fitness = -1000.000000
Generation 50: Best fitness = -1000.000000
Generation 100: Best fitness = -1000.000000
Generation 150: Best fitness = -1000.000000
Generation 200: Best fitness = -1000.000000
Generation 250: Best fitness = -1000.000000
Generation 300: Best fitness = -1000.000000
Generation 350: Best fitness = -1000.000000
Generation 400: Best fitness = -1000.000000
Generation 450: Best fitness = -1000.000000
Attempt 160: Current best = 1.762964
Generation 0: Best fitness = -1000.000000
Generation 50: Best fitness = -1000.000000
Generation 100: Best fitness = -1000.000000
Generation 150: Best fitness = -1000.000000
Generation 200: Best fitness = -1000.000000
Generation 250: Best fitness = -1000.000000
Generation 300: Best fitness = -1000.000000
Generation 350: Best fitness = -1000.000000
Generation 400: Best fitness = -1000.000000
Generation 450: Best fitness = -1000.000000
Attempt 161: Current best = 1.762964
Generation 0: Best fitness = -1000.000000
Generation 50: Best fitness = -1000.000000
Generation 100: Best fitness = -1000.000000
Generation 150: Best fitness = -1000.000000
Generation 200: Best fitness = -1000.000000
Generation 250: Best fitness = -1000.000000
Generation 300: Best fitness = -1000.000000
Generation 350: Best fitness = -1000.000000
Generation 400: Best fitness = -1000.000000
Generation 450: Best fitness = -1000.000000
Attempt 162: Current best = 1.762964
Generation 0: Best fitness = -1000.000000
Generation 50: Best fitness = -1000.000000
Generation 100: Best fitness = -1000.000000
Generation 150: Best fitness = -1000.000000
Generation 200: Best fitness = -1000.000000
Generation 250: Best fitness = -1000.000000
Generation 300: Best fitness = -1000.000000
Generation 350: Best fitness = -1000.000000
Generation 400: Best fitness = -1000.000000
Generation 450: Best fitness = -1000.000000
Attempt 163: Current best = 1.762964
Generation 0: Best fitness = -1000.000000
Generation 50: Best fitness = 1.509775
Generation 100: Best fitness = 1.588862
Generation 150: Best fitness = 1.619145
Generation 200: Best fitness = 1.635111
Generation 250: Best fitness = 1.642248
Generation 300: Best fitness = 1.644436
Generation 350: Best fitness = 1.645224
Generation 400: Best fitness = 1.645575
Generation 450: Best fitness = 1.646016
Attempt 164: Current best = 1.762964
Generation 0: Best fitness = -1000.000000
Generation 50: Best fitness = -1000.000000
Generation 100: Best fitness = -1000.000000
Generation 150: Best fitness = -1000.000000
Generation 200: Best fitness = -1000.000000
Generation 250: Best fitness = -1000.000000
Generation 300: Best fitness = -1000.000000
Generation 350: Best fitness = -1000.000000
Generation 400: Best fitness = -1000.000000
Generation 450: Best fitness = -1000.000000
Attempt 165: Current best = 1.762964
Generation 0: Best fitness = -1000.000000
Generation 50: Best fitness = -1000.000000
Generation 100: Best fitness = -1000.000000
Generation 150: Best fitness = -1000.000000
Generation 200: Best fitness = -1000.000000
Generation 250: Best fitness = -1000.000000
Generation 300: Best fitness = -1000.000000
Generation 350: Best fitness = -1000.000000
Generation 400: Best fitness = -1000.000000
Generation 450: Best fitness = -1000.000000
Attempt 166: Current best = 1.762964
Generation 0: Best fitness = -1000.000000
Generation 50: Best fitness = -1000.000000
Generation 100: Best fitness = -1000.000000
Generation 150: Best fitness = -1000.000000
Generation 200: Best fitness = -1000.000000
Generation 250: Best fitness = -1000.000000
Generation 300: Best fitness = -1000.000000
Generation 350: Best fitness = -1000.000000
Generation 400: Best fitness = -1000.000000
Generation 450: Best fitness = -1000.000000
Attempt 167: Current best = 1.762964
Generation 0: Best fitness = -1000.000000
Generation 50: Best fitness = -1000.000000
Generation 100: Best fitness = -1000.000000
Generation 150: Best fitness = -1000.000000
Generation 200: Best fitness = -1000.000000
Generation 250: Best fitness = -1000.000000
Generation 300: Best fitness = -1000.000000
Generation 350: Best fitness = -1000.000000
Generation 400: Best fitness = -1000.000000
Generation 450: Best fitness = -1000.000000
Attempt 168: Current best = 1.762964
Generation 0: Best fitness = -1000.000000
Generation 50: Best fitness = -1000.000000
Generation 100: Best fitness = -1000.000000
Generation 150: Best fitness = -1000.000000
Generation 200: Best fitness = -1000.000000
Generation 250: Best fitness = -1000.000000
Generation 300: Best fitness = -1000.000000
Generation 350: Best fitness = -1000.000000
Generation 400: Best fitness = -1000.000000
Generation 450: Best fitness = -1000.000000
Attempt 169: Current best = 1.762964
Generation 0: Best fitness = -1000.000000
Generation 50: Best fitness = -1000.000000
Generation 100: Best fitness = -1000.000000
Generation 150: Best fitness = -1000.000000
Generation 200: Best fitness = -1000.000000
Generation 250: Best fitness = -1000.000000
Generation 300: Best fitness = -1000.000000
Generation 350: Best fitness = -1000.000000
Generation 400: Best fitness = -1000.000000
Generation 450: Best fitness = -1000.000000
Attempt 170: Current best = 1.762964
Generation 0: Best fitness = -1000.000000
Generation 50: Best fitness = -1000.000000
Generation 100: Best fitness = -1000.000000
Generation 150: Best fitness = -1000.000000
Generation 200: Best fitness = -1000.000000
Generation 250: Best fitness = -1000.000000
Generation 300: Best fitness = -1000.000000
Generation 350: Best fitness = -1000.000000
Generation 400: Best fitness = -1000.000000
Generation 450: Best fitness = -1000.000000
Attempt 171: Current best = 1.762964
Generation 0: Best fitness = -1000.000000
Generation 50: Best fitness = -1000.000000
Generation 100: Best fitness = -1000.000000
Generation 150: Best fitness = -1000.000000
Generation 200: Best fitness = -1000.000000
Generation 250: Best fitness = -1000.000000
Generation 300: Best fitness = -1000.000000
Generation 350: Best fitness = -1000.000000
Generation 400: Best fitness = -1000.000000
Generation 450: Best fitness = -1000.000000
Attempt 172: Current best = 1.762964
Generation 0: Best fitness = -1000.000000
Generation 50: Best fitness = -1000.000000
Generation 100: Best fitness = -1000.000000
Generation 150: Best fitness = -1000.000000
Generation 200: Best fitness = -1000.000000
Generation 250: Best fitness = -1000.000000
Generation 300: Best fitness = -1000.000000
Generation 350: Best fitness = -1000.000000
Generation 400: Best fitness = -1000.000000
Generation 450: Best fitness = -1000.000000
Attempt 173: Current best = 1.762964
Generation 0: Best fitness = -1000.000000
Generation 50: Best fitness = -1000.000000
Generation 100: Best fitness = -1000.000000
Generation 150: Best fitness = -1000.000000
Generation 200: Best fitness = -1000.000000
Generation 250: Best fitness = -1000.000000
Generation 300: Best fitness = -1000.000000
Generation 350: Best fitness = -1000.000000
Generation 400: Best fitness = -1000.000000
Generation 450: Best fitness = -1000.000000
Attempt 174: Current best = 1.762964
Generation 0: Best fitness = -1000.000000
Generation 50: Best fitness = -1000.000000
Generation 100: Best fitness = -1000.000000
Generation 150: Best fitness = -1000.000000
Generation 200: Best fitness = -1000.000000
Generation 250: Best fitness = -1000.000000
Generation 300: Best fitness = -1000.000000
Generation 350: Best fitness = -1000.000000
Generation 400: Best fitness = -1000.000000
Generation 450: Best fitness = -1000.000000
Attempt 175: Current best = 1.762964
Generation 0: Best fitness = -1000.000000
Generation 50: Best fitness = -1000.000000
Generation 100: Best fitness = -1000.000000
Generation 150: Best fitness = -1000.000000
Generation 200: Best fitness = -1000.000000
Generation 250: Best fitness = -1000.000000
Generation 300: Best fitness = -1000.000000
Generation 350: Best fitness = -1000.000000
Generation 400: Best fitness = -1000.000000
Generation 450: Best fitness = -1000.000000
Attempt 176: Current best = 1.762964
Generation 0: Best fitness = -1000.000000
Generation 50: Best fitness = -1000.000000
Generation 100: Best fitness = -1000.000000
Generation 150: Best fitness = -1000.000000
Generation 200: Best fitness = -1000.000000
Generation 250: Best fitness = -1000.000000
Generation 300: Best fitness = -1000.000000
Generation 350: Best fitness = -1000.000000
Generation 400: Best fitness = -1000.000000
Generation 450: Best fitness = -1000.000000
Attempt 177: Current best = 1.762964
Generation 0: Best fitness = -1000.000000
Generation 50: Best fitness = -1000.000000
Generation 100: Best fitness = -1000.000000
Generation 150: Best fitness = -1000.000000
Generation 200: Best fitness = -1000.000000
Generation 250: Best fitness = -1000.000000
Generation 300: Best fitness = -1000.000000
Generation 350: Best fitness = -1000.000000
Generation 400: Best fitness = -1000.000000
Generation 450: Best fitness = -1000.000000
Attempt 178: Current best = 1.762964
Generation 0: Best fitness = -1000.000000
Generation 50: Best fitness = -1000.000000
Generation 100: Best fitness = -1000.000000
Generation 150: Best fitness = -1000.000000
Generation 200: Best fitness = -1000.000000
Generation 250: Best fitness = -1000.000000
Generation 300: Best fitness = -1000.000000
Generation 350: Best fitness = -1000.000000
Generation 400: Best fitness = -1000.000000
Generation 450: Best fitness = -1000.000000
Attempt 179: Current best = 1.762964
Generation 0: Best fitness = -1000.000000
Generation 50: Best fitness = 0.976169
Generation 100: Best fitness = 1.333583
Generation 150: Best fitness = 1.418550
Generation 200: Best fitness = 1.446230
Generation 250: Best fitness = 1.467992
Generation 300: Best fitness = 1.515423
Generation 350: Best fitness = 1.523379
Generation 400: Best fitness = 1.528713
Generation 450: Best fitness = 1.535853
Attempt 180: Current best = 1.762964
Generation 0: Best fitness = -1000.000000
Generation 50: Best fitness = -1000.000000
Generation 100: Best fitness = -1000.000000
Generation 150: Best fitness = -1000.000000
Generation 200: Best fitness = -1000.000000
Generation 250: Best fitness = -1000.000000
Generation 300: Best fitness = -1000.000000
Generation 350: Best fitness = -1000.000000
Generation 400: Best fitness = -1000.000000
Generation 450: Best fitness = -1000.000000
Attempt 181: Current best = 1.762964
Generation 0: Best fitness = -1000.000000
Generation 50: Best fitness = -1000.000000
Generation 100: Best fitness = -1000.000000
Generation 150: Best fitness = -1000.000000
Generation 200: Best fitness = -1000.000000
Generation 250: Best fitness = -1000.000000
Generation 300: Best fitness = -1000.000000
Generation 350: Best fitness = -1000.000000
Generation 400: Best fitness = -1000.000000
Generation 450: Best fitness = -1000.000000
Attempt 182: Current best = 1.762964
Generation 0: Best fitness = -1000.000000
Generation 50: Best fitness = -1000.000000
Generation 100: Best fitness = -1000.000000
Generation 150: Best fitness = -1000.000000
Generation 200: Best fitness = -1000.000000
Generation 250: Best fitness = -1000.000000
Generation 300: Best fitness = -1000.000000
Generation 350: Best fitness = -1000.000000
Generation 400: Best fitness = -1000.000000
Generation 450: Best fitness = -1000.000000
Attempt 183: Current best = 1.762964
Generation 0: Best fitness = -1000.000000
Generation 50: Best fitness = -1000.000000
Generation 100: Best fitness = -1000.000000
Generation 150: Best fitness = -1000.000000
Generation 200: Best fitness = -1000.000000
Generation 250: Best fitness = -1000.000000
Generation 300: Best fitness = -1000.000000
Generation 350: Best fitness = -1000.000000
Generation 400: Best fitness = -1000.000000
Generation 450: Best fitness = -1000.000000
Attempt 184: Current best = 1.762964
Generation 0: Best fitness = -1000.000000
Generation 50: Best fitness = -1000.000000
Generation 100: Best fitness = -1000.000000
Generation 150: Best fitness = -1000.000000
Generation 200: Best fitness = -1000.000000
Generation 250: Best fitness = -1000.000000
Generation 300: Best fitness = -1000.000000
Generation 350: Best fitness = -1000.000000
Generation 400: Best fitness = -1000.000000
Generation 450: Best fitness = -1000.000000
Attempt 185: Current best = 1.762964
Generation 0: Best fitness = -1000.000000
Generation 50: Best fitness = -1000.000000
Generation 100: Best fitness = -1000.000000
Generation 150: Best fitness = -1000.000000
Generation 200: Best fitness = -1000.000000
Generation 250: Best fitness = -1000.000000
Generation 300: Best fitness = -1000.000000
Generation 350: Best fitness = -1000.000000
Generation 400: Best fitness = -1000.000000
Generation 450: Best fitness = -1000.000000
Attempt 186: Current best = 1.762964
Generation 0: Best fitness = -1000.000000
Generation 50: Best fitness = -1000.000000
Generation 100: Best fitness = -1000.000000
Generation 150: Best fitness = -1000.000000
Generation 200: Best fitness = -1000.000000
Generation 250: Best fitness = -1000.000000
Generation 300: Best fitness = -1000.000000
Generation 350: Best fitness = -1000.000000
Generation 400: Best fitness = -1000.000000
Generation 450: Best fitness = -1000.000000
Attempt 187: Current best = 1.762964
Generation 0: Best fitness = -1000.000000
Generation 50: Best fitness = -1000.000000
Generation 100: Best fitness = -1000.000000
Generation 150: Best fitness = -1000.000000
Generation 200: Best fitness = -1000.000000
Generation 250: Best fitness = -1000.000000
Generation 300: Best fitness = -1000.000000
Generation 350: Best fitness = -1000.000000
Generation 400: Best fitness = -1000.000000
Generation 450: Best fitness = -1000.000000
Attempt 188: Current best = 1.762964
Generation 0: Best fitness = -1000.000000
Generation 50: Best fitness = -1000.000000
Generation 100: Best fitness = -1000.000000
Generation 150: Best fitness = -1000.000000
Generation 200: Best fitness = -1000.000000
Generation 250: Best fitness = -1000.000000
Generation 300: Best fitness = -1000.000000
Generation 350: Best fitness = -1000.000000
Generation 400: Best fitness = -1000.000000
Generation 450: Best fitness = -1000.000000
Attempt 189: Current best = 1.762964
Generation 0: Best fitness = -1000.000000
Generation 50: Best fitness = -1000.000000
Generation 100: Best fitness = -1000.000000
Generation 150: Best fitness = -1000.000000
Generation 200: Best fitness = -1000.000000
Generation 250: Best fitness = -1000.000000
Generation 300: Best fitness = -1000.000000
Generation 350: Best fitness = -1000.000000
Generation 400: Best fitness = -1000.000000
Generation 450: Best fitness = -1000.000000
Attempt 190: Current best = 1.762964
Generation 0: Best fitness = -1000.000000
Generation 50: Best fitness = -1000.000000
Generation 100: Best fitness = -1000.000000
Generation 150: Best fitness = -1000.000000
Generation 200: Best fitness = -1000.000000
Generation 250: Best fitness = -1000.000000
Generation 300: Best fitness = -1000.000000
Generation 350: Best fitness = -1000.000000
Generation 400: Best fitness = -1000.000000
Generation 450: Best fitness = -1000.000000
Attempt 191: Current best = 1.762964
Generation 0: Best fitness = -1000.000000
Generation 50: Best fitness = -1000.000000
Generation 100: Best fitness = -1000.000000
Generation 150: Best fitness = -1000.000000
Generation 200: Best fitness = -1000.000000
Generation 250: Best fitness = -1000.000000
Generation 300: Best fitness = -1000.000000
Generation 350: Best fitness = -1000.000000
Generation 400: Best fitness = -1000.000000
Generation 450: Best fitness = -1000.000000
Attempt 192: Current best = 1.762964
Generation 0: Best fitness = -1000.000000
Generation 50: Best fitness = -1000.000000
Generation 100: Best fitness = -1000.000000
Generation 150: Best fitness = -1000.000000
Generation 200: Best fitness = -1000.000000
Generation 250: Best fitness = -1000.000000
Generation 300: Best fitness = -1000.000000
Generation 350: Best fitness = -1000.000000
Generation 400: Best fitness = -1000.000000
Generation 450: Best fitness = -1000.000000
Attempt 193: Current best = 1.762964
Generation 0: Best fitness = -1000.000000
Generation 50: Best fitness = -1000.000000
Generation 100: Best fitness = -1000.000000
Generation 150: Best fitness = -1000.000000
Generation 200: Best fitness = -1000.000000
Generation 250: Best fitness = -1000.000000
Generation 300: Best fitness = -1000.000000
Generation 350: Best fitness = -1000.000000
Generation 400: Best fitness = -1000.000000
Generation 450: Best fitness = -1000.000000
Attempt 194: Current best = 1.762964
Generation 0: Best fitness = -1000.000000
Generation 50: Best fitness = -1000.000000
Generation 100: Best fitness = 1.424878
Generation 150: Best fitness = 1.578438
Generation 200: Best fitness = 1.644366
Generation 250: Best fitness = 1.655091
Generation 300: Best fitness = 1.659372
Generation 350: Best fitness = 1.660129
Generation 400: Best fitness = 1.661008
Generation 450: Best fitness = 1.661011
Attempt 195: Current best = 1.762964
Generation 0: Best fitness = -1000.000000
Generation 50: Best fitness = -1000.000000
Generation 100: Best fitness = -1000.000000
Generation 150: Best fitness = -1000.000000
Generation 200: Best fitness = -1000.000000
Generation 250: Best fitness = -1000.000000
Generation 300: Best fitness = -1000.000000
Generation 350: Best fitness = -1000.000000
Generation 400: Best fitness = -1000.000000
Generation 450: Best fitness = -1000.000000
Attempt 196: Current best = 1.762964
Generation 0: Best fitness = -1000.000000
Generation 50: Best fitness = -1000.000000
Generation 100: Best fitness = -1000.000000
Generation 150: Best fitness = -1000.000000
Generation 200: Best fitness = -1000.000000
Generation 250: Best fitness = -1000.000000
Generation 300: Best fitness = -1000.000000
Generation 350: Best fitness = -1000.000000
Generation 400: Best fitness = -1000.000000
Generation 450: Best fitness = -1000.000000
Attempt 197: Current best = 1.762964
Generation 0: Best fitness = -1000.000000
Generation 50: Best fitness = -1000.000000
Generation 100: Best fitness = -1000.000000
Generation 150: Best fitness = -1000.000000
Generation 200: Best fitness = -1000.000000
Generation 250: Best fitness = -1000.000000
Generation 300: Best fitness = -1000.000000
Generation 350: Best fitness = -1000.000000
Generation 400: Best fitness = -1000.000000
Generation 450: Best fitness = -1000.000000
Attempt 198: Current best = 1.762964
Generation 0: Best fitness = -1000.000000
Generation 50: Best fitness = -1000.000000
Generation 100: Best fitness = -1000.000000
Generation 150: Best fitness = -1000.000000
Generation 200: Best fitness = -1000.000000
Generation 250: Best fitness = -1000.000000
Generation 300: Best fitness = -1000.000000
Generation 350: Best fitness = -1000.000000
Generation 400: Best fitness = -1000.000000
Generation 450: Best fitness = -1000.000000
Attempt 199: Current best = 1.762964
Generation 0: Best fitness = -1000.000000
Generation 50: Best fitness = -1000.000000
Generation 100: Best fitness = -1000.000000
Generation 150: Best fitness = -1000.000000
Generation 200: Best fitness = -1000.000000
Generation 250: Best fitness = -1000.000000
Generation 300: Best fitness = -1000.000000
Generation 350: Best fitness = -1000.000000
Generation 400: Best fitness = -1000.000000
Generation 450: Best fitness = -1000.000000
Attempt 200: Current best = 1.762964
Generation 0: Best fitness = -1000.000000
Generation 50: Best fitness = -1000.000000
Generation 100: Best fitness = -1000.000000
Generation 150: Best fitness = -1000.000000
Generation 200: Best fitness = -1000.000000
Generation 250: Best fitness = -1000.000000
Generation 300: Best fitness = -1000.000000
Generation 350: Best fitness = -1000.000000
Generation 400: Best fitness = -1000.000000
Generation 450: Best fitness = -1000.000000
Attempt 201: Current best = 1.762964
Generation 0: Best fitness = -1000.000000
Generation 50: Best fitness = -1000.000000
Generation 100: Best fitness = -1000.000000
Generation 150: Best fitness = -1000.000000
Generation 200: Best fitness = -1000.000000
Generation 250: Best fitness = -1000.000000
Generation 300: Best fitness = -1000.000000
Generation 350: Best fitness = -1000.000000
Generation 400: Best fitness = -1000.000000
Generation 450: Best fitness = -1000.000000
Attempt 202: Current best = 1.762964
Generation 0: Best fitness = -1000.000000
Generation 50: Best fitness = -1000.000000
Generation 100: Best fitness = -1000.000000
Generation 150: Best fitness = -1000.000000
Generation 200: Best fitness = -1000.000000
Generation 250: Best fitness = -1000.000000
Generation 300: Best fitness = -1000.000000
Generation 350: Best fitness = -1000.000000
Generation 400: Best fitness = -1000.000000
Generation 450: Best fitness = -1000.000000
Attempt 203: Current best = 1.762964
Generation 0: Best fitness = -1000.000000
Generation 50: Best fitness = -1000.000000
Generation 100: Best fitness = -1000.000000
Generation 150: Best fitness = -1000.000000
Generation 200: Best fitness = -1000.000000
Generation 250: Best fitness = -1000.000000
Generation 300: Best fitness = -1000.000000
Generation 350: Best fitness = -1000.000000
Generation 400: Best fitness = -1000.000000
Generation 450: Best fitness = -1000.000000
Attempt 204: Current best = 1.762964
Generation 0: Best fitness = -1000.000000
Generation 50: Best fitness = -1000.000000
Generation 100: Best fitness = -1000.000000
Generation 150: Best fitness = -1000.000000
Generation 200: Best fitness = -1000.000000
Generation 250: Best fitness = -1000.000000
Generation 300: Best fitness = -1000.000000
Generation 350: Best fitness = -1000.000000
Generation 400: Best fitness = -1000.000000
Generation 450: Best fitness = -1000.000000
Attempt 205: Current best = 1.762964
Generation 0: Best fitness = -1000.000000
Generation 50: Best fitness = -1000.000000
Generation 100: Best fitness = -1000.000000
Generation 150: Best fitness = -1000.000000
Generation 200: Best fitness = -1000.000000
Generation 250: Best fitness = -1000.000000
Generation 300: Best fitness = -1000.000000
Generation 350: Best fitness = -1000.000000
Generation 400: Best fitness = -1000.000000
Generation 450: Best fitness = -1000.000000
Attempt 206: Current best = 1.762964
Generation 0: Best fitness = -1000.000000
Generation 50: Best fitness = -1000.000000
Generation 100: Best fitness = -1000.000000
Generation 150: Best fitness = -1000.000000
Generation 200: Best fitness = -1000.000000
Generation 250: Best fitness = -1000.000000
Generation 300: Best fitness = -1000.000000
Generation 350: Best fitness = -1000.000000
Generation 400: Best fitness = -1000.000000
Generation 450: Best fitness = -1000.000000
Attempt 207: Current best = 1.762964
Generation 0: Best fitness = -1000.000000
Generation 50: Best fitness = -1000.000000
Generation 100: Best fitness = -1000.000000
Generation 150: Best fitness = -1000.000000
Generation 200: Best fitness = -1000.000000
Generation 250: Best fitness = -1000.000000
Generation 300: Best fitness = -1000.000000
Generation 350: Best fitness = -1000.000000
Generation 400: Best fitness = -1000.000000
Generation 450: Best fitness = -1000.000000
Attempt 208: Current best = 1.762964
Generation 0: Best fitness = -1000.000000
Generation 50: Best fitness = -1000.000000
Generation 100: Best fitness = -1000.000000
Generation 150: Best fitness = -1000.000000
Generation 200: Best fitness = -1000.000000
Generation 250: Best fitness = -1000.000000
Generation 300: Best fitness = -1000.000000
Generation 350: Best fitness = -1000.000000
Generation 400: Best fitness = -1000.000000
Generation 450: Best fitness = -1000.000000
Attempt 209: Current best = 1.762964
Generation 0: Best fitness = -1000.000000
Generation 50: Best fitness = -1000.000000
Generation 100: Best fitness = -1000.000000
Generation 150: Best fitness = -1000.000000
Generation 200: Best fitness = -1000.000000
Generation 250: Best fitness = -1000.000000
Generation 300: Best fitness = -1000.000000
Generation 350: Best fitness = -1000.000000
Generation 400: Best fitness = -1000.000000
Generation 450: Best fitness = -1000.000000
Attempt 210: Current best = 1.762964
Generation 0: Best fitness = -1000.000000
Generation 50: Best fitness = -1000.000000
Generation 100: Best fitness = -1000.000000
Generation 150: Best fitness = -1000.000000
Generation 200: Best fitness = -1000.000000
Generation 250: Best fitness = -1000.000000
Generation 300: Best fitness = -1000.000000
Generation 350: Best fitness = -1000.000000
Generation 400: Best fitness = -1000.000000
Generation 450: Best fitness = -1000.000000
Attempt 211: Current best = 1.762964
Generation 0: Best fitness = -1000.000000
Generation 50: Best fitness = -1000.000000
Generation 100: Best fitness = -1000.000000
Generation 150: Best fitness = -1000.000000
Generation 200: Best fitness = -1000.000000
Generation 250: Best fitness = -1000.000000
Generation 300: Best fitness = -1000.000000
Generation 350: Best fitness = -1000.000000
Generation 400: Best fitness = -1000.000000
Generation 450: Best fitness = -1000.000000
Attempt 212: Current best = 1.762964
Generation 0: Best fitness = -1000.000000
Generation 50: Best fitness = -1000.000000
Generation 100: Best fitness = -1000.000000
Generation 150: Best fitness = -1000.000000
Generation 200: Best fitness = -1000.000000
Generation 250: Best fitness = -1000.000000
Generation 300: Best fitness = -1000.000000
Generation 350: Best fitness = -1000.000000
Generation 400: Best fitness = -1000.000000
Generation 450: Best fitness = -1000.000000
Attempt 213: Current best = 1.762964
Generation 0: Best fitness = -1000.000000
Generation 50: Best fitness = -1000.000000
Generation 100: Best fitness = -1000.000000
Generation 150: Best fitness = -1000.000000
Generation 200: Best fitness = -1000.000000
Generation 250: Best fitness = -1000.000000
Generation 300: Best fitness = -1000.000000
Generation 350: Best fitness = -1000.000000
Generation 400: Best fitness = -1000.000000
Generation 450: Best fitness = -1000.000000
Attempt 214: Current best = 1.762964
Generation 0: Best fitness = -1000.000000
Generation 50: Best fitness = -1000.000000
Generation 100: Best fitness = -1000.000000
Generation 150: Best fitness = -1000.000000
Generation 200: Best fitness = -1000.000000
Generation 250: Best fitness = -1000.000000
Generation 300: Best fitness = -1000.000000
Generation 350: Best fitness = -1000.000000
Generation 400: Best fitness = -1000.000000
Generation 450: Best fitness = -1000.000000
Attempt 215: Current best = 1.762964
Generation 0: Best fitness = -1000.000000
Generation 50: Best fitness = -1000.000000
Generation 100: Best fitness = -1000.000000
Generation 150: Best fitness = -1000.000000
Generation 200: Best fitness = -1000.000000
Generation 250: Best fitness = -1000.000000
Generation 300: Best fitness = -1000.000000
Generation 350: Best fitness = -1000.000000
Generation 400: Best fitness = -1000.000000
Generation 450: Best fitness = -1000.000000
Attempt 216: Current best = 1.762964
Generation 0: Best fitness = -1000.000000
Generation 50: Best fitness = -1000.000000
Generation 100: Best fitness = -1000.000000
Generation 150: Best fitness = -1000.000000
Generation 200: Best fitness = -1000.000000
Generation 250: Best fitness = -1000.000000
Generation 300: Best fitness = -1000.000000
Generation 350: Best fitness = -1000.000000
Generation 400: Best fitness = -1000.000000
Generation 450: Best fitness = -1000.000000
Attempt 217: Current best = 1.762964
Generation 0: Best fitness = -1000.000000
Generation 50: Best fitness = -1000.000000
Generation 100: Best fitness = -1000.000000
Generation 150: Best fitness = -1000.000000
Generation 200: Best fitness = -1000.000000
Generation 250: Best fitness = -1000.000000
Generation 300: Best fitness = -1000.000000
Generation 350: Best fitness = -1000.000000
Generation 400: Best fitness = -1000.000000
Generation 450: Best fitness = -1000.000000
Attempt 218: Current best = 1.762964
Generation 0: Best fitness = -1000.000000
Generation 50: Best fitness = -1000.000000
Generation 100: Best fitness = -1000.000000
Generation 150: Best fitness = -1000.000000
Generation 200: Best fitness = -1000.000000
Generation 250: Best fitness = -1000.000000
Generation 300: Best fitness = -1000.000000
Generation 350: Best fitness = -1000.000000
Generation 400: Best fitness = -1000.000000
Generation 450: Best fitness = -1000.000000
Attempt 219: Current best = 1.762964
Generation 0: Best fitness = -1000.000000
Generation 50: Best fitness = -1000.000000
Generation 100: Best fitness = -1000.000000
Generation 150: Best fitness = -1000.000000
Generation 200: Best fitness = -1000.000000
Generation 250: Best fitness = -1000.000000
Generation 300: Best fitness = -1000.000000
Generation 350: Best fitness = -1000.000000
Generation 400: Best fitness = -1000.000000
Generation 450: Best fitness = -1000.000000
Attempt 220: Current best = 1.762964
Generation 0: Best fitness = -1000.000000
Generation 50: Best fitness = -1000.000000
Generation 100: Best fitness = -1000.000000
Generation 150: Best fitness = -1000.000000
Generation 200: Best fitness = -1000.000000
Generation 250: Best fitness = -1000.000000
Generation 300: Best fitness = -1000.000000
Generation 350: Best fitness = -1000.000000
Generation 400: Best fitness = -1000.000000
Generation 450: Best fitness = -1000.000000
Attempt 221: Current best = 1.762964
Generation 0: Best fitness = -1000.000000
Generation 50: Best fitness = -1000.000000
Generation 100: Best fitness = -1000.000000
Generation 150: Best fitness = -1000.000000
Generation 200: Best fitness = -1000.000000
Generation 250: Best fitness = -1000.000000
Generation 300: Best fitness = -1000.000000
Generation 350: Best fitness = -1000.000000
Generation 400: Best fitness = -1000.000000
Generation 450: Best fitness = -1000.000000
Attempt 222: Current best = 1.762964
Generation 0: Best fitness = -1000.000000
Generation 50: Best fitness = -1000.000000
Generation 100: Best fitness = -1000.000000
Generation 150: Best fitness = -1000.000000
Generation 200: Best fitness = -1000.000000
Generation 250: Best fitness = -1000.000000
Generation 300: Best fitness = -1000.000000
Generation 350: Best fitness = -1000.000000
Generation 400: Best fitness = -1000.000000
Generation 450: Best fitness = -1000.000000
Attempt 223: Current best = 1.762964
Generation 0: Best fitness = -1000.000000
Generation 50: Best fitness = -1000.000000
Generation 100: Best fitness = -1000.000000
Generation 150: Best fitness = -1000.000000
Generation 200: Best fitness = -1000.000000
Generation 250: Best fitness = -1000.000000
Generation 300: Best fitness = -1000.000000
Generation 350: Best fitness = -1000.000000
Generation 400: Best fitness = -1000.000000
Generation 450: Best fitness = -1000.000000
Attempt 224: Current best = 1.762964
Generation 0: Best fitness = -1000.000000
Generation 50: Best fitness = -1000.000000
Generation 100: Best fitness = -1000.000000
Generation 150: Best fitness = -1000.000000
Generation 200: Best fitness = -1000.000000
Generation 250: Best fitness = -1000.000000
Generation 300: Best fitness = -1000.000000
Generation 350: Best fitness = -1000.000000
Generation 400: Best fitness = -1000.000000
Generation 450: Best fitness = -1000.000000
Attempt 225: Current best = 1.762964
Generation 0: Best fitness = -1000.000000
Generation 50: Best fitness = -1000.000000
Generation 100: Best fitness = -1000.000000
Generation 150: Best fitness = -1000.000000
Generation 200: Best fitness = -1000.000000
Generation 250: Best fitness = -1000.000000
Generation 300: Best fitness = -1000.000000
Generation 350: Best fitness = -1000.000000
Generation 400: Best fitness = -1000.000000
Generation 450: Best fitness = -1000.000000
Attempt 226: Current best = 1.762964
Generation 0: Best fitness = -1000.000000
Generation 50: Best fitness = -1000.000000
Generation 100: Best fitness = -1000.000000
Generation 150: Best fitness = -1000.000000
Generation 200: Best fitness = -1000.000000
Generation 250: Best fitness = -1000.000000
Generation 300: Best fitness = -1000.000000
Generation 350: Best fitness = -1000.000000
Generation 400: Best fitness = -1000.000000
Generation 450: Best fitness = -1000.000000
Attempt 227: Current best = 1.762964
Generation 0: Best fitness = -1000.000000
Generation 50: Best fitness = -1000.000000
Generation 100: Best fitness = -1000.000000
Generation 150: Best fitness = -1000.000000
Generation 200: Best fitness = -1000.000000
Generation 250: Best fitness = -1000.000000
Generation 300: Best fitness = -1000.000000
Generation 350: Best fitness = -1000.000000
Generation 400: Best fitness = -1000.000000
Generation 450: Best fitness = -1000.000000
Attempt 228: Current best = 1.762964
Generation 0: Best fitness = -1000.000000
Generation 50: Best fitness = -1000.000000
Generation 100: Best fitness = -1000.000000
Generation 150: Best fitness = -1000.000000
Generation 200: Best fitness = -1000.000000
Generation 250: Best fitness = -1000.000000
Generation 300: Best fitness = -1000.000000
Generation 350: Best fitness = -1000.000000
Generation 400: Best fitness = -1000.000000
Generation 450: Best fitness = -1000.000000
Attempt 229: Current best = 1.762964
Generation 0: Best fitness = -1000.000000
Generation 50: Best fitness = -1000.000000
Generation 100: Best fitness = -1000.000000
Generation 150: Best fitness = -1000.000000
Generation 200: Best fitness = -1000.000000
Generation 250: Best fitness = -1000.000000
Generation 300: Best fitness = -1000.000000
Generation 350: Best fitness = -1000.000000
Generation 400: Best fitness = -1000.000000
Generation 450: Best fitness = -1000.000000
Attempt 230: Current best = 1.762964
Generation 0: Best fitness = -1000.000000
Generation 50: Best fitness = -1000.000000
Generation 100: Best fitness = -1000.000000
Generation 150: Best fitness = -1000.000000
Generation 200: Best fitness = -1000.000000
Generation 250: Best fitness = -1000.000000
Generation 300: Best fitness = -1000.000000
Generation 350: Best fitness = -1000.000000
Generation 400: Best fitness = -1000.000000
Generation 450: Best fitness = -1000.000000
Attempt 231: Current best = 1.762964
Generation 0: Best fitness = -1000.000000
Generation 50: Best fitness = -1000.000000
Generation 100: Best fitness = -1000.000000
Generation 150: Best fitness = -1000.000000
Generation 200: Best fitness = -1000.000000
Generation 250: Best fitness = -1000.000000
Generation 300: Best fitness = -1000.000000
Generation 350: Best fitness = -1000.000000
Generation 400: Best fitness = -1000.000000
Generation 450: Best fitness = -1000.000000
Attempt 232: Current best = 1.762964
Generation 0: Best fitness = -1000.000000
Generation 50: Best fitness = -1000.000000
Generation 100: Best fitness = -1000.000000
Generation 150: Best fitness = -1000.000000
Generation 200: Best fitness = -1000.000000
Generation 250: Best fitness = -1000.000000
Generation 300: Best fitness = -1000.000000
Generation 350: Best fitness = -1000.000000
Generation 400: Best fitness = -1000.000000
Generation 450: Best fitness = -1000.000000
Attempt 233: Current best = 1.762964
Generation 0: Best fitness = -1000.000000
Generation 50: Best fitness = -1000.000000
Generation 100: Best fitness = -1000.000000
Generation 150: Best fitness = -1000.000000
Generation 200: Best fitness = -1000.000000
Generation 250: Best fitness = -1000.000000
Generation 300: Best fitness = -1000.000000
Generation 350: Best fitness = -1000.000000
Generation 400: Best fitness = -1000.000000
Generation 450: Best fitness = -1000.000000
Attempt 234: Current best = 1.762964
Generation 0: Best fitness = -1000.000000
Generation 50: Best fitness = -1000.000000
Generation 100: Best fitness = -1000.000000
Generation 150: Best fitness = -1000.000000
Generation 200: Best fitness = -1000.000000
Generation 250: Best fitness = -1000.000000
Generation 300: Best fitness = -1000.000000
Generation 350: Best fitness = -1000.000000
Generation 400: Best fitness = -1000.000000
Generation 450: Best fitness = -1000.000000
Attempt 235: Current best = 1.762964
Generation 0: Best fitness = -1000.000000
Generation 50: Best fitness = -1000.000000
Generation 100: Best fitness = -1000.000000
Generation 150: Best fitness = -1000.000000
Generation 200: Best fitness = -1000.000000
Generation 250: Best fitness = -1000.000000
Generation 300: Best fitness = -1000.000000
Generation 350: Best fitness = -1000.000000
Generation 400: Best fitness = -1000.000000
Generation 450: Best fitness = -1000.000000
Attempt 236: Current best = 1.762964
Generation 0: Best fitness = -1000.000000
Generation 50: Best fitness = -1000.000000
Generation 100: Best fitness = -1000.000000
Generation 150: Best fitness = -1000.000000
Generation 200: Best fitness = -1000.000000
Generation 250: Best fitness = -1000.000000
Generation 300: Best fitness = -1000.000000
Generation 350: Best fitness = -1000.000000
Generation 400: Best fitness = -1000.000000
Generation 450: Best fitness = -1000.000000
Attempt 237: Current best = 1.762964
Generation 0: Best fitness = -1000.000000
Generation 50: Best fitness = -1000.000000
Generation 100: Best fitness = -1000.000000
Generation 150: Best fitness = -1000.000000
Generation 200: Best fitness = -1000.000000
Generation 250: Best fitness = -1000.000000
Generation 300: Best fitness = -1000.000000
Generation 350: Best fitness = -1000.000000
Generation 400: Best fitness = -1000.000000
Generation 450: Best fitness = -1000.000000
Attempt 238: Current best = 1.762964
Generation 0: Best fitness = -1000.000000
Generation 50: Best fitness = -1000.000000
Generation 100: Best fitness = -1000.000000
Generation 150: Best fitness = -1000.000000
Generation 200: Best fitness = -1000.000000
Generation 250: Best fitness = -1000.000000
Generation 300: Best fitness = -1000.000000
Generation 350: Best fitness = -1000.000000
Generation 400: Best fitness = -1000.000000
Generation 450: Best fitness = -1000.000000
Attempt 239: Current best = 1.762964
Generation 0: Best fitness = -1000.000000
Generation 50: Best fitness = -1000.000000
Generation 100: Best fitness = -1000.000000
Generation 150: Best fitness = -1000.000000
Generation 200: Best fitness = -1000.000000
Generation 250: Best fitness = -1000.000000
Generation 300: Best fitness = -1000.000000
Generation 350: Best fitness = -1000.000000
Generation 400: Best fitness = -1000.000000
Generation 450: Best fitness = -1000.000000
Attempt 240: Current best = 1.762964
Generation 0: Best fitness = -1000.000000
Generation 50: Best fitness = -1000.000000
Generation 100: Best fitness = -1000.000000
Generation 150: Best fitness = -1000.000000
Generation 200: Best fitness = -1000.000000
Generation 250: Best fitness = -1000.000000
Generation 300: Best fitness = -1000.000000
Generation 350: Best fitness = -1000.000000
Generation 400: Best fitness = -1000.000000
Generation 450: Best fitness = -1000.000000
Attempt 241: Current best = 1.762964
Generation 0: Best fitness = -1000.000000
Generation 50: Best fitness = -1000.000000
Generation 100: Best fitness = -1000.000000
Generation 150: Best fitness = -1000.000000
Generation 200: Best fitness = -1000.000000
Generation 250: Best fitness = -1000.000000
Generation 300: Best fitness = -1000.000000
Generation 350: Best fitness = -1000.000000
Generation 400: Best fitness = -1000.000000
Generation 450: Best fitness = -1000.000000
Attempt 242: Current best = 1.762964
Generation 0: Best fitness = -1000.000000
Generation 50: Best fitness = -1000.000000
Generation 100: Best fitness = -1000.000000
Generation 150: Best fitness = -1000.000000
Generation 200: Best fitness = -1000.000000
Generation 250: Best fitness = -1000.000000
Generation 300: Best fitness = -1000.000000
Generation 350: Best fitness = -1000.000000
Generation 400: Best fitness = -1000.000000
Generation 450: Best fitness = -1000.000000
Attempt 243: Current best = 1.762964
Generation 0: Best fitness = -1000.000000
Generation 50: Best fitness = -1000.000000
Generation 100: Best fitness = -1000.000000
Generation 150: Best fitness = -1000.000000
Generation 200: Best fitness = -1000.000000
Generation 250: Best fitness = -1000.000000
Generation 300: Best fitness = -1000.000000
Generation 350: Best fitness = -1000.000000
Generation 400: Best fitness = -1000.000000
Generation 450: Best fitness = -1000.000000
Attempt 244: Current best = 1.762964
Generation 0: Best fitness = -1000.000000
Generation 50: Best fitness = -1000.000000
Generation 100: Best fitness = -1000.000000
Generation 150: Best fitness = -1000.000000
Generation 200: Best fitness = -1000.000000
Generation 250: Best fitness = -1000.000000
Generation 300: Best fitness = -1000.000000
Generation 350: Best fitness = -1000.000000
Generation 400: Best fitness = -1000.000000
Generation 450: Best fitness = -1000.000000
Attempt 245: Current best = 1.762964
Generation 0: Best fitness = -1000.000000
Generation 50: Best fitness = 1.325638
Generation 100: Best fitness = 1.518610
Generation 150: Best fitness = 1.541942
Generation 200: Best fitness = 1.553124
Generation 250: Best fitness = 1.568057
Generation 300: Best fitness = 1.601212
Generation 350: Best fitness = 1.615007
Generation 400: Best fitness = 1.634563
Generation 450: Best fitness = 1.638306
Attempt 246: Current best = 1.762964
Generation 0: Best fitness = -1000.000000
Generation 50: Best fitness = -1000.000000
Generation 100: Best fitness = -1000.000000
Generation 150: Best fitness = -1000.000000
Generation 200: Best fitness = -1000.000000
Generation 250: Best fitness = -1000.000000
Generation 300: Best fitness = -1000.000000
Generation 350: Best fitness = -1000.000000
Generation 400: Best fitness = -1000.000000
Generation 450: Best fitness = -1000.000000
Attempt 247: Current best = 1.762964
Generation 0: Best fitness = -1000.000000
Generation 50: Best fitness = -1000.000000
Generation 100: Best fitness = -1000.000000
Generation 150: Best fitness = -1000.000000
Generation 200: Best fitness = -1000.000000
Generation 250: Best fitness = -1000.000000
Generation 300: Best fitness = -1000.000000
Generation 350: Best fitness = -1000.000000
Generation 400: Best fitness = -1000.000000
Generation 450: Best fitness = -1000.000000
Attempt 248: Current best = 1.762964
Generation 0: Best fitness = -1000.000000
Generation 50: Best fitness = -1000.000000
Generation 100: Best fitness = -1000.000000
Generation 150: Best fitness = -1000.000000
Generation 200: Best fitness = -1000.000000
Generation 250: Best fitness = -1000.000000
Generation 300: Best fitness = -1000.000000
Generation 350: Best fitness = -1000.000000
Generation 400: Best fitness = -1000.000000
Generation 450: Best fitness = -1000.000000
Attempt 249: Current best = 1.762964
Generation 0: Best fitness = -1000.000000
Generation 50: Best fitness = -1000.000000
Generation 100: Best fitness = -1000.000000
Generation 150: Best fitness = -1000.000000
Generation 200: Best fitness = -1000.000000
Generation 250: Best fitness = -1000.000000
Generation 300: Best fitness = -1000.000000
Generation 350: Best fitness = -1000.000000
Generation 400: Best fitness = -1000.000000
Generation 450: Best fitness = -1000.000000
Attempt 250: Current best = 1.762964
Generation 0: Best fitness = -1000.000000
Generation 50: Best fitness = -1000.000000
Generation 100: Best fitness = -1000.000000
Generation 150: Best fitness = -1000.000000
Generation 200: Best fitness = -1000.000000
Generation 250: Best fitness = -1000.000000
Generation 300: Best fitness = -1000.000000
Generation 350: Best fitness = -1000.000000
Generation 400: Best fitness = -1000.000000
Generation 450: Best fitness = -1000.000000
Attempt 251: Current best = 1.762964
Generation 0: Best fitness = -1000.000000
Generation 50: Best fitness = -1000.000000
Generation 100: Best fitness = -1000.000000
Generation 150: Best fitness = -1000.000000
Generation 200: Best fitness = -1000.000000
Generation 250: Best fitness = -1000.000000
Generation 300: Best fitness = -1000.000000
Generation 350: Best fitness = -1000.000000
Generation 400: Best fitness = -1000.000000
Generation 450: Best fitness = -1000.000000
Attempt 252: Current best = 1.762964
Generation 0: Best fitness = -1000.000000
Generation 50: Best fitness = -1000.000000
Generation 100: Best fitness = -1000.000000
Generation 150: Best fitness = -1000.000000
Generation 200: Best fitness = -1000.000000
Generation 250: Best fitness = -1000.000000
Generation 300: Best fitness = -1000.000000
Generation 350: Best fitness = -1000.000000
Generation 400: Best fitness = -1000.000000
Generation 450: Best fitness = -1000.000000
Attempt 253: Current best = 1.762964
Generation 0: Best fitness = -1000.000000
Generation 50: Best fitness = -1000.000000
Generation 100: Best fitness = -1000.000000
Generation 150: Best fitness = -1000.000000
Generation 200: Best fitness = -1000.000000
Generation 250: Best fitness = -1000.000000
Generation 300: Best fitness = -1000.000000
Generation 350: Best fitness = -1000.000000
Generation 400: Best fitness = -1000.000000
Generation 450: Best fitness = -1000.000000
Attempt 254: Current best = 1.762964
Generation 0: Best fitness = -1000.000000
Generation 50: Best fitness = -1000.000000
Generation 100: Best fitness = -1000.000000
Generation 150: Best fitness = -1000.000000
Generation 200: Best fitness = -1000.000000
Generation 250: Best fitness = -1000.000000
Generation 300: Best fitness = -1000.000000
Generation 350: Best fitness = -1000.000000
Generation 400: Best fitness = -1000.000000
Generation 450: Best fitness = -1000.000000
Attempt 255: Current best = 1.762964
Generation 0: Best fitness = -1000.000000
Generation 50: Best fitness = -1000.000000
Generation 100: Best fitness = -1000.000000
Generation 150: Best fitness = -1000.000000
Generation 200: Best fitness = -1000.000000
Generation 250: Best fitness = -1000.000000
Generation 300: Best fitness = -1000.000000
Generation 350: Best fitness = -1000.000000
Generation 400: Best fitness = -1000.000000
Generation 450: Best fitness = -1000.000000
Attempt 256: Current best = 1.762964
Generation 0: Best fitness = -1000.000000
Generation 50: Best fitness = -1000.000000
Generation 100: Best fitness = -1000.000000
Generation 150: Best fitness = -1000.000000
Generation 200: Best fitness = -1000.000000
Generation 250: Best fitness = -1000.000000
Generation 300: Best fitness = -1000.000000
Generation 350: Best fitness = -1000.000000
Generation 400: Best fitness = -1000.000000
Generation 450: Best fitness = -1000.000000
Attempt 257: Current best = 1.762964
Generation 0: Best fitness = -1000.000000
Generation 50: Best fitness = -1000.000000
Generation 100: Best fitness = -1000.000000
Generation 150: Best fitness = -1000.000000
Generation 200: Best fitness = -1000.000000
Generation 250: Best fitness = -1000.000000
Generation 300: Best fitness = -1000.000000
Generation 350: Best fitness = -1000.000000
Generation 400: Best fitness = -1000.000000
Generation 450: Best fitness = -1000.000000
Attempt 258: Current best = 1.762964
Generation 0: Best fitness = -1000.000000
Generation 50: Best fitness = -1000.000000
Generation 100: Best fitness = -1000.000000
Generation 150: Best fitness = -1000.000000
Generation 200: Best fitness = -1000.000000
Generation 250: Best fitness = -1000.000000
Generation 300: Best fitness = -1000.000000
Generation 350: Best fitness = -1000.000000
Generation 400: Best fitness = -1000.000000
Generation 450: Best fitness = -1000.000000
Attempt 259: Current best = 1.762964
Generation 0: Best fitness = -1000.000000
Generation 50: Best fitness = -1000.000000
Generation 100: Best fitness = -1000.000000
Generation 150: Best fitness = -1000.000000
Generation 200: Best fitness = -1000.000000
Generation 250: Best fitness = -1000.000000
Generation 300: Best fitness = -1000.000000
Generation 350: Best fitness = -1000.000000
Generation 400: Best fitness = -1000.000000
Generation 450: Best fitness = -1000.000000
Attempt 260: Current best = 1.762964
Generation 0: Best fitness = -1000.000000
Generation 50: Best fitness = -1000.000000
Generation 100: Best fitness = -1000.000000
Generation 150: Best fitness = -1000.000000
Generation 200: Best fitness = -1000.000000
Generation 250: Best fitness = -1000.000000
Generation 300: Best fitness = -1000.000000
Generation 350: Best fitness = -1000.000000
Generation 400: Best fitness = -1000.000000
Generation 450: Best fitness = -1000.000000
Attempt 261: Current best = 1.762964
Generation 0: Best fitness = -1000.000000
Generation 50: Best fitness = -1000.000000
Generation 100: Best fitness = -1000.000000
Generation 150: Best fitness = -1000.000000
Generation 200: Best fitness = -1000.000000
Generation 250: Best fitness = -1000.000000
Generation 300: Best fitness = -1000.000000
Generation 350: Best fitness = -1000.000000
Generation 400: Best fitness = -1000.000000
Generation 450: Best fitness = -1000.000000
Attempt 262: Current best = 1.762964
Generation 0: Best fitness = -1000.000000
Generation 50: Best fitness = -1000.000000
Generation 100: Best fitness = -1000.000000
Generation 150: Best fitness = -1000.000000
Generation 200: Best fitness = -1000.000000
Generation 250: Best fitness = -1000.000000
Generation 300: Best fitness = -1000.000000
Generation 350: Best fitness = -1000.000000
Generation 400: Best fitness = -1000.000000
Generation 450: Best fitness = -1000.000000
Attempt 263: Current best = 1.762964
Generation 0: Best fitness = -1000.000000
Generation 50: Best fitness = -1000.000000
Generation 100: Best fitness = -1000.000000
Generation 150: Best fitness = -1000.000000
Generation 200: Best fitness = -1000.000000
Generation 250: Best fitness = -1000.000000
Generation 300: Best fitness = -1000.000000
Generation 350: Best fitness = -1000.000000
Generation 400: Best fitness = -1000.000000
Generation 450: Best fitness = -1000.000000
Attempt 264: Current best = 1.762964
Generation 0: Best fitness = -1000.000000
Generation 50: Best fitness = -1000.000000
Generation 100: Best fitness = -1000.000000
Generation 150: Best fitness = -1000.000000
Generation 200: Best fitness = -1000.000000
Generation 250: Best fitness = -1000.000000
Generation 300: Best fitness = -1000.000000
Generation 350: Best fitness = -1000.000000
Generation 400: Best fitness = -1000.000000
Generation 450: Best fitness = -1000.000000
Attempt 265: Current best = 1.762964
Generation 0: Best fitness = -1000.000000
Generation 50: Best fitness = -1000.000000
Generation 100: Best fitness = -1000.000000
Generation 150: Best fitness = -1000.000000
Generation 200: Best fitness = -1000.000000
Generation 250: Best fitness = -1000.000000
Generation 300: Best fitness = -1000.000000
Generation 350: Best fitness = -1000.000000
Generation 400: Best fitness = -1000.000000
Generation 450: Best fitness = -1000.000000
Attempt 266: Current best = 1.762964
Generation 0: Best fitness = -1000.000000
Generation 50: Best fitness = -1000.000000
Generation 100: Best fitness = -1000.000000
Generation 150: Best fitness = -1000.000000
Generation 200: Best fitness = -1000.000000
Generation 250: Best fitness = -1000.000000
Generation 300: Best fitness = -1000.000000
Generation 350: Best fitness = -1000.000000
Generation 400: Best fitness = -1000.000000
Generation 450: Best fitness = -1000.000000
Attempt 267: Current best = 1.762964
Generation 0: Best fitness = -1000.000000
Generation 50: Best fitness = -1000.000000
Generation 100: Best fitness = -1000.000000
Generation 150: Best fitness = -1000.000000
Generation 200: Best fitness = -1000.000000
Generation 250: Best fitness = -1000.000000
Generation 300: Best fitness = -1000.000000
Generation 350: Best fitness = -1000.000000
Generation 400: Best fitness = -1000.000000
Generation 450: Best fitness = -1000.000000
Attempt 268: Current best = 1.762964
Generation 0: Best fitness = -1000.000000
Generation 50: Best fitness = -1000.000000
Generation 100: Best fitness = -1000.000000
Generation 150: Best fitness = -1000.000000
Generation 200: Best fitness = -1000.000000
Generation 250: Best fitness = -1000.000000
Generation 300: Best fitness = -1000.000000
Generation 350: Best fitness = -1000.000000
Generation 400: Best fitness = -1000.000000
Generation 450: Best fitness = -1000.000000
Attempt 269: Current best = 1.762964
Generation 0: Best fitness = -1000.000000
Generation 50: Best fitness = -1000.000000
Generation 100: Best fitness = -1000.000000
Generation 150: Best fitness = -1000.000000
Generation 200: Best fitness = -1000.000000
Generation 250: Best fitness = -1000.000000
Generation 300: Best fitness = -1000.000000
Generation 350: Best fitness = -1000.000000
Generation 400: Best fitness = -1000.000000
Generation 450: Best fitness = -1000.000000
Attempt 270: Current best = 1.762964
Generation 0: Best fitness = -1000.000000
Generation 50: Best fitness = -1000.000000
Generation 100: Best fitness = -1000.000000
Generation 150: Best fitness = -1000.000000
Generation 200: Best fitness = -1000.000000
Generation 250: Best fitness = -1000.000000
Generation 300: Best fitness = -1000.000000
Generation 350: Best fitness = -1000.000000
Generation 400: Best fitness = -1000.000000
Generation 450: Best fitness = -1000.000000
Attempt 271: Current best = 1.762964
Generation 0: Best fitness = -1000.000000
Generation 50: Best fitness = -1000.000000
Generation 100: Best fitness = -1000.000000
Generation 150: Best fitness = -1000.000000
Generation 200: Best fitness = -1000.000000
Generation 250: Best fitness = -1000.000000
Generation 300: Best fitness = -1000.000000
Generation 350: Best fitness = -1000.000000
Generation 400: Best fitness = -1000.000000
Generation 450: Best fitness = -1000.000000
Attempt 272: Current best = 1.762964
Generation 0: Best fitness = -1000.000000
Generation 50: Best fitness = -1000.000000
Generation 100: Best fitness = -1000.000000
Generation 150: Best fitness = -1000.000000
Generation 200: Best fitness = -1000.000000
Generation 250: Best fitness = -1000.000000
Generation 300: Best fitness = -1000.000000
Generation 350: Best fitness = -1000.000000
Generation 400: Best fitness = -1000.000000
Generation 450: Best fitness = -1000.000000
Attempt 273: Current best = 1.762964
Generation 0: Best fitness = -1000.000000
Generation 50: Best fitness = -1000.000000
Generation 100: Best fitness = -1000.000000
Generation 150: Best fitness = -1000.000000
Generation 200: Best fitness = -1000.000000
Generation 250: Best fitness = -1000.000000
Generation 300: Best fitness = -1000.000000
Generation 350: Best fitness = -1000.000000
Generation 400: Best fitness = -1000.000000
Generation 450: Best fitness = -1000.000000
Attempt 274: Current best = 1.762964
Generation 0: Best fitness = -1000.000000
Generation 50: Best fitness = -1000.000000
Generation 100: Best fitness = -1000.000000
Generation 150: Best fitness = -1000.000000
Generation 200: Best fitness = -1000.000000
Generation 250: Best fitness = -1000.000000
Generation 300: Best fitness = -1000.000000
Generation 350: Best fitness = -1000.000000
Generation 400: Best fitness = -1000.000000
Generation 450: Best fitness = -1000.000000
Attempt 275: Current best = 1.762964
Generation 0: Best fitness = -1000.000000
Generation 50: Best fitness = -1000.000000
Generation 100: Best fitness = -1000.000000
Generation 150: Best fitness = -1000.000000
Generation 200: Best fitness = -1000.000000
Generation 250: Best fitness = -1000.000000
Generation 300: Best fitness = -1000.000000
Generation 350: Best fitness = -1000.000000
Generation 400: Best fitness = -1000.000000
Generation 450: Best fitness = -1000.000000
Attempt 276: Current best = 1.762964
Generation 0: Best fitness = -1000.000000
Generation 50: Best fitness = -1000.000000
Generation 100: Best fitness = -1000.000000
Generation 150: Best fitness = -1000.000000
Generation 200: Best fitness = -1000.000000
Generation 250: Best fitness = -1000.000000
Generation 300: Best fitness = -1000.000000
Generation 350: Best fitness = -1000.000000
Generation 400: Best fitness = -1000.000000
Generation 450: Best fitness = -1000.000000
Attempt 277: Current best = 1.762964
Generation 0: Best fitness = -1000.000000
Generation 50: Best fitness = -1000.000000
Generation 100: Best fitness = -1000.000000
Generation 150: Best fitness = -1000.000000
Generation 200: Best fitness = -1000.000000
Generation 250: Best fitness = -1000.000000
Generation 300: Best fitness = -1000.000000
Generation 350: Best fitness = -1000.000000
Generation 400: Best fitness = -1000.000000
Generation 450: Best fitness = -1000.000000
Attempt 278: Current best = 1.762964
Generation 0: Best fitness = -1000.000000
Generation 50: Best fitness = -1000.000000
Generation 100: Best fitness = -1000.000000
Generation 150: Best fitness = -1000.000000
Generation 200: Best fitness = -1000.000000
Generation 250: Best fitness = -1000.000000
Generation 300: Best fitness = -1000.000000
Generation 350: Best fitness = -1000.000000
Generation 400: Best fitness = -1000.000000
Generation 450: Best fitness = -1000.000000
Attempt 279: Current best = 1.762964
Generation 0: Best fitness = -1000.000000
Generation 50: Best fitness = -1000.000000
Generation 100: Best fitness = -1000.000000
Generation 150: Best fitness = -1000.000000
Generation 200: Best fitness = -1000.000000
Generation 250: Best fitness = -1000.000000
Generation 300: Best fitness = -1000.000000
Generation 350: Best fitness = -1000.000000
Generation 400: Best fitness = -1000.000000
Generation 450: Best fitness = -1000.000000
Attempt 280: Current best = 1.762964
Generation 0: Best fitness = -1000.000000
Generation 50: Best fitness = -1000.000000
Generation 100: Best fitness = -1000.000000
Generation 150: Best fitness = -1000.000000
Generation 200: Best fitness = -1000.000000
Generation 250: Best fitness = -1000.000000
Generation 300: Best fitness = -1000.000000
Generation 350: Best fitness = -1000.000000
Generation 400: Best fitness = -1000.000000
Generation 450: Best fitness = -1000.000000
Attempt 281: Current best = 1.762964
Generation 0: Best fitness = -1000.000000
Generation 50: Best fitness = -1000.000000
Generation 100: Best fitness = -1000.000000
Generation 150: Best fitness = -1000.000000
Generation 200: Best fitness = -1000.000000
Generation 250: Best fitness = -1000.000000
Generation 300: Best fitness = -1000.000000
Generation 350: Best fitness = -1000.000000
Generation 400: Best fitness = -1000.000000
Generation 450: Best fitness = -1000.000000
Attempt 282: Current best = 1.762964
Generation 0: Best fitness = -1000.000000
Generation 50: Best fitness = -1000.000000
Generation 100: Best fitness = -1000.000000
Generation 150: Best fitness = -1000.000000
Generation 200: Best fitness = -1000.000000
Generation 250: Best fitness = -1000.000000
Generation 300: Best fitness = -1000.000000
Generation 350: Best fitness = -1000.000000
Generation 400: Best fitness = -1000.000000
Generation 450: Best fitness = -1000.000000
Attempt 283: Current best = 1.762964
Generation 0: Best fitness = -1000.000000
Generation 50: Best fitness = -1000.000000
Generation 100: Best fitness = -1000.000000
Generation 150: Best fitness = -1000.000000
Generation 200: Best fitness = -1000.000000
Generation 250: Best fitness = -1000.000000
Generation 300: Best fitness = -1000.000000
Generation 350: Best fitness = -1000.000000
Generation 400: Best fitness = -1000.000000
Generation 450: Best fitness = -1000.000000
Attempt 284: Current best = 1.762964
Generation 0: Best fitness = -1000.000000
Generation 50: Best fitness = -1000.000000
Generation 100: Best fitness = -1000.000000
Generation 150: Best fitness = -1000.000000
Generation 200: Best fitness = -1000.000000
Generation 250: Best fitness = -1000.000000
Generation 300: Best fitness = -1000.000000
Generation 350: Best fitness = -1000.000000
Generation 400: Best fitness = -1000.000000
Generation 450: Best fitness = -1000.000000
Attempt 285: Current best = 1.762964
Generation 0: Best fitness = -1000.000000
Generation 50: Best fitness = -1000.000000
Generation 100: Best fitness = -1000.000000
Generation 150: Best fitness = -1000.000000
Generation 200: Best fitness = -1000.000000
Generation 250: Best fitness = -1000.000000
Generation 300: Best fitness = -1000.000000
Generation 350: Best fitness = -1000.000000
Generation 400: Best fitness = -1000.000000
Generation 450: Best fitness = -1000.000000
Attempt 286: Current best = 1.762964
Generation 0: Best fitness = -1000.000000
Generation 50: Best fitness = -1000.000000
Generation 100: Best fitness = -1000.000000
Generation 150: Best fitness = -1000.000000
Generation 200: Best fitness = -1000.000000
Generation 250: Best fitness = -1000.000000
Generation 300: Best fitness = -1000.000000
Generation 350: Best fitness = -1000.000000
Generation 400: Best fitness = -1000.000000
Generation 450: Best fitness = -1000.000000
Attempt 287: Current best = 1.762964
Generation 0: Best fitness = -1000.000000
Generation 50: Best fitness = -1000.000000
Generation 100: Best fitness = -1000.000000
Generation 150: Best fitness = -1000.000000
Generation 200: Best fitness = -1000.000000
Generation 250: Best fitness = -1000.000000
Generation 300: Best fitness = -1000.000000
Generation 350: Best fitness = -1000.000000
Generation 400: Best fitness = -1000.000000
Generation 450: Best fitness = -1000.000000
Attempt 288: Current best = 1.762964
Generation 0: Best fitness = -1000.000000
Generation 50: Best fitness = -1000.000000
Generation 100: Best fitness = -1000.000000
Generation 150: Best fitness = -1000.000000
Generation 200: Best fitness = -1000.000000
Generation 250: Best fitness = -1000.000000
Generation 300: Best fitness = -1000.000000
Generation 350: Best fitness = -1000.000000
Generation 400: Best fitness = -1000.000000
Generation 450: Best fitness = -1000.000000
Attempt 289: Current best = 1.762964
Generation 0: Best fitness = -1000.000000
Generation 50: Best fitness = -1000.000000
Generation 100: Best fitness = -1000.000000
Generation 150: Best fitness = -1000.000000
Generation 200: Best fitness = -1000.000000
Generation 250: Best fitness = -1000.000000
Generation 300: Best fitness = -1000.000000
Generation 350: Best fitness = -1000.000000
Generation 400: Best fitness = -1000.000000
Generation 450: Best fitness = -1000.000000
Attempt 290: Current best = 1.762964
Generation 0: Best fitness = -1000.000000
Generation 50: Best fitness = -1000.000000
Generation 100: Best fitness = -1000.000000
Generation 150: Best fitness = -1000.000000
Generation 200: Best fitness = -1000.000000
Generation 250: Best fitness = -1000.000000
Generation 300: Best fitness = -1000.000000
Generation 350: Best fitness = -1000.000000
Generation 400: Best fitness = -1000.000000
Generation 450: Best fitness = -1000.000000
Attempt 291: Current best = 1.762964
Generation 0: Best fitness = -1000.000000
Generation 50: Best fitness = -1000.000000
Generation 100: Best fitness = -1000.000000
Generation 150: Best fitness = -1000.000000
Generation 200: Best fitness = -1000.000000
Generation 250: Best fitness = -1000.000000
Generation 300: Best fitness = -1000.000000
Generation 350: Best fitness = -1000.000000
Generation 400: Best fitness = -1000.000000
Generation 450: Best fitness = -1000.000000
Attempt 292: Current best = 1.762964
Generation 0: Best fitness = -1000.000000
Generation 50: Best fitness = -1000.000000
Generation 100: Best fitness = -1000.000000
Generation 150: Best fitness = -1000.000000
Generation 200: Best fitness = -1000.000000
Generation 250: Best fitness = -1000.000000
Generation 300: Best fitness = -1000.000000
Generation 350: Best fitness = -1000.000000
Generation 400: Best fitness = -1000.000000
Generation 450: Best fitness = -1000.000000
Attempt 293: Current best = 1.762964
Generation 0: Best fitness = -1000.000000
Generation 50: Best fitness = -1000.000000
Generation 100: Best fitness = -1000.000000
Generation 150: Best fitness = -1000.000000
Generation 200: Best fitness = -1000.000000
Generation 250: Best fitness = -1000.000000
Generation 300: Best fitness = -1000.000000
Generation 350: Best fitness = -1000.000000
Generation 400: Best fitness = -1000.000000
Generation 450: Best fitness = -1000.000000
Attempt 294: Current best = 1.762964
Generation 0: Best fitness = -1000.000000
Generation 50: Best fitness = -1000.000000
Generation 100: Best fitness = -1000.000000
Generation 150: Best fitness = -1000.000000
Generation 200: Best fitness = -1000.000000
Generation 250: Best fitness = -1000.000000
Generation 300: Best fitness = -1000.000000
Generation 350: Best fitness = -1000.000000
Generation 400: Best fitness = -1000.000000
Generation 450: Best fitness = -1000.000000
Attempt 295: Current best = 1.762964
Generation 0: Best fitness = -1000.000000
Generation 50: Best fitness = -1000.000000
Generation 100: Best fitness = -1000.000000
Generation 150: Best fitness = -1000.000000
Generation 200: Best fitness = -1000.000000
Generation 250: Best fitness = -1000.000000
Generation 300: Best fitness = -1000.000000
Generation 350: Best fitness = -1000.000000
Generation 400: Best fitness = -1000.000000
Generation 450: Best fitness = -1000.000000
Attempt 296: Current best = 1.762964
Generation 0: Best fitness = -1000.000000
Generation 50: Best fitness = -1000.000000
Generation 100: Best fitness = -1000.000000
Generation 150: Best fitness = -1000.000000
Generation 200: Best fitness = -1000.000000
Generation 250: Best fitness = -1000.000000
Generation 300: Best fitness = -1000.000000
Generation 350: Best fitness = -1000.000000
Generation 400: Best fitness = -1000.000000
Generation 450: Best fitness = -1000.000000
Attempt 297: Current best = 1.762964
Generation 0: Best fitness = -1000.000000
Generation 50: Best fitness = -1000.000000
Generation 100: Best fitness = -1000.000000
Generation 150: Best fitness = -1000.000000
Generation 200: Best fitness = -1000.000000
Generation 250: Best fitness = -1000.000000
Generation 300: Best fitness = -1000.000000
Generation 350: Best fitness = -1000.000000
Generation 400: Best fitness = -1000.000000
Generation 450: Best fitness = -1000.000000
Attempt 298: Current best = 1.762964
Generation 0: Best fitness = 0.907739
Generation 50: Best fitness = 1.280461
Generation 100: Best fitness = 1.356932
Generation 150: Best fitness = 1.389480
Generation 200: Best fitness = 1.420720
Generation 250: Best fitness = 1.478031
Generation 300: Best fitness = 1.481765
Generation 350: Best fitness = 1.484939
Generation 400: Best fitness = 1.491104
Generation 450: Best fitness = 1.498492
Attempt 299: Current best = 1.762964
Generation 0: Best fitness = -1000.000000
Generation 50: Best fitness = -1000.000000
Generation 100: Best fitness = -1000.000000
Generation 150: Best fitness = -1000.000000
Generation 200: Best fitness = -1000.000000
Generation 250: Best fitness = -1000.000000
Generation 300: Best fitness = -1000.000000
Generation 350: Best fitness = -1000.000000
Generation 400: Best fitness = -1000.000000
Generation 450: Best fitness = -1000.000000
Attempt 300: Current best = 1.762964
Generation 0: Best fitness = -1000.000000
Generation 50: Best fitness = -1000.000000
Generation 100: Best fitness = -1000.000000
Generation 150: Best fitness = -1000.000000
Generation 200: Best fitness = -1000.000000
Generation 250: Best fitness = -1000.000000
Generation 300: Best fitness = -1000.000000
Generation 350: Best fitness = -1000.000000
Generation 400: Best fitness = -1000.000000
Generation 450: Best fitness = -1000.000000
Attempt 301: Current best = 1.762964
Generation 0: Best fitness = -1000.000000
Generation 50: Best fitness = -1000.000000
Generation 100: Best fitness = -1000.000000
Generation 150: Best fitness = -1000.000000
Generation 200: Best fitness = -1000.000000
Generation 250: Best fitness = -1000.000000
Generation 300: Best fitness = -1000.000000
Generation 350: Best fitness = -1000.000000
Generation 400: Best fitness = -1000.000000
Generation 450: Best fitness = -1000.000000
Attempt 302: Current best = 1.762964
Generation 0: Best fitness = -1000.000000
Generation 50: Best fitness = -1000.000000
Generation 100: Best fitness = -1000.000000
Generation 150: Best fitness = -1000.000000
Generation 200: Best fitness = -1000.000000
Generation 250: Best fitness = -1000.000000
Generation 300: Best fitness = -1000.000000
Generation 350: Best fitness = -1000.000000
Generation 400: Best fitness = -1000.000000
Generation 450: Best fitness = -1000.000000
Attempt 303: Current best = 1.762964
Generation 0: Best fitness = -1000.000000
Generation 50: Best fitness = -1000.000000
Generation 100: Best fitness = -1000.000000
Generation 150: Best fitness = -1000.000000
Generation 200: Best fitness = -1000.000000
Generation 250: Best fitness = -1000.000000
Generation 300: Best fitness = -1000.000000
Generation 350: Best fitness = -1000.000000
Generation 400: Best fitness = -1000.000000
Generation 450: Best fitness = -1000.000000
Attempt 304: Current best = 1.762964
Generation 0: Best fitness = -1000.000000
Generation 50: Best fitness = -1000.000000
Generation 100: Best fitness = -1000.000000
Generation 150: Best fitness = -1000.000000
Generation 200: Best fitness = -1000.000000
Generation 250: Best fitness = -1000.000000
Generation 300: Best fitness = -1000.000000
Generation 350: Best fitness = -1000.000000
Generation 400: Best fitness = -1000.000000
Generation 450: Best fitness = -1000.000000
Attempt 305: Current best = 1.762964
Generation 0: Best fitness = -1000.000000
Generation 50: Best fitness = -1000.000000
Generation 100: Best fitness = -1000.000000
Generation 150: Best fitness = -1000.000000
Generation 200: Best fitness = -1000.000000
Generation 250: Best fitness = -1000.000000
Generation 300: Best fitness = -1000.000000
Generation 350: Best fitness = -1000.000000
Generation 400: Best fitness = -1000.000000
Generation 450: Best fitness = -1000.000000
Attempt 306: Current best = 1.762964
Generation 0: Best fitness = -1000.000000
Generation 50: Best fitness = -1000.000000
Generation 100: Best fitness = -1000.000000
Generation 150: Best fitness = -1000.000000
Generation 200: Best fitness = -1000.000000
Generation 250: Best fitness = -1000.000000
Generation 300: Best fitness = -1000.000000
Generation 350: Best fitness = -1000.000000
Generation 400: Best fitness = -1000.000000
Generation 450: Best fitness = -1000.000000
Attempt 307: Current best = 1.762964
Generation 0: Best fitness = -1000.000000
Generation 50: Best fitness = -1000.000000
Generation 100: Best fitness = -1000.000000
Generation 150: Best fitness = -1000.000000
Generation 200: Best fitness = -1000.000000
Generation 250: Best fitness = -1000.000000
Generation 300: Best fitness = -1000.000000
Generation 350: Best fitness = -1000.000000
Generation 400: Best fitness = -1000.000000
Generation 450: Best fitness = -1000.000000
Attempt 308: Current best = 1.762964
Generation 0: Best fitness = -1000.000000
Generation 50: Best fitness = -1000.000000
Generation 100: Best fitness = -1000.000000
Generation 150: Best fitness = -1000.000000
Generation 200: Best fitness = -1000.000000
Generation 250: Best fitness = -1000.000000
Generation 300: Best fitness = -1000.000000
Generation 350: Best fitness = -1000.000000
Generation 400: Best fitness = -1000.000000
Generation 450: Best fitness = -1000.000000
Attempt 309: Current best = 1.762964
Generation 0: Best fitness = -1000.000000
Generation 50: Best fitness = -1000.000000
Generation 100: Best fitness = -1000.000000
Generation 150: Best fitness = -1000.000000
Generation 200: Best fitness = -1000.000000
Generation 250: Best fitness = -1000.000000
Generation 300: Best fitness = -1000.000000
Generation 350: Best fitness = -1000.000000
Generation 400: Best fitness = -1000.000000
Generation 450: Best fitness = -1000.000000
Attempt 310: Current best = 1.762964
Generation 0: Best fitness = -1000.000000
Generation 50: Best fitness = -1000.000000
Generation 100: Best fitness = -1000.000000
Generation 150: Best fitness = -1000.000000
Generation 200: Best fitness = -1000.000000
Generation 250: Best fitness = -1000.000000
Generation 300: Best fitness = -1000.000000
Generation 350: Best fitness = -1000.000000
Generation 400: Best fitness = -1000.000000
Generation 450: Best fitness = -1000.000000
Attempt 311: Current best = 1.762964
Generation 0: Best fitness = -1000.000000
Generation 50: Best fitness = -1000.000000
Generation 100: Best fitness = -1000.000000
Generation 150: Best fitness = -1000.000000
Generation 200: Best fitness = -1000.000000
Generation 250: Best fitness = -1000.000000
Generation 300: Best fitness = -1000.000000
Generation 350: Best fitness = -1000.000000
Generation 400: Best fitness = -1000.000000
Generation 450: Best fitness = -1000.000000
Attempt 312: Current best = 1.762964
Generation 0: Best fitness = -1000.000000
Generation 50: Best fitness = -1000.000000
Generation 100: Best fitness = -1000.000000
Generation 150: Best fitness = -1000.000000
Generation 200: Best fitness = -1000.000000
Generation 250: Best fitness = -1000.000000
Generation 300: Best fitness = -1000.000000
Generation 350: Best fitness = -1000.000000
Generation 400: Best fitness = -1000.000000
Generation 450: Best fitness = -1000.000000
Attempt 313: Current best = 1.762964
Generation 0: Best fitness = -1000.000000
Generation 50: Best fitness = -1000.000000
Generation 100: Best fitness = -1000.000000
Generation 150: Best fitness = -1000.000000
Generation 200: Best fitness = -1000.000000
Generation 250: Best fitness = -1000.000000
Generation 300: Best fitness = -1000.000000
Generation 350: Best fitness = -1000.000000
Generation 400: Best fitness = -1000.000000
Generation 450: Best fitness = -1000.000000
Attempt 314: Current best = 1.762964
Generation 0: Best fitness = -1000.000000
Generation 50: Best fitness = -1000.000000
Generation 100: Best fitness = -1000.000000
Generation 150: Best fitness = -1000.000000
Generation 200: Best fitness = -1000.000000
Generation 250: Best fitness = -1000.000000
Generation 300: Best fitness = -1000.000000
Generation 350: Best fitness = -1000.000000
Generation 400: Best fitness = -1000.000000
Generation 450: Best fitness = -1000.000000
Attempt 315: Current best = 1.762964
Generation 0: Best fitness = -1000.000000
Generation 50: Best fitness = -1000.000000
Generation 100: Best fitness = -1000.000000
Generation 150: Best fitness = -1000.000000
Generation 200: Best fitness = -1000.000000
Generation 250: Best fitness = -1000.000000
Generation 300: Best fitness = -1000.000000
Generation 350: Best fitness = -1000.000000
Generation 400: Best fitness = -1000.000000
Generation 450: Best fitness = -1000.000000
Attempt 316: Current best = 1.762964
Generation 0: Best fitness = -1000.000000
Generation 50: Best fitness = -1000.000000
Generation 100: Best fitness = -1000.000000
Generation 150: Best fitness = -1000.000000
Generation 200: Best fitness = -1000.000000
Generation 250: Best fitness = -1000.000000
Generation 300: Best fitness = -1000.000000
Generation 350: Best fitness = -1000.000000
Generation 400: Best fitness = -1000.000000
Generation 450: Best fitness = -1000.000000
Attempt 317: Current best = 1.762964
Generation 0: Best fitness = -1000.000000
Generation 50: Best fitness = -1000.000000
Generation 100: Best fitness = -1000.000000
Generation 150: Best fitness = -1000.000000
Generation 200: Best fitness = -1000.000000
Generation 250: Best fitness = -1000.000000
Generation 300: Best fitness = -1000.000000
Generation 350: Best fitness = -1000.000000
Generation 400: Best fitness = -1000.000000
Generation 450: Best fitness = -1000.000000
Attempt 318: Current best = 1.762964
Generation 0: Best fitness = -1000.000000
Generation 50: Best fitness = -1000.000000
Generation 100: Best fitness = -1000.000000
Generation 150: Best fitness = -1000.000000
Generation 200: Best fitness = -1000.000000
Generation 250: Best fitness = -1000.000000
Generation 300: Best fitness = -1000.000000
Generation 350: Best fitness = -1000.000000
Generation 400: Best fitness = -1000.000000
Generation 450: Best fitness = -1000.000000
Attempt 319: Current best = 1.762964
Generation 0: Best fitness = -1000.000000
Generation 50: Best fitness = -1000.000000
Generation 100: Best fitness = -1000.000000
Generation 150: Best fitness = -1000.000000
Generation 200: Best fitness = -1000.000000
Generation 250: Best fitness = -1000.000000
Generation 300: Best fitness = -1000.000000
Generation 350: Best fitness = -1000.000000
Generation 400: Best fitness = -1000.000000
Generation 450: Best fitness = -1000.000000
Attempt 320: Current best = 1.762964
Generation 0: Best fitness = -1000.000000
Generation 50: Best fitness = -1000.000000
Generation 100: Best fitness = -1000.000000
Generation 150: Best fitness = -1000.000000
Generation 200: Best fitness = -1000.000000
Generation 250: Best fitness = -1000.000000
Generation 300: Best fitness = -1000.000000
Generation 350: Best fitness = -1000.000000
Generation 400: Best fitness = -1000.000000
Generation 450: Best fitness = -1000.000000
Attempt 321: Current best = 1.762964
Generation 0: Best fitness = -1000.000000
Generation 50: Best fitness = -1000.000000
Generation 100: Best fitness = -1000.000000
Generation 150: Best fitness = -1000.000000
Generation 200: Best fitness = -1000.000000
Generation 250: Best fitness = -1000.000000
Generation 300: Best fitness = -1000.000000
Generation 350: Best fitness = -1000.000000
Generation 400: Best fitness = -1000.000000
Generation 450: Best fitness = -1000.000000
Attempt 322: Current best = 1.762964
Generation 0: Best fitness = -1000.000000
Generation 50: Best fitness = -1000.000000
Generation 100: Best fitness = -1000.000000
Generation 150: Best fitness = -1000.000000
Generation 200: Best fitness = -1000.000000
Generation 250: Best fitness = -1000.000000
Generation 300: Best fitness = -1000.000000
Generation 350: Best fitness = -1000.000000
Generation 400: Best fitness = -1000.000000
Generation 450: Best fitness = -1000.000000
Attempt 323: Current best = 1.762964
Generation 0: Best fitness = -1000.000000
Generation 50: Best fitness = -1000.000000
Generation 100: Best fitness = -1000.000000
Generation 150: Best fitness = -1000.000000
Generation 200: Best fitness = -1000.000000
Generation 250: Best fitness = -1000.000000
Generation 300: Best fitness = -1000.000000
Generation 350: Best fitness = -1000.000000
Generation 400: Best fitness = -1000.000000
Generation 450: Best fitness = -1000.000000
Attempt 324: Current best = 1.762964
Generation 0: Best fitness = -1000.000000
Generation 50: Best fitness = -1000.000000
Generation 100: Best fitness = -1000.000000
Generation 150: Best fitness = -1000.000000
Generation 200: Best fitness = -1000.000000
Generation 250: Best fitness = -1000.000000
Generation 300: Best fitness = -1000.000000
Generation 350: Best fitness = -1000.000000
Generation 400: Best fitness = -1000.000000
Generation 450: Best fitness = -1000.000000
Attempt 325: Current best = 1.762964
Generation 0: Best fitness = -1000.000000
Generation 50: Best fitness = -1000.000000
Generation 100: Best fitness = -1000.000000
Generation 150: Best fitness = -1000.000000
Generation 200: Best fitness = -1000.000000
Generation 250: Best fitness = -1000.000000
Generation 300: Best fitness = -1000.000000
Generation 350: Best fitness = -1000.000000
Generation 400: Best fitness = -1000.000000
Generation 450: Best fitness = -1000.000000
Attempt 326: Current best = 1.762964
Generation 0: Best fitness = -1000.000000
Generation 50: Best fitness = -1000.000000
Generation 100: Best fitness = -1000.000000
Generation 150: Best fitness = -1000.000000
Generation 200: Best fitness = -1000.000000
Generation 250: Best fitness = -1000.000000
Generation 300: Best fitness = -1000.000000
Generation 350: Best fitness = -1000.000000
Generation 400: Best fitness = -1000.000000
Generation 450: Best fitness = -1000.000000
Attempt 327: Current best = 1.762964
Generation 0: Best fitness = -1000.000000
Generation 50: Best fitness = -1000.000000
Generation 100: Best fitness = -1000.000000
Generation 150: Best fitness = -1000.000000
Generation 200: Best fitness = -1000.000000
Generation 250: Best fitness = -1000.000000
Generation 300: Best fitness = -1000.000000
Generation 350: Best fitness = -1000.000000
Generation 400: Best fitness = -1000.000000
Generation 450: Best fitness = -1000.000000
Attempt 328: Current best = 1.762964
Generation 0: Best fitness = -1000.000000
Generation 50: Best fitness = -1000.000000
Generation 100: Best fitness = -1000.000000
Generation 150: Best fitness = -1000.000000
Generation 200: Best fitness = -1000.000000
Generation 250: Best fitness = -1000.000000
Generation 300: Best fitness = -1000.000000
Generation 350: Best fitness = -1000.000000
Generation 400: Best fitness = -1000.000000
Generation 450: Best fitness = -1000.000000
Attempt 329: Current best = 1.762964
Generation 0: Best fitness = -1000.000000
Generation 50: Best fitness = -1000.000000
Generation 100: Best fitness = -1000.000000
Generation 150: Best fitness = -1000.000000
Generation 200: Best fitness = -1000.000000
Generation 250: Best fitness = -1000.000000
Generation 300: Best fitness = -1000.000000
Generation 350: Best fitness = -1000.000000
Generation 400: Best fitness = -1000.000000
Generation 450: Best fitness = -1000.000000
Attempt 330: Current best = 1.762964
Generation 0: Best fitness = -1000.000000
Generation 50: Best fitness = -1000.000000
Generation 100: Best fitness = -1000.000000
Generation 150: Best fitness = -1000.000000
Generation 200: Best fitness = -1000.000000
Generation 250: Best fitness = -1000.000000
Generation 300: Best fitness = -1000.000000
Generation 350: Best fitness = -1000.000000
Generation 400: Best fitness = -1000.000000
Generation 450: Best fitness = -1000.000000
Attempt 331: Current best = 1.762964
Generation 0: Best fitness = -1000.000000
Generation 50: Best fitness = -1000.000000
Generation 100: Best fitness = -1000.000000
Generation 150: Best fitness = -1000.000000
Generation 200: Best fitness = -1000.000000
Generation 250: Best fitness = -1000.000000
Generation 300: Best fitness = -1000.000000
Generation 350: Best fitness = -1000.000000
Generation 400: Best fitness = -1000.000000
Generation 450: Best fitness = -1000.000000
Attempt 332: Current best = 1.762964
Generation 0: Best fitness = -1000.000000
Generation 50: Best fitness = -1000.000000
Generation 100: Best fitness = -1000.000000
Generation 150: Best fitness = -1000.000000
Generation 200: Best fitness = -1000.000000
Generation 250: Best fitness = -1000.000000
Generation 300: Best fitness = -1000.000000
Generation 350: Best fitness = -1000.000000
Generation 400: Best fitness = -1000.000000
Generation 450: Best fitness = -1000.000000
Attempt 333: Current best = 1.762964
Generation 0: Best fitness = -1000.000000
Generation 50: Best fitness = -1000.000000
Generation 100: Best fitness = -1000.000000
Generation 150: Best fitness = -1000.000000
Generation 200: Best fitness = -1000.000000
Generation 250: Best fitness = -1000.000000
Generation 300: Best fitness = -1000.000000
Generation 350: Best fitness = -1000.000000
Generation 400: Best fitness = -1000.000000
Generation 450: Best fitness = -1000.000000
Attempt 334: Current best = 1.762964
Generation 0: Best fitness = -1000.000000
Generation 50: Best fitness = -1000.000000
Generation 100: Best fitness = -1000.000000
Generation 150: Best fitness = -1000.000000
Generation 200: Best fitness = -1000.000000
Generation 250: Best fitness = -1000.000000
Generation 300: Best fitness = -1000.000000
Generation 350: Best fitness = -1000.000000
Generation 400: Best fitness = -1000.000000
Generation 450: Best fitness = -1000.000000
Attempt 335: Current best = 1.762964
Generation 0: Best fitness = -1000.000000
Generation 50: Best fitness = -1000.000000
Generation 100: Best fitness = -1000.000000
Generation 150: Best fitness = -1000.000000
Generation 200: Best fitness = -1000.000000
Generation 250: Best fitness = -1000.000000
Generation 300: Best fitness = -1000.000000
Generation 350: Best fitness = -1000.000000
Generation 400: Best fitness = -1000.000000
Generation 450: Best fitness = -1000.000000
Attempt 336: Current best = 1.762964
Generation 0: Best fitness = -1000.000000
Generation 50: Best fitness = -1000.000000
Generation 100: Best fitness = -1000.000000
Generation 150: Best fitness = -1000.000000
Generation 200: Best fitness = -1000.000000
Generation 250: Best fitness = -1000.000000
Generation 300: Best fitness = -1000.000000
Generation 350: Best fitness = -1000.000000
Generation 400: Best fitness = -1000.000000
Generation 450: Best fitness = -1000.000000
Attempt 337: Current best = 1.762964
Generation 0: Best fitness = -1000.000000
Generation 50: Best fitness = -1000.000000
Generation 100: Best fitness = -1000.000000
Generation 150: Best fitness = -1000.000000
Generation 200: Best fitness = -1000.000000
Generation 250: Best fitness = -1000.000000
Generation 300: Best fitness = -1000.000000
Generation 350: Best fitness = -1000.000000
Generation 400: Best fitness = -1000.000000
Generation 450: Best fitness = -1000.000000
Attempt 338: Current best = 1.762964
Generation 0: Best fitness = -1000.000000
Generation 50: Best fitness = -1000.000000
Generation 100: Best fitness = -1000.000000
Generation 150: Best fitness = -1000.000000
Generation 200: Best fitness = -1000.000000
Generation 250: Best fitness = -1000.000000
Generation 300: Best fitness = -1000.000000
Generation 350: Best fitness = -1000.000000
Generation 400: Best fitness = -1000.000000
Generation 450: Best fitness = -1000.000000
Attempt 339: Current best = 1.762964
Generation 0: Best fitness = -1000.000000
Generation 50: Best fitness = -1000.000000
Generation 100: Best fitness = -1000.000000
Generation 150: Best fitness = -1000.000000
Generation 200: Best fitness = -1000.000000
Generation 250: Best fitness = -1000.000000
Generation 300: Best fitness = -1000.000000
Generation 350: Best fitness = -1000.000000
Generation 400: Best fitness = -1000.000000
Generation 450: Best fitness = -1000.000000
Attempt 340: Current best = 1.762964
Generation 0: Best fitness = -1000.000000
Generation 50: Best fitness = -1000.000000
Generation 100: Best fitness = -1000.000000
Generation 150: Best fitness = -1000.000000
Generation 200: Best fitness = -1000.000000
Generation 250: Best fitness = -1000.000000
Generation 300: Best fitness = -1000.000000
Generation 350: Best fitness = -1000.000000
Generation 400: Best fitness = -1000.000000
Generation 450: Best fitness = -1000.000000
Attempt 341: Current best = 1.762964
Generation 0: Best fitness = -1000.000000
Generation 50: Best fitness = -1000.000000
Generation 100: Best fitness = -1000.000000
Generation 150: Best fitness = -1000.000000
Generation 200: Best fitness = -1000.000000
Generation 250: Best fitness = -1000.000000
Generation 300: Best fitness = -1000.000000
Generation 350: Best fitness = -1000.000000
Generation 400: Best fitness = -1000.000000
Generation 450: Best fitness = -1000.000000
Attempt 342: Current best = 1.762964
Generation 0: Best fitness = -1000.000000
Generation 50: Best fitness = -1000.000000
Generation 100: Best fitness = -1000.000000
Generation 150: Best fitness = -1000.000000
Generation 200: Best fitness = -1000.000000
Generation 250: Best fitness = -1000.000000
Generation 300: Best fitness = -1000.000000
Generation 350: Best fitness = -1000.000000
Generation 400: Best fitness = -1000.000000
Generation 450: Best fitness = -1000.000000
Attempt 343: Current best = 1.762964
Generation 0: Best fitness = -1000.000000
Generation 50: Best fitness = -1000.000000
Generation 100: Best fitness = -1000.000000
Generation 150: Best fitness = -1000.000000
Generation 200: Best fitness = -1000.000000
Generation 250: Best fitness = -1000.000000
Generation 300: Best fitness = -1000.000000
Generation 350: Best fitness = -1000.000000
Generation 400: Best fitness = -1000.000000
Generation 450: Best fitness = -1000.000000
Attempt 344: Current best = 1.762964
Generation 0: Best fitness = -1000.000000
Generation 50: Best fitness = -1000.000000
Generation 100: Best fitness = -1000.000000
Generation 150: Best fitness = -1000.000000
Generation 200: Best fitness = -1000.000000
Generation 250: Best fitness = -1000.000000
Generation 300: Best fitness = -1000.000000
Generation 350: Best fitness = -1000.000000
Generation 400: Best fitness = -1000.000000
Generation 450: Best fitness = -1000.000000
Attempt 345: Current best = 1.762964
Generation 0: Best fitness = -1000.000000
Generation 50: Best fitness = -1000.000000
Generation 100: Best fitness = -1000.000000
Generation 150: Best fitness = -1000.000000
Generation 200: Best fitness = -1000.000000
Generation 250: Best fitness = -1000.000000
Generation 300: Best fitness = -1000.000000
Generation 350: Best fitness = -1000.000000
Generation 400: Best fitness = -1000.000000
Generation 450: Best fitness = -1000.000000
Attempt 346: Current best = 1.762964
Generation 0: Best fitness = -1000.000000
Generation 50: Best fitness = -1000.000000
Generation 100: Best fitness = -1000.000000
Generation 150: Best fitness = -1000.000000
Generation 200: Best fitness = -1000.000000
Generation 250: Best fitness = -1000.000000
Generation 300: Best fitness = -1000.000000
Generation 350: Best fitness = -1000.000000
Generation 400: Best fitness = -1000.000000
Generation 450: Best fitness = -1000.000000
Attempt 347: Current best = 1.762964
Generation 0: Best fitness = -1000.000000
Generation 50: Best fitness = -1000.000000
Generation 100: Best fitness = -1000.000000
Generation 150: Best fitness = -1000.000000
Generation 200: Best fitness = -1000.000000
Generation 250: Best fitness = -1000.000000
Generation 300: Best fitness = -1000.000000
Generation 350: Best fitness = -1000.000000
Generation 400: Best fitness = -1000.000000
Generation 450: Best fitness = -1000.000000
Attempt 348: Current best = 1.762964
Generation 0: Best fitness = -1000.000000
Generation 50: Best fitness = -1000.000000
Generation 100: Best fitness = -1000.000000
Generation 150: Best fitness = -1000.000000
Generation 200: Best fitness = -1000.000000
Generation 250: Best fitness = -1000.000000
Generation 300: Best fitness = -1000.000000
Generation 350: Best fitness = -1000.000000
Generation 400: Best fitness = -1000.000000
Generation 450: Best fitness = -1000.000000
Attempt 349: Current best = 1.762964
Generation 0: Best fitness = -1000.000000
Generation 50: Best fitness = -1000.000000
Generation 100: Best fitness = -1000.000000
Generation 150: Best fitness = -1000.000000
Generation 200: Best fitness = -1000.000000
Generation 250: Best fitness = -1000.000000
Generation 300: Best fitness = -1000.000000
Generation 350: Best fitness = -1000.000000
Generation 400: Best fitness = -1000.000000
Generation 450: Best fitness = -1000.000000
Attempt 350: Current best = 1.762964
Generation 0: Best fitness = -1000.000000
Generation 50: Best fitness = -1000.000000
Generation 100: Best fitness = -1000.000000
Generation 150: Best fitness = -1000.000000
Generation 200: Best fitness = -1000.000000
Generation 250: Best fitness = -1000.000000
Generation 300: Best fitness = -1000.000000
Generation 350: Best fitness = -1000.000000
Generation 400: Best fitness = -1000.000000
Generation 450: Best fitness = -1000.000000
Attempt 351: Current best = 1.762964
Generation 0: Best fitness = -1000.000000
Generation 50: Best fitness = -1000.000000
Generation 100: Best fitness = -1000.000000
Generation 150: Best fitness = -1000.000000
Generation 200: Best fitness = -1000.000000
Generation 250: Best fitness = -1000.000000
Generation 300: Best fitness = -1000.000000
Generation 350: Best fitness = -1000.000000
Generation 400: Best fitness = -1000.000000
Generation 450: Best fitness = -1000.000000
Attempt 352: Current best = 1.762964
Generation 0: Best fitness = -1000.000000
Generation 50: Best fitness = -1000.000000
Generation 100: Best fitness = -1000.000000
Generation 150: Best fitness = -1000.000000
Generation 200: Best fitness = -1000.000000
Generation 250: Best fitness = -1000.000000
Generation 300: Best fitness = -1000.000000
Generation 350: Best fitness = -1000.000000
Generation 400: Best fitness = -1000.000000
Generation 450: Best fitness = -1000.000000
Attempt 353: Current best = 1.762964
Generation 0: Best fitness = -1000.000000
Generation 50: Best fitness = -1000.000000
Generation 100: Best fitness = -1000.000000
Generation 150: Best fitness = -1000.000000
Generation 200: Best fitness = -1000.000000
Generation 250: Best fitness = -1000.000000
Generation 300: Best fitness = -1000.000000
Generation 350: Best fitness = -1000.000000
Generation 400: Best fitness = -1000.000000
Generation 450: Best fitness = -1000.000000
Attempt 354: Current best = 1.762964
Generation 0: Best fitness = -1000.000000
Generation 50: Best fitness = -1000.000000
Generation 100: Best fitness = -1000.000000
Generation 150: Best fitness = -1000.000000
Generation 200: Best fitness = -1000.000000
Generation 250: Best fitness = -1000.000000
Generation 300: Best fitness = -1000.000000
Generation 350: Best fitness = -1000.000000
Generation 400: Best fitness = -1000.000000
Generation 450: Best fitness = -1000.000000
Attempt 355: Current best = 1.762964
Generation 0: Best fitness = -1000.000000
Generation 50: Best fitness = -1000.000000
Generation 100: Best fitness = -1000.000000
Generation 150: Best fitness = -1000.000000
Generation 200: Best fitness = -1000.000000
Generation 250: Best fitness = -1000.000000
Generation 300: Best fitness = -1000.000000
Generation 350: Best fitness = -1000.000000
Generation 400: Best fitness = -1000.000000
Generation 450: Best fitness = -1000.000000
Attempt 356: Current best = 1.762964
Generation 0: Best fitness = -1000.000000
Generation 50: Best fitness = -1000.000000
Generation 100: Best fitness = -1000.000000
Generation 150: Best fitness = -1000.000000
Generation 200: Best fitness = -1000.000000
Generation 250: Best fitness = -1000.000000
Generation 300: Best fitness = -1000.000000
Generation 350: Best fitness = -1000.000000
Generation 400: Best fitness = -1000.000000
Generation 450: Best fitness = -1000.000000
Attempt 357: Current best = 1.762964
Generation 0: Best fitness = -1000.000000
Generation 50: Best fitness = -1000.000000
Generation 100: Best fitness = -1000.000000
Generation 150: Best fitness = -1000.000000
Generation 200: Best fitness = -1000.000000
Generation 250: Best fitness = -1000.000000
Generation 300: Best fitness = -1000.000000
Generation 350: Best fitness = -1000.000000
Generation 400: Best fitness = -1000.000000
Generation 450: Best fitness = -1000.000000
Attempt 358: Current best = 1.762964
Generation 0: Best fitness = -1000.000000
Generation 50: Best fitness = 1.401140
Generation 100: Best fitness = 1.616491
Generation 150: Best fitness = 1.662001
Generation 200: Best fitness = 1.689194
Generation 250: Best fitness = 1.715002
Generation 300: Best fitness = 1.718378
Generation 350: Best fitness = 1.719637
Generation 400: Best fitness = 1.720376
Generation 450: Best fitness = 1.721023
Attempt 359: Current best = 1.762964
Generation 0: Best fitness = -1000.000000
Generation 50: Best fitness = -1000.000000
Generation 100: Best fitness = -1000.000000
Generation 150: Best fitness = -1000.000000
Generation 200: Best fitness = -1000.000000
Generation 250: Best fitness = -1000.000000
Generation 300: Best fitness = -1000.000000
Generation 350: Best fitness = -1000.000000
Generation 400: Best fitness = -1000.000000
Generation 450: Best fitness = -1000.000000
Attempt 360: Current best = 1.762964
Generation 0: Best fitness = -1000.000000
Generation 50: Best fitness = -1000.000000
Generation 100: Best fitness = -1000.000000
Generation 150: Best fitness = -1000.000000
Generation 200: Best fitness = -1000.000000
Generation 250: Best fitness = -1000.000000
Generation 300: Best fitness = -1000.000000
Generation 350: Best fitness = -1000.000000
Generation 400: Best fitness = -1000.000000
Generation 450: Best fitness = -1000.000000
Attempt 361: Current best = 1.762964
Generation 0: Best fitness = -1000.000000
Generation 50: Best fitness = -1000.000000
Generation 100: Best fitness = -1000.000000
Generation 150: Best fitness = -1000.000000
Generation 200: Best fitness = -1000.000000
Generation 250: Best fitness = -1000.000000
Generation 300: Best fitness = -1000.000000
Generation 350: Best fitness = -1000.000000
Generation 400: Best fitness = -1000.000000
Generation 450: Best fitness = -1000.000000
Attempt 362: Current best = 1.762964
Generation 0: Best fitness = -1000.000000
Generation 50: Best fitness = -1000.000000
Generation 100: Best fitness = -1000.000000
Generation 150: Best fitness = -1000.000000
Generation 200: Best fitness = -1000.000000
Generation 250: Best fitness = -1000.000000
Generation 300: Best fitness = -1000.000000
Generation 350: Best fitness = -1000.000000
Generation 400: Best fitness = -1000.000000
Generation 450: Best fitness = -1000.000000
Attempt 363: Current best = 1.762964
Generation 0: Best fitness = -1000.000000
Generation 50: Best fitness = -1000.000000
Generation 100: Best fitness = -1000.000000
Generation 150: Best fitness = -1000.000000
Generation 200: Best fitness = -1000.000000
Generation 250: Best fitness = -1000.000000
Generation 300: Best fitness = -1000.000000
Generation 350: Best fitness = -1000.000000
Generation 400: Best fitness = -1000.000000
Generation 450: Best fitness = -1000.000000
Attempt 364: Current best = 1.762964
Generation 0: Best fitness = -1000.000000
Generation 50: Best fitness = -1000.000000
Generation 100: Best fitness = -1000.000000
Generation 150: Best fitness = -1000.000000
Generation 200: Best fitness = -1000.000000
Generation 250: Best fitness = -1000.000000
Generation 300: Best fitness = -1000.000000
Generation 350: Best fitness = -1000.000000
Generation 400: Best fitness = -1000.000000
Generation 450: Best fitness = -1000.000000
Attempt 365: Current best = 1.762964
Generation 0: Best fitness = -1000.000000
Generation 50: Best fitness = -1000.000000
Generation 100: Best fitness = -1000.000000
Generation 150: Best fitness = -1000.000000
Generation 200: Best fitness = -1000.000000
Generation 250: Best fitness = -1000.000000
Generation 300: Best fitness = -1000.000000
Generation 350: Best fitness = -1000.000000
Generation 400: Best fitness = -1000.000000
Generation 450: Best fitness = -1000.000000
Attempt 366: Current best = 1.762964
Generation 0: Best fitness = -1000.000000
Generation 50: Best fitness = -1000.000000
Generation 100: Best fitness = -1000.000000
Generation 150: Best fitness = -1000.000000
Generation 200: Best fitness = -1000.000000
Generation 250: Best fitness = -1000.000000
Generation 300: Best fitness = -1000.000000
Generation 350: Best fitness = -1000.000000
Generation 400: Best fitness = -1000.000000
Generation 450: Best fitness = -1000.000000
Attempt 367: Current best = 1.762964
Generation 0: Best fitness = -1000.000000
Generation 50: Best fitness = -1000.000000
Generation 100: Best fitness = -1000.000000
Generation 150: Best fitness = -1000.000000
Generation 200: Best fitness = -1000.000000
Generation 250: Best fitness = -1000.000000
Generation 300: Best fitness = -1000.000000
Generation 350: Best fitness = -1000.000000
Generation 400: Best fitness = -1000.000000
Generation 450: Best fitness = -1000.000000
Attempt 368: Current best = 1.762964
Generation 0: Best fitness = -1000.000000
Generation 50: Best fitness = 1.160318
Generation 100: Best fitness = 1.561767
Generation 150: Best fitness = 1.679174
Generation 200: Best fitness = 1.757974
Generation 250: Best fitness = 1.766399
Generation 300: Best fitness = 1.771816
Generation 350: Best fitness = 1.778347
Generation 400: Best fitness = 1.797648
Generation 450: Best fitness = 1.840589
Attempt 369: Current best = 1.848279
Generation 0: Best fitness = -1000.000000
Generation 50: Best fitness = -1000.000000
Generation 100: Best fitness = -1000.000000
Generation 150: Best fitness = -1000.000000
Generation 200: Best fitness = -1000.000000
Generation 250: Best fitness = -1000.000000
Generation 300: Best fitness = -1000.000000
Generation 350: Best fitness = -1000.000000
Generation 400: Best fitness = -1000.000000
Generation 450: Best fitness = -1000.000000
Attempt 370: Current best = 1.848279
Generation 0: Best fitness = -1000.000000
Generation 50: Best fitness = -1000.000000
Generation 100: Best fitness = -1000.000000
Generation 150: Best fitness = -1000.000000
Generation 200: Best fitness = -1000.000000
Generation 250: Best fitness = -1000.000000
Generation 300: Best fitness = -1000.000000
Generation 350: Best fitness = -1000.000000
Generation 400: Best fitness = -1000.000000
Generation 450: Best fitness = -1000.000000
Attempt 371: Current best = 1.848279
Generation 0: Best fitness = -1000.000000
Generation 50: Best fitness = -1000.000000
Generation 100: Best fitness = -1000.000000
Generation 150: Best fitness = -1000.000000
Generation 200: Best fitness = -1000.000000
Generation 250: Best fitness = -1000.000000
Generation 300: Best fitness = -1000.000000
Generation 350: Best fitness = -1000.000000
Generation 400: Best fitness = -1000.000000
Generation 450: Best fitness = -1000.000000
Attempt 372: Current best = 1.848279
Generation 0: Best fitness = -1000.000000
Generation 50: Best fitness = -1000.000000
Generation 100: Best fitness = -1000.000000
Generation 150: Best fitness = -1000.000000
Generation 200: Best fitness = -1000.000000
Generation 250: Best fitness = -1000.000000
Generation 300: Best fitness = -1000.000000
Generation 350: Best fitness = -1000.000000
Generation 400: Best fitness = -1000.000000
Generation 450: Best fitness = -1000.000000
Attempt 373: Current best = 1.848279
Generation 0: Best fitness = -1000.000000
Generation 50: Best fitness = -1000.000000
Generation 100: Best fitness = -1000.000000
Generation 150: Best fitness = -1000.000000
Generation 200: Best fitness = -1000.000000
Generation 250: Best fitness = -1000.000000
Generation 300: Best fitness = -1000.000000
Generation 350: Best fitness = -1000.000000
Generation 400: Best fitness = -1000.000000
Generation 450: Best fitness = -1000.000000
Attempt 374: Current best = 1.848279
Generation 0: Best fitness = -1000.000000
Generation 50: Best fitness = -1000.000000
Generation 100: Best fitness = -1000.000000
Generation 150: Best fitness = -1000.000000
Generation 200: Best fitness = -1000.000000
Generation 250: Best fitness = -1000.000000
Generation 300: Best fitness = -1000.000000
Generation 350: Best fitness = -1000.000000
Generation 400: Best fitness = -1000.000000
Generation 450: Best fitness = -1000.000000
Attempt 375: Current best = 1.848279
Generation 0: Best fitness = -1000.000000
Generation 50: Best fitness = -1000.000000
Generation 100: Best fitness = -1000.000000
Generation 150: Best fitness = -1000.000000
Generation 200: Best fitness = -1000.000000
Generation 250: Best fitness = -1000.000000
Generation 300: Best fitness = -1000.000000
Generation 350: Best fitness = -1000.000000
Generation 400: Best fitness = -1000.000000
Generation 450: Best fitness = -1000.000000
Attempt 376: Current best = 1.848279
Generation 0: Best fitness = -1000.000000
Generation 50: Best fitness = -1000.000000
Generation 100: Best fitness = -1000.000000
Generation 150: Best fitness = -1000.000000
Generation 200: Best fitness = -1000.000000
Generation 250: Best fitness = -1000.000000
Generation 300: Best fitness = -1000.000000
Generation 350: Best fitness = -1000.000000
Generation 400: Best fitness = -1000.000000
Generation 450: Best fitness = -1000.000000
Attempt 377: Current best = 1.848279
Generation 0: Best fitness = -1000.000000
Generation 50: Best fitness = -1000.000000
Generation 100: Best fitness = -1000.000000
Generation 150: Best fitness = -1000.000000
Generation 200: Best fitness = -1000.000000
Generation 250: Best fitness = -1000.000000
Generation 300: Best fitness = -1000.000000
Generation 350: Best fitness = -1000.000000
Generation 400: Best fitness = -1000.000000
Generation 450: Best fitness = -1000.000000
Attempt 378: Current best = 1.848279
Generation 0: Best fitness = -1000.000000
Generation 50: Best fitness = -1000.000000
Generation 100: Best fitness = -1000.000000
Generation 150: Best fitness = -1000.000000
Generation 200: Best fitness = -1000.000000
Generation 250: Best fitness = -1000.000000
Generation 300: Best fitness = -1000.000000
Generation 350: Best fitness = -1000.000000
Generation 400: Best fitness = -1000.000000
Generation 450: Best fitness = -1000.000000
Attempt 379: Current best = 1.848279
Generation 0: Best fitness = -1000.000000
Generation 50: Best fitness = -1000.000000
Generation 100: Best fitness = -1000.000000
Generation 150: Best fitness = -1000.000000
Generation 200: Best fitness = -1000.000000
Generation 250: Best fitness = -1000.000000
Generation 300: Best fitness = -1000.000000
Generation 350: Best fitness = -1000.000000
Generation 400: Best fitness = -1000.000000
Generation 450: Best fitness = -1000.000000
Attempt 380: Current best = 1.848279
Generation 0: Best fitness = -1000.000000
Generation 50: Best fitness = 0.982380
Generation 100: Best fitness = 1.444604
Generation 150: Best fitness = 1.585000
Generation 200: Best fitness = 1.603425
Generation 250: Best fitness = 1.621757
Generation 300: Best fitness = 1.660977
Generation 350: Best fitness = 1.671609
Generation 400: Best fitness = 1.672429
Generation 450: Best fitness = 1.673219
Attempt 381: Current best = 1.848279
Generation 0: Best fitness = -1000.000000
Generation 50: Best fitness = -1000.000000
Generation 100: Best fitness = -1000.000000
Generation 150: Best fitness = -1000.000000
Generation 200: Best fitness = -1000.000000
Generation 250: Best fitness = -1000.000000
Generation 300: Best fitness = -1000.000000
Generation 350: Best fitness = -1000.000000
Generation 400: Best fitness = -1000.000000
Generation 450: Best fitness = -1000.000000
Attempt 382: Current best = 1.848279
Generation 0: Best fitness = -1000.000000
Generation 50: Best fitness = -1000.000000
Generation 100: Best fitness = -1000.000000
Generation 150: Best fitness = -1000.000000
Generation 200: Best fitness = -1000.000000
Generation 250: Best fitness = -1000.000000
Generation 300: Best fitness = -1000.000000
Generation 350: Best fitness = -1000.000000
Generation 400: Best fitness = -1000.000000
Generation 450: Best fitness = -1000.000000
Attempt 383: Current best = 1.848279
Generation 0: Best fitness = -1000.000000
Generation 50: Best fitness = -1000.000000
Generation 100: Best fitness = -1000.000000
Generation 150: Best fitness = -1000.000000
Generation 200: Best fitness = -1000.000000
Generation 250: Best fitness = -1000.000000
Generation 300: Best fitness = -1000.000000
Generation 350: Best fitness = -1000.000000
Generation 400: Best fitness = -1000.000000
Generation 450: Best fitness = -1000.000000
Attempt 384: Current best = 1.848279
Generation 0: Best fitness = -1000.000000
Generation 50: Best fitness = -1000.000000
Generation 100: Best fitness = -1000.000000
Generation 150: Best fitness = -1000.000000
Generation 200: Best fitness = -1000.000000
Generation 250: Best fitness = -1000.000000
Generation 300: Best fitness = -1000.000000
Generation 350: Best fitness = -1000.000000
Generation 400: Best fitness = -1000.000000
Generation 450: Best fitness = -1000.000000
Attempt 385: Current best = 1.848279
Generation 0: Best fitness = -1000.000000
Generation 50: Best fitness = -1000.000000
Generation 100: Best fitness = -1000.000000
Generation 150: Best fitness = -1000.000000
Generation 200: Best fitness = -1000.000000
Generation 250: Best fitness = -1000.000000
Generation 300: Best fitness = -1000.000000
Generation 350: Best fitness = -1000.000000
Generation 400: Best fitness = -1000.000000
Generation 450: Best fitness = -1000.000000
Attempt 386: Current best = 1.848279
Generation 0: Best fitness = -1000.000000
Generation 50: Best fitness = -1000.000000
Generation 100: Best fitness = -1000.000000
Generation 150: Best fitness = -1000.000000
Generation 200: Best fitness = -1000.000000
Generation 250: Best fitness = -1000.000000
Generation 300: Best fitness = -1000.000000
Generation 350: Best fitness = -1000.000000
Generation 400: Best fitness = -1000.000000
Generation 450: Best fitness = -1000.000000
Attempt 387: Current best = 1.848279
Generation 0: Best fitness = -1000.000000
Generation 50: Best fitness = -1000.000000
Generation 100: Best fitness = -1000.000000
Generation 150: Best fitness = -1000.000000
Generation 200: Best fitness = -1000.000000
Generation 250: Best fitness = -1000.000000
Generation 300: Best fitness = -1000.000000
Generation 350: Best fitness = -1000.000000
Generation 400: Best fitness = -1000.000000
Generation 450: Best fitness = -1000.000000
Attempt 388: Current best = 1.848279
Generation 0: Best fitness = -1000.000000
Generation 50: Best fitness = -1000.000000
Generation 100: Best fitness = -1000.000000
Generation 150: Best fitness = -1000.000000
Generation 200: Best fitness = -1000.000000
Generation 250: Best fitness = -1000.000000
Generation 300: Best fitness = -1000.000000
Generation 350: Best fitness = -1000.000000
Generation 400: Best fitness = -1000.000000
Generation 450: Best fitness = -1000.000000
Attempt 389: Current best = 1.848279
Generation 0: Best fitness = -1000.000000
Generation 50: Best fitness = -1000.000000
Generation 100: Best fitness = -1000.000000
Generation 150: Best fitness = -1000.000000
Generation 200: Best fitness = -1000.000000
Generation 250: Best fitness = -1000.000000
Generation 300: Best fitness = -1000.000000
Generation 350: Best fitness = -1000.000000
Generation 400: Best fitness = -1000.000000
Generation 450: Best fitness = -1000.000000
Attempt 390: Current best = 1.848279
Generation 0: Best fitness = -1000.000000
Generation 50: Best fitness = -1000.000000
Generation 100: Best fitness = -1000.000000
Generation 150: Best fitness = -1000.000000
Generation 200: Best fitness = -1000.000000
Generation 250: Best fitness = -1000.000000
Generation 300: Best fitness = -1000.000000
Generation 350: Best fitness = -1000.000000
Generation 400: Best fitness = -1000.000000
Generation 450: Best fitness = -1000.000000
Attempt 391: Current best = 1.848279
Generation 0: Best fitness = -1000.000000
Generation 50: Best fitness = -1000.000000
Generation 100: Best fitness = -1000.000000
Generation 150: Best fitness = -1000.000000
Generation 200: Best fitness = -1000.000000
Generation 250: Best fitness = -1000.000000
Generation 300: Best fitness = -1000.000000
Generation 350: Best fitness = -1000.000000
Generation 400: Best fitness = -1000.000000
Generation 450: Best fitness = -1000.000000
Attempt 392: Current best = 1.848279
Generation 0: Best fitness = -1000.000000
Generation 50: Best fitness = -1000.000000
Generation 100: Best fitness = -1000.000000
Generation 150: Best fitness = -1000.000000
Generation 200: Best fitness = -1000.000000
Generation 250: Best fitness = -1000.000000
Generation 300: Best fitness = -1000.000000
Generation 350: Best fitness = -1000.000000
Generation 400: Best fitness = -1000.000000
Generation 450: Best fitness = -1000.000000
Attempt 393: Current best = 1.848279
Generation 0: Best fitness = -1000.000000
Generation 50: Best fitness = -1000.000000
Generation 100: Best fitness = -1000.000000
Generation 150: Best fitness = -1000.000000
Generation 200: Best fitness = -1000.000000
Generation 250: Best fitness = -1000.000000
Generation 300: Best fitness = -1000.000000
Generation 350: Best fitness = -1000.000000
Generation 400: Best fitness = -1000.000000
Generation 450: Best fitness = -1000.000000
Attempt 394: Current best = 1.848279
Generation 0: Best fitness = -1000.000000
Generation 50: Best fitness = -1000.000000
Generation 100: Best fitness = -1000.000000
Generation 150: Best fitness = -1000.000000
Generation 200: Best fitness = -1000.000000
Generation 250: Best fitness = -1000.000000
Generation 300: Best fitness = -1000.000000
Generation 350: Best fitness = -1000.000000
Generation 400: Best fitness = -1000.000000
Generation 450: Best fitness = -1000.000000
Attempt 395: Current best = 1.848279
Generation 0: Best fitness = -1000.000000
Generation 50: Best fitness = -1000.000000
Generation 100: Best fitness = -1000.000000
Generation 150: Best fitness = -1000.000000
Generation 200: Best fitness = -1000.000000
Generation 250: Best fitness = -1000.000000
Generation 300: Best fitness = -1000.000000
Generation 350: Best fitness = -1000.000000
Generation 400: Best fitness = -1000.000000
Generation 450: Best fitness = -1000.000000
Attempt 396: Current best = 1.848279
Generation 0: Best fitness = -1000.000000
Generation 50: Best fitness = -1000.000000
Generation 100: Best fitness = -1000.000000
Generation 150: Best fitness = -1000.000000
Generation 200: Best fitness = -1000.000000
Generation 250: Best fitness = -1000.000000
Generation 300: Best fitness = -1000.000000
Generation 350: Best fitness = -1000.000000
Generation 400: Best fitness = -1000.000000
Generation 450: Best fitness = -1000.000000
Attempt 397: Current best = 1.848279
Generation 0: Best fitness = -1000.000000
Generation 50: Best fitness = -1000.000000
Generation 100: Best fitness = -1000.000000
Generation 150: Best fitness = -1000.000000
Generation 200: Best fitness = -1000.000000
Generation 250: Best fitness = -1000.000000
Generation 300: Best fitness = -1000.000000
Generation 350: Best fitness = -1000.000000
Generation 400: Best fitness = -1000.000000
Generation 450: Best fitness = -1000.000000
Attempt 398: Current best = 1.848279
Generation 0: Best fitness = -1000.000000
Generation 50: Best fitness = -1000.000000
Generation 100: Best fitness = -1000.000000
Generation 150: Best fitness = -1000.000000
Generation 200: Best fitness = -1000.000000
Generation 250: Best fitness = -1000.000000
Generation 300: Best fitness = -1000.000000
Generation 350: Best fitness = -1000.000000
Generation 400: Best fitness = -1000.000000
Generation 450: Best fitness = -1000.000000
Attempt 399: Current best = 1.848279
Generation 0: Best fitness = -1000.000000
Generation 50: Best fitness = -1000.000000
Generation 100: Best fitness = -1000.000000
Generation 150: Best fitness = -1000.000000
Generation 200: Best fitness = -1000.000000
Generation 250: Best fitness = -1000.000000
Generation 300: Best fitness = -1000.000000
Generation 350: Best fitness = -1000.000000
Generation 400: Best fitness = -1000.000000
Generation 450: Best fitness = -1000.000000
Attempt 400: Current best = 1.848279
Generation 0: Best fitness = -1000.000000
Generation 50: Best fitness = -1000.000000
Generation 100: Best fitness = -1000.000000
Generation 150: Best fitness = -1000.000000
Generation 200: Best fitness = -1000.000000
Generation 250: Best fitness = -1000.000000
Generation 300: Best fitness = -1000.000000
Generation 350: Best fitness = -1000.000000
Generation 400: Best fitness = -1000.000000
Generation 450: Best fitness = -1000.000000
Attempt 401: Current best = 1.848279
Generation 0: Best fitness = -1000.000000
Generation 50: Best fitness = -1000.000000
Generation 100: Best fitness = -1000.000000
Generation 150: Best fitness = -1000.000000
Generation 200: Best fitness = -1000.000000
Generation 250: Best fitness = -1000.000000
Generation 300: Best fitness = -1000.000000
Generation 350: Best fitness = -1000.000000
Generation 400: Best fitness = -1000.000000
Generation 450: Best fitness = -1000.000000
Attempt 402: Current best = 1.848279
Generation 0: Best fitness = -1000.000000
Generation 50: Best fitness = -1000.000000
Generation 100: Best fitness = -1000.000000
Generation 150: Best fitness = -1000.000000
Generation 200: Best fitness = -1000.000000
Generation 250: Best fitness = -1000.000000
Generation 300: Best fitness = -1000.000000
Generation 350: Best fitness = -1000.000000
Generation 400: Best fitness = -1000.000000
Generation 450: Best fitness = -1000.000000
Attempt 403: Current best = 1.848279
Generation 0: Best fitness = -1000.000000
Generation 50: Best fitness = -1000.000000
Generation 100: Best fitness = -1000.000000
Generation 150: Best fitness = -1000.000000
Generation 200: Best fitness = -1000.000000
Generation 250: Best fitness = -1000.000000
Generation 300: Best fitness = -1000.000000
Generation 350: Best fitness = -1000.000000
Generation 400: Best fitness = -1000.000000
Generation 450: Best fitness = -1000.000000
Attempt 404: Current best = 1.848279
Generation 0: Best fitness = -1000.000000
Generation 50: Best fitness = -1000.000000
Generation 100: Best fitness = -1000.000000
Generation 150: Best fitness = -1000.000000
Generation 200: Best fitness = -1000.000000
Generation 250: Best fitness = -1000.000000
Generation 300: Best fitness = -1000.000000
Generation 350: Best fitness = -1000.000000
Generation 400: Best fitness = -1000.000000
Generation 450: Best fitness = -1000.000000
Attempt 405: Current best = 1.848279
Generation 0: Best fitness = -1000.000000
Generation 50: Best fitness = -1000.000000
Generation 100: Best fitness = -1000.000000
Generation 150: Best fitness = -1000.000000
Generation 200: Best fitness = -1000.000000
Generation 250: Best fitness = -1000.000000
Generation 300: Best fitness = -1000.000000
Generation 350: Best fitness = -1000.000000
Generation 400: Best fitness = -1000.000000
Generation 450: Best fitness = -1000.000000
Attempt 406: Current best = 1.848279
Generation 0: Best fitness = -1000.000000
Generation 50: Best fitness = -1000.000000
Generation 100: Best fitness = -1000.000000
Generation 150: Best fitness = -1000.000000
Generation 200: Best fitness = -1000.000000
Generation 250: Best fitness = -1000.000000
Generation 300: Best fitness = -1000.000000
Generation 350: Best fitness = -1000.000000
Generation 400: Best fitness = -1000.000000
Generation 450: Best fitness = -1000.000000
Attempt 407: Current best = 1.848279
Generation 0: Best fitness = -1000.000000
Generation 50: Best fitness = -1000.000000
Generation 100: Best fitness = -1000.000000
Generation 150: Best fitness = -1000.000000
Generation 200: Best fitness = -1000.000000
Generation 250: Best fitness = -1000.000000
Generation 300: Best fitness = -1000.000000
Generation 350: Best fitness = -1000.000000
Generation 400: Best fitness = -1000.000000
Generation 450: Best fitness = -1000.000000
Attempt 408: Current best = 1.848279
Generation 0: Best fitness = -1000.000000
Generation 50: Best fitness = -1000.000000
Generation 100: Best fitness = -1000.000000
Generation 150: Best fitness = -1000.000000
Generation 200: Best fitness = -1000.000000
Generation 250: Best fitness = -1000.000000
Generation 300: Best fitness = -1000.000000
Generation 350: Best fitness = -1000.000000
Generation 400: Best fitness = -1000.000000
Generation 450: Best fitness = -1000.000000
Attempt 409: Current best = 1.848279
Generation 0: Best fitness = -1000.000000
Generation 50: Best fitness = -1000.000000
Generation 100: Best fitness = -1000.000000
Generation 150: Best fitness = -1000.000000
Generation 200: Best fitness = -1000.000000
Generation 250: Best fitness = -1000.000000
Generation 300: Best fitness = -1000.000000
Generation 350: Best fitness = -1000.000000
Generation 400: Best fitness = -1000.000000
Generation 450: Best fitness = -1000.000000
Attempt 410: Current best = 1.848279
Generation 0: Best fitness = -1000.000000
Generation 50: Best fitness = -1000.000000
Generation 100: Best fitness = -1000.000000
Generation 150: Best fitness = -1000.000000
Generation 200: Best fitness = -1000.000000
Generation 250: Best fitness = -1000.000000
Generation 300: Best fitness = -1000.000000
Generation 350: Best fitness = -1000.000000
Generation 400: Best fitness = -1000.000000
Generation 450: Best fitness = -1000.000000
Attempt 411: Current best = 1.848279
Generation 0: Best fitness = -1000.000000
Generation 50: Best fitness = -1000.000000
Generation 100: Best fitness = -1000.000000
Generation 150: Best fitness = -1000.000000
Generation 200: Best fitness = -1000.000000
Generation 250: Best fitness = -1000.000000
Generation 300: Best fitness = -1000.000000
Generation 350: Best fitness = -1000.000000
Generation 400: Best fitness = -1000.000000
Generation 450: Best fitness = -1000.000000
Attempt 412: Current best = 1.848279
Generation 0: Best fitness = -1000.000000
Generation 50: Best fitness = -1000.000000
Generation 100: Best fitness = -1000.000000
Generation 150: Best fitness = -1000.000000
Generation 200: Best fitness = -1000.000000
Generation 250: Best fitness = -1000.000000
Generation 300: Best fitness = -1000.000000
Generation 350: Best fitness = -1000.000000
Generation 400: Best fitness = -1000.000000
Generation 450: Best fitness = -1000.000000
Attempt 413: Current best = 1.848279
Generation 0: Best fitness = -1000.000000
Generation 50: Best fitness = -1000.000000
Generation 100: Best fitness = -1000.000000
Generation 150: Best fitness = -1000.000000
Generation 200: Best fitness = -1000.000000
Generation 250: Best fitness = -1000.000000
Generation 300: Best fitness = -1000.000000
Generation 350: Best fitness = -1000.000000
Generation 400: Best fitness = -1000.000000
Generation 450: Best fitness = -1000.000000
Attempt 414: Current best = 1.848279
Generation 0: Best fitness = -1000.000000
Generation 50: Best fitness = -1000.000000
Generation 100: Best fitness = -1000.000000
Generation 150: Best fitness = -1000.000000
Generation 200: Best fitness = -1000.000000
Generation 250: Best fitness = -1000.000000
Generation 300: Best fitness = -1000.000000
Generation 350: Best fitness = -1000.000000
Generation 400: Best fitness = -1000.000000
Generation 450: Best fitness = -1000.000000
Attempt 415: Current best = 1.848279
Generation 0: Best fitness = -1000.000000
Generation 50: Best fitness = -1000.000000
Generation 100: Best fitness = -1000.000000
Generation 150: Best fitness = -1000.000000
Generation 200: Best fitness = -1000.000000
Generation 250: Best fitness = -1000.000000
Generation 300: Best fitness = -1000.000000
Generation 350: Best fitness = -1000.000000
Generation 400: Best fitness = -1000.000000
Generation 450: Best fitness = -1000.000000
Attempt 416: Current best = 1.848279
Generation 0: Best fitness = -1000.000000
Generation 50: Best fitness = -1000.000000
Generation 100: Best fitness = -1000.000000
Generation 150: Best fitness = -1000.000000
Generation 200: Best fitness = -1000.000000
Generation 250: Best fitness = -1000.000000
Generation 300: Best fitness = -1000.000000
Generation 350: Best fitness = -1000.000000
Generation 400: Best fitness = -1000.000000
Generation 450: Best fitness = -1000.000000
Attempt 417: Current best = 1.848279
Generation 0: Best fitness = -1000.000000
Generation 50: Best fitness = -1000.000000
Generation 100: Best fitness = -1000.000000
Generation 150: Best fitness = -1000.000000
Generation 200: Best fitness = -1000.000000
Generation 250: Best fitness = -1000.000000
Generation 300: Best fitness = -1000.000000
Generation 350: Best fitness = -1000.000000
Generation 400: Best fitness = -1000.000000
Generation 450: Best fitness = -1000.000000
Attempt 418: Current best = 1.848279
Generation 0: Best fitness = -1000.000000
Generation 50: Best fitness = -1000.000000
Generation 100: Best fitness = -1000.000000
Generation 150: Best fitness = -1000.000000
Generation 200: Best fitness = -1000.000000
Generation 250: Best fitness = -1000.000000
Generation 300: Best fitness = -1000.000000
Generation 350: Best fitness = -1000.000000
Generation 400: Best fitness = -1000.000000
Generation 450: Best fitness = -1000.000000
Attempt 419: Current best = 1.848279
Generation 0: Best fitness = -1000.000000
Generation 50: Best fitness = -1000.000000
Generation 100: Best fitness = -1000.000000
Generation 150: Best fitness = -1000.000000
Generation 200: Best fitness = -1000.000000
Generation 250: Best fitness = -1000.000000
Generation 300: Best fitness = -1000.000000
Generation 350: Best fitness = -1000.000000
Generation 400: Best fitness = -1000.000000
Generation 450: Best fitness = -1000.000000
Attempt 420: Current best = 1.848279
Generation 0: Best fitness = -1000.000000
Generation 50: Best fitness = -1000.000000
Generation 100: Best fitness = -1000.000000
Generation 150: Best fitness = -1000.000000
Generation 200: Best fitness = -1000.000000
Generation 250: Best fitness = -1000.000000
Generation 300: Best fitness = -1000.000000
Generation 350: Best fitness = -1000.000000
Generation 400: Best fitness = -1000.000000
Generation 450: Best fitness = -1000.000000
Attempt 421: Current best = 1.848279
Generation 0: Best fitness = -1000.000000
Generation 50: Best fitness = -1000.000000
Generation 100: Best fitness = -1000.000000
Generation 150: Best fitness = -1000.000000
Generation 200: Best fitness = -1000.000000
Generation 250: Best fitness = -1000.000000
Generation 300: Best fitness = -1000.000000
Generation 350: Best fitness = -1000.000000
Generation 400: Best fitness = -1000.000000
Generation 450: Best fitness = -1000.000000
Attempt 422: Current best = 1.848279
Generation 0: Best fitness = -1000.000000
Generation 50: Best fitness = -1000.000000
Generation 100: Best fitness = -1000.000000
Generation 150: Best fitness = -1000.000000
Generation 200: Best fitness = -1000.000000
Generation 250: Best fitness = -1000.000000
Generation 300: Best fitness = -1000.000000
Generation 350: Best fitness = -1000.000000
Generation 400: Best fitness = -1000.000000
Generation 450: Best fitness = -1000.000000
Attempt 423: Current best = 1.848279
Generation 0: Best fitness = -1000.000000
Generation 50: Best fitness = -1000.000000
Generation 100: Best fitness = -1000.000000
Generation 150: Best fitness = -1000.000000
Generation 200: Best fitness = -1000.000000
Generation 250: Best fitness = -1000.000000
Generation 300: Best fitness = -1000.000000
Generation 350: Best fitness = -1000.000000
Generation 400: Best fitness = -1000.000000
Generation 450: Best fitness = -1000.000000
Attempt 424: Current best = 1.848279
Generation 0: Best fitness = -1000.000000
Generation 50: Best fitness = -1000.000000
Generation 100: Best fitness = -1000.000000
Generation 150: Best fitness = -1000.000000
Generation 200: Best fitness = -1000.000000
Generation 250: Best fitness = -1000.000000
Generation 300: Best fitness = -1000.000000
Generation 350: Best fitness = -1000.000000
Generation 400: Best fitness = -1000.000000
Generation 450: Best fitness = -1000.000000
Attempt 425: Current best = 1.848279
Generation 0: Best fitness = -1000.000000
Generation 50: Best fitness = -1000.000000
Generation 100: Best fitness = -1000.000000
Generation 150: Best fitness = -1000.000000
Generation 200: Best fitness = -1000.000000
Generation 250: Best fitness = -1000.000000
Generation 300: Best fitness = -1000.000000
Generation 350: Best fitness = -1000.000000
Generation 400: Best fitness = -1000.000000
Generation 450: Best fitness = -1000.000000
Attempt 426: Current best = 1.848279
Generation 0: Best fitness = -1000.000000
Generation 50: Best fitness = -1000.000000
Generation 100: Best fitness = -1000.000000
Generation 150: Best fitness = -1000.000000
Generation 200: Best fitness = -1000.000000
Generation 250: Best fitness = -1000.000000
Generation 300: Best fitness = -1000.000000
Generation 350: Best fitness = -1000.000000
Generation 400: Best fitness = -1000.000000
Generation 450: Best fitness = -1000.000000
Attempt 427: Current best = 1.848279
Generation 0: Best fitness = -1000.000000
Generation 50: Best fitness = -1000.000000
Generation 100: Best fitness = -1000.000000
Generation 150: Best fitness = -1000.000000
Generation 200: Best fitness = -1000.000000
Generation 250: Best fitness = -1000.000000
Generation 300: Best fitness = -1000.000000
Generation 350: Best fitness = -1000.000000
Generation 400: Best fitness = -1000.000000
Generation 450: Best fitness = -1000.000000
Attempt 428: Current best = 1.848279
Generation 0: Best fitness = -1000.000000
Generation 50: Best fitness = -1000.000000
Generation 100: Best fitness = -1000.000000
Generation 150: Best fitness = -1000.000000
Generation 200: Best fitness = -1000.000000
Generation 250: Best fitness = -1000.000000
Generation 300: Best fitness = -1000.000000
Generation 350: Best fitness = -1000.000000
Generation 400: Best fitness = -1000.000000
Generation 450: Best fitness = -1000.000000
Attempt 429: Current best = 1.848279
Generation 0: Best fitness = -1000.000000
Generation 50: Best fitness = -1000.000000
Generation 100: Best fitness = -1000.000000
Generation 150: Best fitness = -1000.000000
Generation 200: Best fitness = -1000.000000
Generation 250: Best fitness = -1000.000000
Generation 300: Best fitness = -1000.000000
Generation 350: Best fitness = -1000.000000
Generation 400: Best fitness = -1000.000000
Generation 450: Best fitness = -1000.000000
Attempt 430: Current best = 1.848279
Generation 0: Best fitness = -1000.000000
Generation 50: Best fitness = -1000.000000
Generation 100: Best fitness = -1000.000000
Generation 150: Best fitness = -1000.000000
Generation 200: Best fitness = -1000.000000
Generation 250: Best fitness = -1000.000000
Generation 300: Best fitness = -1000.000000
Generation 350: Best fitness = -1000.000000
Generation 400: Best fitness = -1000.000000
Generation 450: Best fitness = -1000.000000
Attempt 431: Current best = 1.848279
Generation 0: Best fitness = -1000.000000
Generation 50: Best fitness = -1000.000000
Generation 100: Best fitness = -1000.000000
Generation 150: Best fitness = -1000.000000
Generation 200: Best fitness = -1000.000000
Generation 250: Best fitness = -1000.000000
Generation 300: Best fitness = -1000.000000
Generation 350: Best fitness = -1000.000000
Generation 400: Best fitness = -1000.000000
Generation 450: Best fitness = -1000.000000
Attempt 432: Current best = 1.848279
Generation 0: Best fitness = -1000.000000
Generation 50: Best fitness = -1000.000000
Generation 100: Best fitness = -1000.000000
Generation 150: Best fitness = -1000.000000
Generation 200: Best fitness = -1000.000000
Generation 250: Best fitness = -1000.000000
Generation 300: Best fitness = -1000.000000
Generation 350: Best fitness = -1000.000000
Generation 400: Best fitness = -1000.000000
Generation 450: Best fitness = -1000.000000
Attempt 433: Current best = 1.848279
Generation 0: Best fitness = -1000.000000
Generation 50: Best fitness = -1000.000000
Generation 100: Best fitness = -1000.000000
Generation 150: Best fitness = -1000.000000
Generation 200: Best fitness = -1000.000000
Generation 250: Best fitness = -1000.000000
Generation 300: Best fitness = -1000.000000
Generation 350: Best fitness = -1000.000000
Generation 400: Best fitness = -1000.000000
Generation 450: Best fitness = -1000.000000
Attempt 434: Current best = 1.848279
Generation 0: Best fitness = -1000.000000
Generation 50: Best fitness = -1000.000000
Generation 100: Best fitness = -1000.000000
Generation 150: Best fitness = -1000.000000
Generation 200: Best fitness = -1000.000000
Generation 250: Best fitness = -1000.000000
Generation 300: Best fitness = -1000.000000
Generation 350: Best fitness = -1000.000000
Generation 400: Best fitness = -1000.000000
Generation 450: Best fitness = -1000.000000
Attempt 435: Current best = 1.848279
Generation 0: Best fitness = -1000.000000
Generation 50: Best fitness = -1000.000000
Generation 100: Best fitness = -1000.000000
Generation 150: Best fitness = -1000.000000
Generation 200: Best fitness = -1000.000000
Generation 250: Best fitness = -1000.000000
Generation 300: Best fitness = -1000.000000
Generation 350: Best fitness = -1000.000000
Generation 400: Best fitness = -1000.000000
Generation 450: Best fitness = -1000.000000
Attempt 436: Current best = 1.848279
Generation 0: Best fitness = -1000.000000
Generation 50: Best fitness = -1000.000000
Generation 100: Best fitness = -1000.000000
Generation 150: Best fitness = -1000.000000
Generation 200: Best fitness = -1000.000000
Generation 250: Best fitness = -1000.000000
Generation 300: Best fitness = -1000.000000
Generation 350: Best fitness = -1000.000000
Generation 400: Best fitness = -1000.000000
Generation 450: Best fitness = -1000.000000
Attempt 437: Current best = 1.848279
Generation 0: Best fitness = -1000.000000
Generation 50: Best fitness = -1000.000000
Generation 100: Best fitness = -1000.000000
Generation 150: Best fitness = -1000.000000
Generation 200: Best fitness = -1000.000000
Generation 250: Best fitness = -1000.000000
Generation 300: Best fitness = -1000.000000
Generation 350: Best fitness = -1000.000000
Generation 400: Best fitness = -1000.000000
Generation 450: Best fitness = -1000.000000
Attempt 438: Current best = 1.848279
Generation 0: Best fitness = -1000.000000
Generation 50: Best fitness = -1000.000000
Generation 100: Best fitness = -1000.000000
Generation 150: Best fitness = -1000.000000
Generation 200: Best fitness = -1000.000000
Generation 250: Best fitness = -1000.000000
Generation 300: Best fitness = -1000.000000
Generation 350: Best fitness = -1000.000000
Generation 400: Best fitness = -1000.000000
Generation 450: Best fitness = -1000.000000
Attempt 439: Current best = 1.848279
Generation 0: Best fitness = -1000.000000
Generation 50: Best fitness = -1000.000000
Generation 100: Best fitness = -1000.000000
Generation 150: Best fitness = -1000.000000
Generation 200: Best fitness = -1000.000000
Generation 250: Best fitness = -1000.000000
Generation 300: Best fitness = -1000.000000
Generation 350: Best fitness = -1000.000000
Generation 400: Best fitness = -1000.000000
Generation 450: Best fitness = -1000.000000
Attempt 440: Current best = 1.848279
Generation 0: Best fitness = -1000.000000
Generation 50: Best fitness = -1000.000000
Generation 100: Best fitness = -1000.000000
Generation 150: Best fitness = -1000.000000
Generation 200: Best fitness = -1000.000000
Generation 250: Best fitness = -1000.000000
Generation 300: Best fitness = -1000.000000
Generation 350: Best fitness = -1000.000000
Generation 400: Best fitness = -1000.000000
Generation 450: Best fitness = -1000.000000
Attempt 441: Current best = 1.848279
Generation 0: Best fitness = -1000.000000
Generation 50: Best fitness = -1000.000000
Generation 100: Best fitness = -1000.000000
Generation 150: Best fitness = -1000.000000
Generation 200: Best fitness = -1000.000000
Generation 250: Best fitness = -1000.000000
Generation 300: Best fitness = -1000.000000
Generation 350: Best fitness = -1000.000000
Generation 400: Best fitness = -1000.000000
Generation 450: Best fitness = -1000.000000
Attempt 442: Current best = 1.848279
Generation 0: Best fitness = -1000.000000
Generation 50: Best fitness = 1.280541
Generation 100: Best fitness = 1.499916
Generation 150: Best fitness = 1.542491
Generation 200: Best fitness = 1.547013
Generation 250: Best fitness = 1.549033
Generation 300: Best fitness = 1.550795
Generation 350: Best fitness = 1.553120
Generation 400: Best fitness = 1.557649
Generation 450: Best fitness = 1.565670
Attempt 443: Current best = 1.848279
Generation 0: Best fitness = -1000.000000
Generation 50: Best fitness = -1000.000000
Generation 100: Best fitness = -1000.000000
Generation 150: Best fitness = -1000.000000
Generation 200: Best fitness = -1000.000000
Generation 250: Best fitness = -1000.000000
Generation 300: Best fitness = -1000.000000
Generation 350: Best fitness = -1000.000000
Generation 400: Best fitness = -1000.000000
Generation 450: Best fitness = -1000.000000
Attempt 444: Current best = 1.848279
Generation 0: Best fitness = -1000.000000
Generation 50: Best fitness = -1000.000000
Generation 100: Best fitness = 0.883617
Generation 150: Best fitness = 1.251156
Generation 200: Best fitness = 1.406685
Generation 250: Best fitness = 1.477591
Generation 300: Best fitness = 1.521267
Generation 350: Best fitness = 1.527602
Generation 400: Best fitness = 1.531635
Generation 450: Best fitness = 1.532154
Attempt 445: Current best = 1.848279
Generation 0: Best fitness = -1000.000000
Generation 50: Best fitness = -1000.000000
Generation 100: Best fitness = -1000.000000
Generation 150: Best fitness = -1000.000000
Generation 200: Best fitness = -1000.000000
Generation 250: Best fitness = -1000.000000
Generation 300: Best fitness = -1000.000000
Generation 350: Best fitness = -1000.000000
Generation 400: Best fitness = -1000.000000
Generation 450: Best fitness = -1000.000000
Attempt 446: Current best = 1.848279
Generation 0: Best fitness = -1000.000000
Generation 50: Best fitness = -1000.000000
Generation 100: Best fitness = -1000.000000
Generation 150: Best fitness = -1000.000000
Generation 200: Best fitness = -1000.000000
Generation 250: Best fitness = -1000.000000
Generation 300: Best fitness = -1000.000000
Generation 350: Best fitness = -1000.000000
Generation 400: Best fitness = -1000.000000
Generation 450: Best fitness = -1000.000000
Attempt 447: Current best = 1.848279
Generation 0: Best fitness = -1000.000000
Generation 50: Best fitness = -1000.000000
Generation 100: Best fitness = -1000.000000
Generation 150: Best fitness = -1000.000000
Generation 200: Best fitness = -1000.000000
Generation 250: Best fitness = -1000.000000
Generation 300: Best fitness = -1000.000000
Generation 350: Best fitness = -1000.000000
Generation 400: Best fitness = -1000.000000
Generation 450: Best fitness = -1000.000000
Attempt 448: Current best = 1.848279
Generation 0: Best fitness = -1000.000000
Generation 50: Best fitness = -1000.000000
Generation 100: Best fitness = -1000.000000
Generation 150: Best fitness = -1000.000000
Generation 200: Best fitness = -1000.000000
Generation 250: Best fitness = -1000.000000
Generation 300: Best fitness = -1000.000000
Generation 350: Best fitness = -1000.000000
Generation 400: Best fitness = -1000.000000
Generation 450: Best fitness = -1000.000000
Attempt 449: Current best = 1.848279
Generation 0: Best fitness = -1000.000000
Generation 50: Best fitness = -1000.000000
Generation 100: Best fitness = -1000.000000
Generation 150: Best fitness = -1000.000000
Generation 200: Best fitness = -1000.000000
Generation 250: Best fitness = -1000.000000
Generation 300: Best fitness = -1000.000000
Generation 350: Best fitness = -1000.000000
Generation 400: Best fitness = -1000.000000
Generation 450: Best fitness = -1000.000000
Attempt 450: Current best = 1.848279
Generation 0: Best fitness = -1000.000000
Generation 50: Best fitness = -1000.000000
Generation 100: Best fitness = -1000.000000
Generation 150: Best fitness = -1000.000000
Generation 200: Best fitness = -1000.000000
Generation 250: Best fitness = -1000.000000
Generation 300: Best fitness = -1000.000000
Generation 350: Best fitness = -1000.000000
Generation 400: Best fitness = -1000.000000
Generation 450: Best fitness = -1000.000000
Attempt 451: Current best = 1.848279
Generation 0: Best fitness = -1000.000000
Generation 50: Best fitness = -1000.000000
Generation 100: Best fitness = -1000.000000
Generation 150: Best fitness = -1000.000000
Generation 200: Best fitness = -1000.000000
Generation 250: Best fitness = -1000.000000
Generation 300: Best fitness = -1000.000000
Generation 350: Best fitness = -1000.000000
Generation 400: Best fitness = -1000.000000
Generation 450: Best fitness = -1000.000000
Attempt 452: Current best = 1.848279
Generation 0: Best fitness = -1000.000000
Generation 50: Best fitness = -1000.000000
Generation 100: Best fitness = -1000.000000
Generation 150: Best fitness = -1000.000000
Generation 200: Best fitness = -1000.000000
Generation 250: Best fitness = -1000.000000
Generation 300: Best fitness = -1000.000000
Generation 350: Best fitness = -1000.000000
Generation 400: Best fitness = -1000.000000
Generation 450: Best fitness = -1000.000000
Attempt 453: Current best = 1.848279
Generation 0: Best fitness = -1000.000000
Generation 50: Best fitness = -1000.000000
Generation 100: Best fitness = -1000.000000
Generation 150: Best fitness = -1000.000000
Generation 200: Best fitness = -1000.000000
Generation 250: Best fitness = -1000.000000
Generation 300: Best fitness = -1000.000000
Generation 350: Best fitness = -1000.000000
Generation 400: Best fitness = -1000.000000
Generation 450: Best fitness = -1000.000000
Attempt 454: Current best = 1.848279
Generation 0: Best fitness = -1000.000000
Generation 50: Best fitness = -1000.000000
Generation 100: Best fitness = -1000.000000
Generation 150: Best fitness = -1000.000000
Generation 200: Best fitness = -1000.000000
Generation 250: Best fitness = -1000.000000
Generation 300: Best fitness = -1000.000000
Generation 350: Best fitness = -1000.000000
Generation 400: Best fitness = -1000.000000
Generation 450: Best fitness = -1000.000000
Attempt 455: Current best = 1.848279
Generation 0: Best fitness = -1000.000000
Generation 50: Best fitness = -1000.000000
Generation 100: Best fitness = -1000.000000
Generation 150: Best fitness = -1000.000000
Generation 200: Best fitness = -1000.000000
Generation 250: Best fitness = -1000.000000
Generation 300: Best fitness = -1000.000000
Generation 350: Best fitness = -1000.000000
Generation 400: Best fitness = -1000.000000
Generation 450: Best fitness = -1000.000000
Attempt 456: Current best = 1.848279
Generation 0: Best fitness = -1000.000000
Generation 50: Best fitness = -1000.000000
Generation 100: Best fitness = -1000.000000
Generation 150: Best fitness = -1000.000000
Generation 200: Best fitness = -1000.000000
Generation 250: Best fitness = -1000.000000
Generation 300: Best fitness = -1000.000000
Generation 350: Best fitness = -1000.000000
Generation 400: Best fitness = -1000.000000
Generation 450: Best fitness = -1000.000000
Attempt 457: Current best = 1.848279
Generation 0: Best fitness = -1000.000000
Generation 50: Best fitness = -1000.000000
Generation 100: Best fitness = -1000.000000
Generation 150: Best fitness = -1000.000000
Generation 200: Best fitness = -1000.000000
Generation 250: Best fitness = -1000.000000
Generation 300: Best fitness = -1000.000000
Generation 350: Best fitness = -1000.000000
Generation 400: Best fitness = -1000.000000
Generation 450: Best fitness = -1000.000000
Attempt 458: Current best = 1.848279
Generation 0: Best fitness = -1000.000000
Generation 50: Best fitness = -1000.000000
Generation 100: Best fitness = -1000.000000
Generation 150: Best fitness = -1000.000000
Generation 200: Best fitness = -1000.000000
Generation 250: Best fitness = -1000.000000
Generation 300: Best fitness = -1000.000000
Generation 350: Best fitness = -1000.000000
Generation 400: Best fitness = -1000.000000
Generation 450: Best fitness = -1000.000000
Attempt 459: Current best = 1.848279
Generation 0: Best fitness = -1000.000000
Generation 50: Best fitness = -1000.000000
Generation 100: Best fitness = -1000.000000
Generation 150: Best fitness = -1000.000000
Generation 200: Best fitness = -1000.000000
Generation 250: Best fitness = -1000.000000
Generation 300: Best fitness = -1000.000000
Generation 350: Best fitness = -1000.000000
Generation 400: Best fitness = -1000.000000
Generation 450: Best fitness = -1000.000000
Attempt 460: Current best = 1.848279
Generation 0: Best fitness = -1000.000000
Generation 50: Best fitness = -1000.000000
Generation 100: Best fitness = -1000.000000
Generation 150: Best fitness = -1000.000000
Generation 200: Best fitness = -1000.000000
Generation 250: Best fitness = -1000.000000
Generation 300: Best fitness = -1000.000000
Generation 350: Best fitness = -1000.000000
Generation 400: Best fitness = -1000.000000
Generation 450: Best fitness = -1000.000000
Attempt 461: Current best = 1.848279
Generation 0: Best fitness = -1000.000000
Generation 50: Best fitness = -1000.000000
Generation 100: Best fitness = -1000.000000
Generation 150: Best fitness = -1000.000000
Generation 200: Best fitness = -1000.000000
Generation 250: Best fitness = -1000.000000
Generation 300: Best fitness = -1000.000000
Generation 350: Best fitness = -1000.000000
Generation 400: Best fitness = -1000.000000
Generation 450: Best fitness = -1000.000000
Attempt 462: Current best = 1.848279
Generation 0: Best fitness = -1000.000000
Generation 50: Best fitness = -1000.000000
Generation 100: Best fitness = -1000.000000
Generation 150: Best fitness = -1000.000000
Generation 200: Best fitness = -1000.000000
Generation 250: Best fitness = -1000.000000
Generation 300: Best fitness = -1000.000000
Generation 350: Best fitness = -1000.000000
Generation 400: Best fitness = -1000.000000
Generation 450: Best fitness = -1000.000000
Attempt 463: Current best = 1.848279
Generation 0: Best fitness = -1000.000000
Generation 50: Best fitness = -1000.000000
Generation 100: Best fitness = -1000.000000
Generation 150: Best fitness = -1000.000000
Generation 200: Best fitness = -1000.000000
Generation 250: Best fitness = -1000.000000
Generation 300: Best fitness = -1000.000000
Generation 350: Best fitness = -1000.000000
Generation 400: Best fitness = -1000.000000
Generation 450: Best fitness = -1000.000000
Attempt 464: Current best = 1.848279
Generation 0: Best fitness = -1000.000000
Generation 50: Best fitness = -1000.000000
Generation 100: Best fitness = -1000.000000
Generation 150: Best fitness = -1000.000000
Generation 200: Best fitness = -1000.000000
Generation 250: Best fitness = -1000.000000
Generation 300: Best fitness = -1000.000000
Generation 350: Best fitness = -1000.000000
Generation 400: Best fitness = -1000.000000
Generation 450: Best fitness = -1000.000000
Attempt 465: Current best = 1.848279
Generation 0: Best fitness = -1000.000000
Generation 50: Best fitness = -1000.000000
Generation 100: Best fitness = -1000.000000
Generation 150: Best fitness = -1000.000000
Generation 200: Best fitness = -1000.000000
Generation 250: Best fitness = -1000.000000
Generation 300: Best fitness = -1000.000000
Generation 350: Best fitness = -1000.000000
Generation 400: Best fitness = -1000.000000
Generation 450: Best fitness = -1000.000000
Attempt 466: Current best = 1.848279
Generation 0: Best fitness = -1000.000000
Generation 50: Best fitness = -1000.000000
Generation 100: Best fitness = -1000.000000
Generation 150: Best fitness = -1000.000000
Generation 200: Best fitness = -1000.000000
Generation 250: Best fitness = -1000.000000
Generation 300: Best fitness = -1000.000000
Generation 350: Best fitness = -1000.000000
Generation 400: Best fitness = -1000.000000
Generation 450: Best fitness = -1000.000000
Attempt 467: Current best = 1.848279
Generation 0: Best fitness = -1000.000000
Generation 50: Best fitness = -1000.000000
Generation 100: Best fitness = -1000.000000
Generation 150: Best fitness = -1000.000000
Generation 200: Best fitness = -1000.000000
Generation 250: Best fitness = -1000.000000
Generation 300: Best fitness = -1000.000000
Generation 350: Best fitness = -1000.000000
Generation 400: Best fitness = -1000.000000
Generation 450: Best fitness = -1000.000000
Attempt 468: Current best = 1.848279
Generation 0: Best fitness = -1000.000000
Generation 50: Best fitness = 1.060779
Generation 100: Best fitness = 1.233591
Generation 150: Best fitness = 1.336527
Generation 200: Best fitness = 1.381640
Generation 250: Best fitness = 1.387990
Generation 300: Best fitness = 1.389340
Generation 350: Best fitness = 1.389861
Generation 400: Best fitness = 1.390188
Generation 450: Best fitness = 1.390583
Attempt 469: Current best = 1.848279
Generation 0: Best fitness = -1000.000000
Generation 50: Best fitness = -1000.000000
Generation 100: Best fitness = -1000.000000
Generation 150: Best fitness = -1000.000000
Generation 200: Best fitness = -1000.000000
Generation 250: Best fitness = -1000.000000
Generation 300: Best fitness = -1000.000000
Generation 350: Best fitness = -1000.000000
Generation 400: Best fitness = -1000.000000
Generation 450: Best fitness = -1000.000000
Attempt 470: Current best = 1.848279
Generation 0: Best fitness = -1000.000000
Generation 50: Best fitness = -1000.000000
Generation 100: Best fitness = -1000.000000
Generation 150: Best fitness = -1000.000000
Generation 200: Best fitness = -1000.000000
Generation 250: Best fitness = -1000.000000
Generation 300: Best fitness = -1000.000000
Generation 350: Best fitness = -1000.000000
Generation 400: Best fitness = -1000.000000
Generation 450: Best fitness = -1000.000000
Attempt 471: Current best = 1.848279
Generation 0: Best fitness = -1000.000000
Generation 50: Best fitness = -1000.000000
Generation 100: Best fitness = -1000.000000
Generation 150: Best fitness = -1000.000000
Generation 200: Best fitness = -1000.000000
Generation 250: Best fitness = -1000.000000
Generation 300: Best fitness = -1000.000000
Generation 350: Best fitness = -1000.000000
Generation 400: Best fitness = -1000.000000
Generation 450: Best fitness = -1000.000000
Attempt 472: Current best = 1.848279
Generation 0: Best fitness = -1000.000000
Generation 50: Best fitness = -1000.000000
Generation 100: Best fitness = -1000.000000
Generation 150: Best fitness = -1000.000000
Generation 200: Best fitness = -1000.000000
Generation 250: Best fitness = -1000.000000
Generation 300: Best fitness = -1000.000000
Generation 350: Best fitness = -1000.000000
Generation 400: Best fitness = -1000.000000
Generation 450: Best fitness = -1000.000000
Attempt 473: Current best = 1.848279
Generation 0: Best fitness = -1000.000000
Generation 50: Best fitness = -1000.000000
Generation 100: Best fitness = -1000.000000
Generation 150: Best fitness = -1000.000000
Generation 200: Best fitness = -1000.000000
Generation 250: Best fitness = -1000.000000
Generation 300: Best fitness = -1000.000000
Generation 350: Best fitness = -1000.000000
Generation 400: Best fitness = -1000.000000
Generation 450: Best fitness = -1000.000000
Attempt 474: Current best = 1.848279
Generation 0: Best fitness = -1000.000000
Generation 50: Best fitness = -1000.000000
Generation 100: Best fitness = -1000.000000
Generation 150: Best fitness = -1000.000000
Generation 200: Best fitness = -1000.000000
Generation 250: Best fitness = -1000.000000
Generation 300: Best fitness = -1000.000000
Generation 350: Best fitness = -1000.000000
Generation 400: Best fitness = -1000.000000
Generation 450: Best fitness = -1000.000000
Attempt 475: Current best = 1.848279
Generation 0: Best fitness = -1000.000000
Generation 50: Best fitness = -1000.000000
Generation 100: Best fitness = -1000.000000
Generation 150: Best fitness = -1000.000000
Generation 200: Best fitness = -1000.000000
Generation 250: Best fitness = -1000.000000
Generation 300: Best fitness = -1000.000000
Generation 350: Best fitness = -1000.000000
Generation 400: Best fitness = -1000.000000
Generation 450: Best fitness = -1000.000000
Attempt 476: Current best = 1.848279
Generation 0: Best fitness = -1000.000000
Generation 50: Best fitness = -1000.000000
Generation 100: Best fitness = -1000.000000
Generation 150: Best fitness = -1000.000000
Generation 200: Best fitness = -1000.000000
Generation 250: Best fitness = -1000.000000
Generation 300: Best fitness = -1000.000000
Generation 350: Best fitness = -1000.000000
Generation 400: Best fitness = -1000.000000
Generation 450: Best fitness = -1000.000000
Attempt 477: Current best = 1.848279
Generation 0: Best fitness = -1000.000000
Generation 50: Best fitness = -1000.000000
Generation 100: Best fitness = -1000.000000
Generation 150: Best fitness = -1000.000000
Generation 200: Best fitness = -1000.000000
Generation 250: Best fitness = -1000.000000
Generation 300: Best fitness = -1000.000000
Generation 350: Best fitness = -1000.000000
Generation 400: Best fitness = -1000.000000
Generation 450: Best fitness = -1000.000000
Attempt 478: Current best = 1.848279
Generation 0: Best fitness = -1000.000000
Generation 50: Best fitness = -1000.000000
Generation 100: Best fitness = -1000.000000
Generation 150: Best fitness = -1000.000000
Generation 200: Best fitness = -1000.000000
Generation 250: Best fitness = -1000.000000
Generation 300: Best fitness = -1000.000000
Generation 350: Best fitness = -1000.000000
Generation 400: Best fitness = -1000.000000
Generation 450: Best fitness = -1000.000000
Attempt 479: Current best = 1.848279
Generation 0: Best fitness = -1000.000000
Generation 50: Best fitness = -1000.000000
Generation 100: Best fitness = -1000.000000
Generation 150: Best fitness = -1000.000000
Generation 200: Best fitness = -1000.000000
Generation 250: Best fitness = -1000.000000
Generation 300: Best fitness = -1000.000000
Generation 350: Best fitness = -1000.000000
Generation 400: Best fitness = -1000.000000
Generation 450: Best fitness = -1000.000000
Attempt 480: Current best = 1.848279
Generation 0: Best fitness = -1000.000000
Generation 50: Best fitness = -1000.000000
Generation 100: Best fitness = -1000.000000
Generation 150: Best fitness = -1000.000000
Generation 200: Best fitness = -1000.000000
Generation 250: Best fitness = -1000.000000
Generation 300: Best fitness = -1000.000000
Generation 350: Best fitness = -1000.000000
Generation 400: Best fitness = -1000.000000
Generation 450: Best fitness = -1000.000000
Attempt 481: Current best = 1.848279
Generation 0: Best fitness = -1000.000000
Generation 50: Best fitness = -1000.000000
Generation 100: Best fitness = -1000.000000
Generation 150: Best fitness = -1000.000000
Generation 200: Best fitness = -1000.000000
Generation 250: Best fitness = -1000.000000
Generation 300: Best fitness = -1000.000000
Generation 350: Best fitness = -1000.000000
Generation 400: Best fitness = -1000.000000
Generation 450: Best fitness = -1000.000000
Attempt 482: Current best = 1.848279
Generation 0: Best fitness = -1000.000000
Generation 50: Best fitness = -1000.000000
Generation 100: Best fitness = -1000.000000
Generation 150: Best fitness = -1000.000000
Generation 200: Best fitness = -1000.000000
Generation 250: Best fitness = -1000.000000
Generation 300: Best fitness = -1000.000000
Generation 350: Best fitness = -1000.000000
Generation 400: Best fitness = -1000.000000
Generation 450: Best fitness = -1000.000000
Attempt 483: Current best = 1.848279
Generation 0: Best fitness = -1000.000000
Generation 50: Best fitness = -1000.000000
Generation 100: Best fitness = -1000.000000
Generation 150: Best fitness = -1000.000000
Generation 200: Best fitness = -1000.000000
Generation 250: Best fitness = -1000.000000
Generation 300: Best fitness = -1000.000000
Generation 350: Best fitness = -1000.000000
Generation 400: Best fitness = -1000.000000
Generation 450: Best fitness = -1000.000000
Attempt 484: Current best = 1.848279
Generation 0: Best fitness = -1000.000000
Generation 50: Best fitness = -1000.000000
Generation 100: Best fitness = -1000.000000
Generation 150: Best fitness = -1000.000000
Generation 200: Best fitness = -1000.000000
Generation 250: Best fitness = -1000.000000
Generation 300: Best fitness = -1000.000000
Generation 350: Best fitness = -1000.000000
Generation 400: Best fitness = -1000.000000
Generation 450: Best fitness = -1000.000000
Attempt 485: Current best = 1.848279
Generation 0: Best fitness = -1000.000000
Generation 50: Best fitness = -1000.000000
Generation 100: Best fitness = -1000.000000
Generation 150: Best fitness = -1000.000000
Generation 200: Best fitness = -1000.000000
Generation 250: Best fitness = -1000.000000
Generation 300: Best fitness = -1000.000000
Generation 350: Best fitness = -1000.000000
Generation 400: Best fitness = -1000.000000
Generation 450: Best fitness = -1000.000000
Attempt 486: Current best = 1.848279
Generation 0: Best fitness = -1000.000000
Generation 50: Best fitness = -1000.000000
Generation 100: Best fitness = -1000.000000
Generation 150: Best fitness = -1000.000000
Generation 200: Best fitness = -1000.000000
Generation 250: Best fitness = -1000.000000
Generation 300: Best fitness = -1000.000000
Generation 350: Best fitness = -1000.000000
Generation 400: Best fitness = -1000.000000
Generation 450: Best fitness = -1000.000000
Attempt 487: Current best = 1.848279
Generation 0: Best fitness = -1000.000000
Generation 50: Best fitness = -1000.000000
Generation 100: Best fitness = -1000.000000
Generation 150: Best fitness = -1000.000000
Generation 200: Best fitness = -1000.000000
Generation 250: Best fitness = -1000.000000
Generation 300: Best fitness = -1000.000000
Generation 350: Best fitness = -1000.000000
Generation 400: Best fitness = -1000.000000
Generation 450: Best fitness = -1000.000000
Attempt 488: Current best = 1.848279
Generation 0: Best fitness = -1000.000000
Generation 50: Best fitness = -1000.000000
Generation 100: Best fitness = -1000.000000
Generation 150: Best fitness = -1000.000000
Generation 200: Best fitness = -1000.000000
Generation 250: Best fitness = -1000.000000
Generation 300: Best fitness = -1000.000000
Generation 350: Best fitness = -1000.000000
Generation 400: Best fitness = -1000.000000
Generation 450: Best fitness = -1000.000000
Attempt 489: Current best = 1.848279
Generation 0: Best fitness = -1000.000000
Generation 50: Best fitness = -1000.000000
Generation 100: Best fitness = -1000.000000
Generation 150: Best fitness = -1000.000000
Generation 200: Best fitness = -1000.000000
Generation 250: Best fitness = -1000.000000
Generation 300: Best fitness = -1000.000000
Generation 350: Best fitness = -1000.000000
Generation 400: Best fitness = -1000.000000
Generation 450: Best fitness = -1000.000000
Attempt 490: Current best = 1.848279
Generation 0: Best fitness = -1000.000000
Generation 50: Best fitness = -1000.000000
Generation 100: Best fitness = -1000.000000
Generation 150: Best fitness = -1000.000000
Generation 200: Best fitness = -1000.000000
Generation 250: Best fitness = -1000.000000
Generation 300: Best fitness = -1000.000000
Generation 350: Best fitness = -1000.000000
Generation 400: Best fitness = -1000.000000
Generation 450: Best fitness = -1000.000000
Attempt 491: Current best = 1.848279
Generation 0: Best fitness = -1000.000000
Generation 50: Best fitness = -1000.000000
Generation 100: Best fitness = -1000.000000
Generation 150: Best fitness = -1000.000000
Generation 200: Best fitness = -1000.000000
Generation 250: Best fitness = -1000.000000
Generation 300: Best fitness = -1000.000000
Generation 350: Best fitness = -1000.000000
Generation 400: Best fitness = -1000.000000
Generation 450: Best fitness = -1000.000000
Attempt 492: Current best = 1.848279
Generation 0: Best fitness = -1000.000000
Generation 50: Best fitness = -1000.000000
Generation 100: Best fitness = -1000.000000
Generation 150: Best fitness = -1000.000000
Generation 200: Best fitness = -1000.000000
Generation 250: Best fitness = -1000.000000
Generation 300: Best fitness = -1000.000000
Generation 350: Best fitness = -1000.000000
Generation 400: Best fitness = -1000.000000
Generation 450: Best fitness = -1000.000000
Attempt 493: Current best = 1.848279
Generation 0: Best fitness = -1000.000000
Generation 50: Best fitness = -1000.000000
Generation 100: Best fitness = -1000.000000
Generation 150: Best fitness = -1000.000000
Generation 200: Best fitness = -1000.000000
Generation 250: Best fitness = -1000.000000
Generation 300: Best fitness = -1000.000000
Generation 350: Best fitness = -1000.000000
Generation 400: Best fitness = -1000.000000
Generation 450: Best fitness = -1000.000000
Attempt 494: Current best = 1.848279
Generation 0: Best fitness = -1000.000000
Generation 50: Best fitness = -1000.000000
Generation 100: Best fitness = -1000.000000
Generation 150: Best fitness = -1000.000000
Generation 200: Best fitness = -1000.000000
Generation 250: Best fitness = -1000.000000
Generation 300: Best fitness = -1000.000000
Generation 350: Best fitness = -1000.000000
Generation 400: Best fitness = -1000.000000
Generation 450: Best fitness = -1000.000000
Attempt 495: Current best = 1.848279
Generation 0: Best fitness = -1000.000000
Generation 50: Best fitness = -1000.000000
Generation 100: Best fitness = -1000.000000
Generation 150: Best fitness = -1000.000000
Generation 200: Best fitness = -1000.000000
Generation 250: Best fitness = -1000.000000
Generation 300: Best fitness = -1000.000000
Generation 350: Best fitness = -1000.000000
Generation 400: Best fitness = -1000.000000
Generation 450: Best fitness = -1000.000000
Attempt 496: Current best = 1.848279
Generation 0: Best fitness = -1000.000000
Generation 50: Best fitness = -1000.000000
Generation 100: Best fitness = -1000.000000
Generation 150: Best fitness = -1000.000000
Generation 200: Best fitness = -1000.000000
Generation 250: Best fitness = -1000.000000
Generation 300: Best fitness = -1000.000000
Generation 350: Best fitness = -1000.000000
Generation 400: Best fitness = -1000.000000
Generation 450: Best fitness = -1000.000000
Attempt 497: Current best = 1.848279
Generation 0: Best fitness = -1000.000000
Generation 50: Best fitness = -1000.000000
Generation 100: Best fitness = -1000.000000
Generation 150: Best fitness = -1000.000000
Generation 200: Best fitness = -1000.000000
Generation 250: Best fitness = -1000.000000
Generation 300: Best fitness = -1000.000000
Generation 350: Best fitness = -1000.000000
Generation 400: Best fitness = -1000.000000
Generation 450: Best fitness = -1000.000000
Attempt 498: Current best = 1.848279
Generation 0: Best fitness = -1000.000000
Generation 50: Best fitness = -1000.000000
Generation 100: Best fitness = -1000.000000
Generation 150: Best fitness = -1000.000000
Generation 200: Best fitness = -1000.000000
Generation 250: Best fitness = -1000.000000
Generation 300: Best fitness = -1000.000000
Generation 350: Best fitness = -1000.000000
Generation 400: Best fitness = -1000.000000
Generation 450: Best fitness = -1000.000000
Attempt 499: Current best = 1.848279
Generation 0: Best fitness = -1000.000000
Generation 50: Best fitness = -1000.000000
Generation 100: Best fitness = -1000.000000
Generation 150: Best fitness = -1000.000000
Generation 200: Best fitness = -1000.000000
Generation 250: Best fitness = -1000.000000
Generation 300: Best fitness = -1000.000000
Generation 350: Best fitness = -1000.000000
Generation 400: Best fitness = -1000.000000
Generation 450: Best fitness = -1000.000000
Attempt 500: Current best = 1.848279
Generation 0: Best fitness = -1000.000000
Generation 50: Best fitness = -1000.000000
Generation 100: Best fitness = -1000.000000
Generation 150: Best fitness = -1000.000000
Generation 200: Best fitness = -1000.000000
Generation 250: Best fitness = -1000.000000
Generation 300: Best fitness = -1000.000000
Generation 350: Best fitness = -1000.000000
Generation 400: Best fitness = -1000.000000
Generation 450: Best fitness = -1000.000000
Attempt 501: Current best = 1.848279
Generation 0: Best fitness = -1000.000000
Generation 50: Best fitness = -1000.000000
Generation 100: Best fitness = -1000.000000
Generation 150: Best fitness = -1000.000000
Generation 200: Best fitness = -1000.000000
Generation 250: Best fitness = -1000.000000
Generation 300: Best fitness = -1000.000000
Generation 350: Best fitness = -1000.000000
Generation 400: Best fitness = -1000.000000
Generation 450: Best fitness = -1000.000000
Attempt 502: Current best = 1.848279
Generation 0: Best fitness = -1000.000000
Generation 50: Best fitness = -1000.000000
Generation 100: Best fitness = -1000.000000
Generation 150: Best fitness = -1000.000000
Generation 200: Best fitness = -1000.000000
Generation 250: Best fitness = -1000.000000
Generation 300: Best fitness = -1000.000000
Generation 350: Best fitness = -1000.000000
Generation 400: Best fitness = -1000.000000
Generation 450: Best fitness = -1000.000000
Attempt 503: Current best = 1.848279
Generation 0: Best fitness = -1000.000000
Generation 50: Best fitness = -1000.000000
Generation 100: Best fitness = -1000.000000
Generation 150: Best fitness = -1000.000000
Generation 200: Best fitness = -1000.000000
Generation 250: Best fitness = -1000.000000
Generation 300: Best fitness = -1000.000000
Generation 350: Best fitness = -1000.000000
Generation 400: Best fitness = -1000.000000
Generation 450: Best fitness = -1000.000000
Attempt 504: Current best = 1.848279
Generation 0: Best fitness = -1000.000000
Generation 50: Best fitness = -1000.000000
Generation 100: Best fitness = -1000.000000
Generation 150: Best fitness = -1000.000000
Generation 200: Best fitness = -1000.000000
Generation 250: Best fitness = -1000.000000
Generation 300: Best fitness = -1000.000000
Generation 350: Best fitness = -1000.000000
Generation 400: Best fitness = -1000.000000
Generation 450: Best fitness = -1000.000000
Attempt 505: Current best = 1.848279
Generation 0: Best fitness = -1000.000000
Generation 50: Best fitness = -1000.000000
Generation 100: Best fitness = -1000.000000
Generation 150: Best fitness = -1000.000000
Generation 200: Best fitness = -1000.000000
Generation 250: Best fitness = -1000.000000
Generation 300: Best fitness = -1000.000000
Generation 350: Best fitness = -1000.000000
Generation 400: Best fitness = -1000.000000
Generation 450: Best fitness = -1000.000000
Attempt 506: Current best = 1.848279
Generation 0: Best fitness = -1000.000000
Generation 50: Best fitness = -1000.000000
Generation 100: Best fitness = -1000.000000
Generation 150: Best fitness = -1000.000000
Generation 200: Best fitness = -1000.000000
Generation 250: Best fitness = -1000.000000
Generation 300: Best fitness = -1000.000000
Generation 350: Best fitness = -1000.000000
Generation 400: Best fitness = -1000.000000
Generation 450: Best fitness = -1000.000000
Attempt 507: Current best = 1.848279
Generation 0: Best fitness = -1000.000000
Generation 50: Best fitness = -1000.000000
Generation 100: Best fitness = -1000.000000
Generation 150: Best fitness = -1000.000000
Generation 200: Best fitness = -1000.000000
Generation 250: Best fitness = -1000.000000
Generation 300: Best fitness = -1000.000000
Generation 350: Best fitness = -1000.000000
Generation 400: Best fitness = -1000.000000
Generation 450: Best fitness = -1000.000000
Attempt 508: Current best = 1.848279
Generation 0: Best fitness = -1000.000000
Generation 50: Best fitness = -1000.000000
Generation 100: Best fitness = -1000.000000
Generation 150: Best fitness = -1000.000000
Generation 200: Best fitness = -1000.000000
Generation 250: Best fitness = -1000.000000
Generation 300: Best fitness = -1000.000000
Generation 350: Best fitness = -1000.000000
Generation 400: Best fitness = -1000.000000
Generation 450: Best fitness = -1000.000000
Attempt 509: Current best = 1.848279
Generation 0: Best fitness = -1000.000000
Generation 50: Best fitness = -1000.000000
Generation 100: Best fitness = -1000.000000
Generation 150: Best fitness = -1000.000000
Generation 200: Best fitness = -1000.000000
Generation 250: Best fitness = -1000.000000
Generation 300: Best fitness = -1000.000000
Generation 350: Best fitness = -1000.000000
Generation 400: Best fitness = -1000.000000
Generation 450: Best fitness = -1000.000000
Attempt 510: Current best = 1.848279
Generation 0: Best fitness = -1000.000000
Generation 50: Best fitness = -1000.000000
Generation 100: Best fitness = -1000.000000
Generation 150: Best fitness = -1000.000000
Generation 200: Best fitness = -1000.000000
Generation 250: Best fitness = -1000.000000
Generation 300: Best fitness = -1000.000000
Generation 350: Best fitness = -1000.000000
Generation 400: Best fitness = -1000.000000
Generation 450: Best fitness = -1000.000000
Attempt 511: Current best = 1.848279
Generation 0: Best fitness = -1000.000000
Generation 50: Best fitness = -1000.000000
Generation 100: Best fitness = -1000.000000
Generation 150: Best fitness = -1000.000000
Generation 200: Best fitness = -1000.000000
Generation 250: Best fitness = -1000.000000
Generation 300: Best fitness = -1000.000000
Generation 350: Best fitness = -1000.000000
Generation 400: Best fitness = -1000.000000
Generation 450: Best fitness = -1000.000000
Attempt 512: Current best = 1.848279
Generation 0: Best fitness = -1000.000000
Generation 50: Best fitness = 1.593993
Generation 100: Best fitness = 1.711168
Generation 150: Best fitness = 1.729956
Generation 200: Best fitness = 1.735027
Generation 250: Best fitness = 1.744686
Generation 300: Best fitness = 1.754579
Generation 350: Best fitness = 1.765558
Generation 400: Best fitness = 1.771410
Generation 450: Best fitness = 1.778614
Attempt 513: Current best = 1.848279
Generation 0: Best fitness = -1000.000000
Generation 50: Best fitness = -1000.000000
Generation 100: Best fitness = -1000.000000
Generation 150: Best fitness = -1000.000000
Generation 200: Best fitness = -1000.000000
Generation 250: Best fitness = -1000.000000
Generation 300: Best fitness = -1000.000000
Generation 350: Best fitness = -1000.000000
Generation 400: Best fitness = -1000.000000
Generation 450: Best fitness = -1000.000000
Attempt 514: Current best = 1.848279
Generation 0: Best fitness = -1000.000000
Generation 50: Best fitness = -1000.000000
Generation 100: Best fitness = -1000.000000
Generation 150: Best fitness = -1000.000000
Generation 200: Best fitness = -1000.000000
Generation 250: Best fitness = -1000.000000
Generation 300: Best fitness = -1000.000000
Generation 350: Best fitness = -1000.000000
Generation 400: Best fitness = -1000.000000
Generation 450: Best fitness = -1000.000000
Attempt 515: Current best = 1.848279
Generation 0: Best fitness = -1000.000000
Generation 50: Best fitness = -1000.000000
Generation 100: Best fitness = -1000.000000
Generation 150: Best fitness = -1000.000000
Generation 200: Best fitness = -1000.000000
Generation 250: Best fitness = -1000.000000
Generation 300: Best fitness = -1000.000000
Generation 350: Best fitness = -1000.000000
Generation 400: Best fitness = -1000.000000
Generation 450: Best fitness = -1000.000000
Attempt 516: Current best = 1.848279
Generation 0: Best fitness = -1000.000000
Generation 50: Best fitness = -1000.000000
Generation 100: Best fitness = -1000.000000
Generation 150: Best fitness = -1000.000000
Generation 200: Best fitness = -1000.000000
Generation 250: Best fitness = -1000.000000
Generation 300: Best fitness = -1000.000000
Generation 350: Best fitness = -1000.000000
Generation 400: Best fitness = -1000.000000
Generation 450: Best fitness = -1000.000000
Attempt 517: Current best = 1.848279
Generation 0: Best fitness = -1000.000000
Generation 50: Best fitness = -1000.000000
Generation 100: Best fitness = -1000.000000
Generation 150: Best fitness = -1000.000000
Generation 200: Best fitness = -1000.000000
Generation 250: Best fitness = -1000.000000
Generation 300: Best fitness = -1000.000000
Generation 350: Best fitness = -1000.000000
Generation 400: Best fitness = -1000.000000
Generation 450: Best fitness = -1000.000000
Attempt 518: Current best = 1.848279
Generation 0: Best fitness = -1000.000000
Generation 50: Best fitness = -1000.000000
Generation 100: Best fitness = -1000.000000
Generation 150: Best fitness = -1000.000000
Generation 200: Best fitness = -1000.000000
Generation 250: Best fitness = -1000.000000
Generation 300: Best fitness = -1000.000000
Generation 350: Best fitness = -1000.000000
Generation 400: Best fitness = -1000.000000
Generation 450: Best fitness = -1000.000000
Attempt 519: Current best = 1.848279
Generation 0: Best fitness = -1000.000000
Generation 50: Best fitness = -1000.000000
Generation 100: Best fitness = -1000.000000
Generation 150: Best fitness = -1000.000000
Generation 200: Best fitness = -1000.000000
Generation 250: Best fitness = -1000.000000
Generation 300: Best fitness = -1000.000000
Generation 350: Best fitness = -1000.000000
Generation 400: Best fitness = -1000.000000
Generation 450: Best fitness = -1000.000000
Attempt 520: Current best = 1.848279
Generation 0: Best fitness = -1000.000000
Generation 50: Best fitness = -1000.000000
Generation 100: Best fitness = -1000.000000
Generation 150: Best fitness = -1000.000000
Generation 200: Best fitness = -1000.000000
Generation 250: Best fitness = -1000.000000
Generation 300: Best fitness = -1000.000000
Generation 350: Best fitness = -1000.000000
Generation 400: Best fitness = -1000.000000
Generation 450: Best fitness = -1000.000000
Attempt 521: Current best = 1.848279
Generation 0: Best fitness = -1000.000000
Generation 50: Best fitness = -1000.000000
Generation 100: Best fitness = -1000.000000
Generation 150: Best fitness = -1000.000000
Generation 200: Best fitness = -1000.000000
Generation 250: Best fitness = -1000.000000
Generation 300: Best fitness = -1000.000000
Generation 350: Best fitness = -1000.000000
Generation 400: Best fitness = -1000.000000
Generation 450: Best fitness = -1000.000000
Attempt 522: Current best = 1.848279
Generation 0: Best fitness = -1000.000000
Generation 50: Best fitness = -1000.000000
Generation 100: Best fitness = -1000.000000
Generation 150: Best fitness = -1000.000000
Generation 200: Best fitness = -1000.000000
Generation 250: Best fitness = -1000.000000
Generation 300: Best fitness = -1000.000000
Generation 350: Best fitness = -1000.000000
Generation 400: Best fitness = -1000.000000
Generation 450: Best fitness = -1000.000000
Attempt 523: Current best = 1.848279
Generation 0: Best fitness = -1000.000000
Generation 50: Best fitness = -1000.000000
Generation 100: Best fitness = -1000.000000
Generation 150: Best fitness = -1000.000000
Generation 200: Best fitness = -1000.000000
Generation 250: Best fitness = -1000.000000
Generation 300: Best fitness = -1000.000000
Generation 350: Best fitness = -1000.000000
Generation 400: Best fitness = -1000.000000
Generation 450: Best fitness = -1000.000000
Attempt 524: Current best = 1.848279
Generation 0: Best fitness = -1000.000000
Generation 50: Best fitness = -1000.000000
Generation 100: Best fitness = -1000.000000
Generation 150: Best fitness = -1000.000000
Generation 200: Best fitness = -1000.000000
Generation 250: Best fitness = -1000.000000
Generation 300: Best fitness = -1000.000000
Generation 350: Best fitness = -1000.000000
Generation 400: Best fitness = -1000.000000
Generation 450: Best fitness = -1000.000000
Attempt 525: Current best = 1.848279
Generation 0: Best fitness = -1000.000000
Generation 50: Best fitness = -1000.000000
Generation 100: Best fitness = -1000.000000
Generation 150: Best fitness = -1000.000000
Generation 200: Best fitness = -1000.000000
Generation 250: Best fitness = -1000.000000
Generation 300: Best fitness = -1000.000000
Generation 350: Best fitness = -1000.000000
Generation 400: Best fitness = -1000.000000
Generation 450: Best fitness = -1000.000000
Attempt 526: Current best = 1.848279
Generation 0: Best fitness = -1000.000000
Generation 50: Best fitness = -1000.000000
Generation 100: Best fitness = -1000.000000
Generation 150: Best fitness = -1000.000000
Generation 200: Best fitness = -1000.000000
Generation 250: Best fitness = -1000.000000
Generation 300: Best fitness = -1000.000000
Generation 350: Best fitness = -1000.000000
Generation 400: Best fitness = -1000.000000
Generation 450: Best fitness = -1000.000000
Attempt 527: Current best = 1.848279
Generation 0: Best fitness = -1000.000000
Generation 50: Best fitness = -1000.000000
Generation 100: Best fitness = -1000.000000
Generation 150: Best fitness = -1000.000000
Generation 200: Best fitness = -1000.000000
Generation 250: Best fitness = -1000.000000
Generation 300: Best fitness = -1000.000000
Generation 350: Best fitness = -1000.000000
Generation 400: Best fitness = -1000.000000
Generation 450: Best fitness = -1000.000000
Attempt 528: Current best = 1.848279
Generation 0: Best fitness = -1000.000000
Generation 50: Best fitness = -1000.000000
Generation 100: Best fitness = -1000.000000
Generation 150: Best fitness = -1000.000000
Generation 200: Best fitness = -1000.000000
Generation 250: Best fitness = -1000.000000
Generation 300: Best fitness = -1000.000000
Generation 350: Best fitness = -1000.000000
Generation 400: Best fitness = -1000.000000
Generation 450: Best fitness = -1000.000000
Attempt 529: Current best = 1.848279
Generation 0: Best fitness = -1000.000000
Generation 50: Best fitness = -1000.000000
Generation 100: Best fitness = -1000.000000
Generation 150: Best fitness = -1000.000000
Generation 200: Best fitness = -1000.000000
Generation 250: Best fitness = -1000.000000
Generation 300: Best fitness = -1000.000000
Generation 350: Best fitness = -1000.000000
Generation 400: Best fitness = -1000.000000
Generation 450: Best fitness = -1000.000000
Attempt 530: Current best = 1.848279
Generation 0: Best fitness = -1000.000000
Generation 50: Best fitness = -1000.000000
Generation 100: Best fitness = -1000.000000
Generation 150: Best fitness = -1000.000000
Generation 200: Best fitness = -1000.000000
Generation 250: Best fitness = -1000.000000
Generation 300: Best fitness = -1000.000000
Generation 350: Best fitness = -1000.000000
Generation 400: Best fitness = -1000.000000
Generation 450: Best fitness = -1000.000000
Attempt 531: Current best = 1.848279
Generation 0: Best fitness = -1000.000000
Generation 50: Best fitness = 1.260541
Generation 100: Best fitness = 1.497508
Generation 150: Best fitness = 1.580104
Generation 200: Best fitness = 1.595873
Generation 250: Best fitness = 1.618882
Generation 300: Best fitness = 1.681824
Generation 350: Best fitness = 1.685847
Generation 400: Best fitness = 1.689670
Generation 450: Best fitness = 1.696709
Attempt 532: Current best = 1.848279
Generation 0: Best fitness = -1000.000000
Generation 50: Best fitness = -1000.000000
Generation 100: Best fitness = -1000.000000
Generation 150: Best fitness = -1000.000000
Generation 200: Best fitness = -1000.000000
Generation 250: Best fitness = -1000.000000
Generation 300: Best fitness = -1000.000000
Generation 350: Best fitness = -1000.000000
Generation 400: Best fitness = -1000.000000
Generation 450: Best fitness = -1000.000000
Attempt 533: Current best = 1.848279
Generation 0: Best fitness = -1000.000000
Generation 50: Best fitness = -1000.000000
Generation 100: Best fitness = -1000.000000
Generation 150: Best fitness = -1000.000000
Generation 200: Best fitness = -1000.000000
Generation 250: Best fitness = -1000.000000
Generation 300: Best fitness = -1000.000000
Generation 350: Best fitness = -1000.000000
Generation 400: Best fitness = -1000.000000
Generation 450: Best fitness = -1000.000000
Attempt 534: Current best = 1.848279
Generation 0: Best fitness = -1000.000000
Generation 50: Best fitness = -1000.000000
Generation 100: Best fitness = -1000.000000
Generation 150: Best fitness = -1000.000000
Generation 200: Best fitness = -1000.000000
Generation 250: Best fitness = -1000.000000
Generation 300: Best fitness = -1000.000000
Generation 350: Best fitness = -1000.000000
Generation 400: Best fitness = -1000.000000
Generation 450: Best fitness = -1000.000000
Attempt 535: Current best = 1.848279
Generation 0: Best fitness = -1000.000000
Generation 50: Best fitness = -1000.000000
Generation 100: Best fitness = -1000.000000
Generation 150: Best fitness = -1000.000000
Generation 200: Best fitness = -1000.000000
Generation 250: Best fitness = -1000.000000
Generation 300: Best fitness = -1000.000000
Generation 350: Best fitness = -1000.000000
Generation 400: Best fitness = -1000.000000
Generation 450: Best fitness = -1000.000000
Attempt 536: Current best = 1.848279
Generation 0: Best fitness = -1000.000000
Generation 50: Best fitness = -1000.000000
Generation 100: Best fitness = -1000.000000
Generation 150: Best fitness = -1000.000000
Generation 200: Best fitness = -1000.000000
Generation 250: Best fitness = -1000.000000
Generation 300: Best fitness = -1000.000000
Generation 350: Best fitness = -1000.000000
Generation 400: Best fitness = -1000.000000
Generation 450: Best fitness = -1000.000000
Attempt 537: Current best = 1.848279
Generation 0: Best fitness = -1000.000000
Generation 50: Best fitness = -1000.000000
Generation 100: Best fitness = -1000.000000
Generation 150: Best fitness = -1000.000000
Generation 200: Best fitness = -1000.000000
Generation 250: Best fitness = -1000.000000
Generation 300: Best fitness = -1000.000000
Generation 350: Best fitness = -1000.000000
Generation 400: Best fitness = -1000.000000
Generation 450: Best fitness = -1000.000000
Attempt 538: Current best = 1.848279
Generation 0: Best fitness = -1000.000000
Generation 50: Best fitness = -1000.000000
Generation 100: Best fitness = -1000.000000
Generation 150: Best fitness = -1000.000000
Generation 200: Best fitness = -1000.000000
Generation 250: Best fitness = -1000.000000
Generation 300: Best fitness = -1000.000000
Generation 350: Best fitness = -1000.000000
Generation 400: Best fitness = -1000.000000
Generation 450: Best fitness = -1000.000000
Attempt 539: Current best = 1.848279
Generation 0: Best fitness = -1000.000000
Generation 50: Best fitness = -1000.000000
Generation 100: Best fitness = -1000.000000
Generation 150: Best fitness = -1000.000000
Generation 200: Best fitness = -1000.000000
Generation 250: Best fitness = -1000.000000
Generation 300: Best fitness = -1000.000000
Generation 350: Best fitness = -1000.000000
Generation 400: Best fitness = -1000.000000
Generation 450: Best fitness = -1000.000000
Attempt 540: Current best = 1.848279
Generation 0: Best fitness = -1000.000000
Generation 50: Best fitness = -1000.000000
Generation 100: Best fitness = -1000.000000
Generation 150: Best fitness = -1000.000000
Generation 200: Best fitness = -1000.000000
Generation 250: Best fitness = -1000.000000
Generation 300: Best fitness = -1000.000000
Generation 350: Best fitness = -1000.000000
Generation 400: Best fitness = -1000.000000
Generation 450: Best fitness = -1000.000000
Attempt 541: Current best = 1.848279
Generation 0: Best fitness = -1000.000000
Generation 50: Best fitness = -1000.000000
Generation 100: Best fitness = -1000.000000
Generation 150: Best fitness = -1000.000000
Generation 200: Best fitness = -1000.000000
Generation 250: Best fitness = -1000.000000
Generation 300: Best fitness = -1000.000000
Generation 350: Best fitness = -1000.000000
Generation 400: Best fitness = -1000.000000
Generation 450: Best fitness = -1000.000000
Attempt 542: Current best = 1.848279
Generation 0: Best fitness = -1000.000000
Generation 50: Best fitness = -1000.000000
Generation 100: Best fitness = -1000.000000
Generation 150: Best fitness = -1000.000000
Generation 200: Best fitness = -1000.000000
Generation 250: Best fitness = -1000.000000
Generation 300: Best fitness = -1000.000000
Generation 350: Best fitness = -1000.000000
Generation 400: Best fitness = -1000.000000
Generation 450: Best fitness = -1000.000000
Attempt 543: Current best = 1.848279
Generation 0: Best fitness = -1000.000000
Generation 50: Best fitness = -1000.000000
Generation 100: Best fitness = -1000.000000
Generation 150: Best fitness = -1000.000000
Generation 200: Best fitness = -1000.000000
Generation 250: Best fitness = -1000.000000
Generation 300: Best fitness = -1000.000000
Generation 350: Best fitness = -1000.000000
Generation 400: Best fitness = -1000.000000
Generation 450: Best fitness = -1000.000000
Attempt 544: Current best = 1.848279
Generation 0: Best fitness = -1000.000000
Generation 50: Best fitness = -1000.000000
Generation 100: Best fitness = -1000.000000
Generation 150: Best fitness = -1000.000000
Generation 200: Best fitness = -1000.000000
Generation 250: Best fitness = -1000.000000
Generation 300: Best fitness = -1000.000000
Generation 350: Best fitness = -1000.000000
Generation 400: Best fitness = -1000.000000
Generation 450: Best fitness = -1000.000000
Attempt 545: Current best = 1.848279
Generation 0: Best fitness = -1000.000000
Generation 50: Best fitness = -1000.000000
Generation 100: Best fitness = -1000.000000
Generation 150: Best fitness = -1000.000000
Generation 200: Best fitness = -1000.000000
Generation 250: Best fitness = -1000.000000
Generation 300: Best fitness = -1000.000000
Generation 350: Best fitness = -1000.000000
Generation 400: Best fitness = -1000.000000
Generation 450: Best fitness = -1000.000000
Attempt 546: Current best = 1.848279
Generation 0: Best fitness = -1000.000000
Generation 50: Best fitness = -1000.000000
Generation 100: Best fitness = -1000.000000
Generation 150: Best fitness = -1000.000000
Generation 200: Best fitness = -1000.000000
Generation 250: Best fitness = -1000.000000
Generation 300: Best fitness = -1000.000000
Generation 350: Best fitness = -1000.000000
Generation 400: Best fitness = -1000.000000
Generation 450: Best fitness = -1000.000000
Attempt 547: Current best = 1.848279
Generation 0: Best fitness = -1000.000000
Generation 50: Best fitness = -1000.000000
Generation 100: Best fitness = -1000.000000
Generation 150: Best fitness = -1000.000000
Generation 200: Best fitness = -1000.000000
Generation 250: Best fitness = -1000.000000
Generation 300: Best fitness = -1000.000000
Generation 350: Best fitness = -1000.000000
Generation 400: Best fitness = -1000.000000
Generation 450: Best fitness = -1000.000000
Attempt 548: Current best = 1.848279
Generation 0: Best fitness = -1000.000000
Generation 50: Best fitness = -1000.000000
Generation 100: Best fitness = -1000.000000
Generation 150: Best fitness = -1000.000000
Generation 200: Best fitness = -1000.000000
Generation 250: Best fitness = -1000.000000
Generation 300: Best fitness = -1000.000000
Generation 350: Best fitness = -1000.000000
Generation 400: Best fitness = -1000.000000
Generation 450: Best fitness = -1000.000000
Attempt 549: Current best = 1.848279
Generation 0: Best fitness = -1000.000000
Generation 50: Best fitness = -1000.000000
Generation 100: Best fitness = -1000.000000
Generation 150: Best fitness = -1000.000000
Generation 200: Best fitness = -1000.000000
Generation 250: Best fitness = -1000.000000
Generation 300: Best fitness = -1000.000000
Generation 350: Best fitness = 1.025758
Generation 400: Best fitness = 1.315130
Generation 450: Best fitness = 1.378519
Attempt 550: Current best = 1.848279
Generation 0: Best fitness = -1000.000000
Generation 50: Best fitness = 1.657245
Generation 100: Best fitness = 1.712560
Generation 150: Best fitness = 1.728366
Generation 200: Best fitness = 1.742185
Generation 250: Best fitness = 1.745518
Generation 300: Best fitness = 1.746942
Generation 350: Best fitness = 1.749123
Generation 400: Best fitness = 1.751206
Generation 450: Best fitness = 1.751410
Attempt 551: Current best = 1.848279
Generation 0: Best fitness = -1000.000000
Generation 50: Best fitness = -1000.000000
Generation 100: Best fitness = -1000.000000
Generation 150: Best fitness = -1000.000000
Generation 200: Best fitness = -1000.000000
Generation 250: Best fitness = -1000.000000
Generation 300: Best fitness = -1000.000000
Generation 350: Best fitness = -1000.000000
Generation 400: Best fitness = -1000.000000
Generation 450: Best fitness = -1000.000000
Attempt 552: Current best = 1.848279
Generation 0: Best fitness = -1000.000000
Generation 50: Best fitness = -1000.000000
Generation 100: Best fitness = -1000.000000
Generation 150: Best fitness = -1000.000000
Generation 200: Best fitness = -1000.000000
Generation 250: Best fitness = -1000.000000
Generation 300: Best fitness = -1000.000000
Generation 350: Best fitness = -1000.000000
Generation 400: Best fitness = -1000.000000
Generation 450: Best fitness = -1000.000000
Attempt 553: Current best = 1.848279
Generation 0: Best fitness = -1000.000000
Generation 50: Best fitness = -1000.000000
Generation 100: Best fitness = -1000.000000
Generation 150: Best fitness = -1000.000000
Generation 200: Best fitness = -1000.000000
Generation 250: Best fitness = -1000.000000
Generation 300: Best fitness = -1000.000000
Generation 350: Best fitness = -1000.000000
Generation 400: Best fitness = -1000.000000
Generation 450: Best fitness = -1000.000000
Attempt 554: Current best = 1.848279
Generation 0: Best fitness = -1000.000000
Generation 50: Best fitness = -1000.000000
Generation 100: Best fitness = -1000.000000
Generation 150: Best fitness = -1000.000000
Generation 200: Best fitness = -1000.000000
Generation 250: Best fitness = -1000.000000
Generation 300: Best fitness = -1000.000000
Generation 350: Best fitness = -1000.000000
Generation 400: Best fitness = -1000.000000
Generation 450: Best fitness = -1000.000000
Attempt 555: Current best = 1.848279
Generation 0: Best fitness = -1000.000000
Generation 50: Best fitness = -1000.000000
Generation 100: Best fitness = -1000.000000
Generation 150: Best fitness = -1000.000000
Generation 200: Best fitness = -1000.000000
Generation 250: Best fitness = -1000.000000
Generation 300: Best fitness = -1000.000000
Generation 350: Best fitness = -1000.000000
Generation 400: Best fitness = -1000.000000
Generation 450: Best fitness = -1000.000000
Attempt 556: Current best = 1.848279
Generation 0: Best fitness = -1000.000000
Generation 50: Best fitness = -1000.000000
Generation 100: Best fitness = -1000.000000
Generation 150: Best fitness = -1000.000000
Generation 200: Best fitness = -1000.000000
Generation 250: Best fitness = -1000.000000
Generation 300: Best fitness = -1000.000000
Generation 350: Best fitness = -1000.000000
Generation 400: Best fitness = -1000.000000
Generation 450: Best fitness = -1000.000000
Attempt 557: Current best = 1.848279
Generation 0: Best fitness = -1000.000000
Generation 50: Best fitness = -1000.000000
Generation 100: Best fitness = -1000.000000
Generation 150: Best fitness = -1000.000000
Generation 200: Best fitness = -1000.000000
Generation 250: Best fitness = -1000.000000
Generation 300: Best fitness = -1000.000000
Generation 350: Best fitness = -1000.000000
Generation 400: Best fitness = -1000.000000
Generation 450: Best fitness = -1000.000000
Attempt 558: Current best = 1.848279
Generation 0: Best fitness = -1000.000000
Generation 50: Best fitness = -1000.000000
Generation 100: Best fitness = -1000.000000
Generation 150: Best fitness = -1000.000000
Generation 200: Best fitness = -1000.000000
Generation 250: Best fitness = -1000.000000
Generation 300: Best fitness = -1000.000000
Generation 350: Best fitness = -1000.000000
Generation 400: Best fitness = -1000.000000
Generation 450: Best fitness = -1000.000000
Attempt 559: Current best = 1.848279
Generation 0: Best fitness = -1000.000000
Generation 50: Best fitness = -1000.000000
Generation 100: Best fitness = -1000.000000
Generation 150: Best fitness = -1000.000000
Generation 200: Best fitness = -1000.000000
Generation 250: Best fitness = -1000.000000
Generation 300: Best fitness = -1000.000000
Generation 350: Best fitness = -1000.000000
Generation 400: Best fitness = -1000.000000
Generation 450: Best fitness = -1000.000000
Attempt 560: Current best = 1.848279
Generation 0: Best fitness = -1000.000000
Generation 50: Best fitness = -1000.000000
Generation 100: Best fitness = -1000.000000
Generation 150: Best fitness = -1000.000000
Generation 200: Best fitness = -1000.000000
Generation 250: Best fitness = -1000.000000
Generation 300: Best fitness = -1000.000000
Generation 350: Best fitness = -1000.000000
Generation 400: Best fitness = -1000.000000
Generation 450: Best fitness = -1000.000000
Attempt 561: Current best = 1.848279
Generation 0: Best fitness = -1000.000000
Generation 50: Best fitness = -1000.000000
Generation 100: Best fitness = -1000.000000
Generation 150: Best fitness = -1000.000000
Generation 200: Best fitness = -1000.000000
Generation 250: Best fitness = -1000.000000
Generation 300: Best fitness = -1000.000000
Generation 350: Best fitness = -1000.000000
Generation 400: Best fitness = -1000.000000
Generation 450: Best fitness = -1000.000000
Attempt 562: Current best = 1.848279
Generation 0: Best fitness = -1000.000000
Generation 50: Best fitness = -1000.000000
Generation 100: Best fitness = -1000.000000
Generation 150: Best fitness = -1000.000000
Generation 200: Best fitness = -1000.000000
Generation 250: Best fitness = -1000.000000
Generation 300: Best fitness = -1000.000000
Generation 350: Best fitness = -1000.000000
Generation 400: Best fitness = -1000.000000
Generation 450: Best fitness = -1000.000000
Attempt 563: Current best = 1.848279
Generation 0: Best fitness = -1000.000000
Generation 50: Best fitness = -1000.000000
Generation 100: Best fitness = -1000.000000
Generation 150: Best fitness = -1000.000000
Generation 200: Best fitness = -1000.000000
Generation 250: Best fitness = -1000.000000
Generation 300: Best fitness = -1000.000000
Generation 350: Best fitness = -1000.000000
Generation 400: Best fitness = -1000.000000
Generation 450: Best fitness = -1000.000000
Attempt 564: Current best = 1.848279
Generation 0: Best fitness = -1000.000000
Generation 50: Best fitness = -1000.000000
Generation 100: Best fitness = -1000.000000
Generation 150: Best fitness = -1000.000000
Generation 200: Best fitness = -1000.000000
Generation 250: Best fitness = -1000.000000
Generation 300: Best fitness = -1000.000000
Generation 350: Best fitness = -1000.000000
Generation 400: Best fitness = -1000.000000
Generation 450: Best fitness = -1000.000000
Attempt 565: Current best = 1.848279
Generation 0: Best fitness = -1000.000000
Generation 50: Best fitness = -1000.000000
Generation 100: Best fitness = -1000.000000
Generation 150: Best fitness = -1000.000000
Generation 200: Best fitness = -1000.000000
Generation 250: Best fitness = -1000.000000
Generation 300: Best fitness = -1000.000000
Generation 350: Best fitness = -1000.000000
Generation 400: Best fitness = -1000.000000
Generation 450: Best fitness = -1000.000000
Attempt 566: Current best = 1.848279
Generation 0: Best fitness = -1000.000000
Generation 50: Best fitness = -1000.000000
Generation 100: Best fitness = -1000.000000
Generation 150: Best fitness = -1000.000000
Generation 200: Best fitness = -1000.000000
Generation 250: Best fitness = -1000.000000
Generation 300: Best fitness = -1000.000000
Generation 350: Best fitness = -1000.000000
Generation 400: Best fitness = -1000.000000
Generation 450: Best fitness = -1000.000000
Attempt 567: Current best = 1.848279
Generation 0: Best fitness = -1000.000000
Generation 50: Best fitness = -1000.000000
Generation 100: Best fitness = -1000.000000
Generation 150: Best fitness = -1000.000000
Generation 200: Best fitness = -1000.000000
Generation 250: Best fitness = -1000.000000
Generation 300: Best fitness = -1000.000000
Generation 350: Best fitness = -1000.000000
Generation 400: Best fitness = -1000.000000
Generation 450: Best fitness = -1000.000000
Attempt 568: Current best = 1.848279
Generation 0: Best fitness = -1000.000000
Generation 50: Best fitness = -1000.000000
Generation 100: Best fitness = -1000.000000
Generation 150: Best fitness = -1000.000000
Generation 200: Best fitness = -1000.000000
Generation 250: Best fitness = -1000.000000
Generation 300: Best fitness = -1000.000000
Generation 350: Best fitness = -1000.000000
Generation 400: Best fitness = -1000.000000
Generation 450: Best fitness = -1000.000000
Attempt 569: Current best = 1.848279
Generation 0: Best fitness = -1000.000000
Generation 50: Best fitness = -1000.000000
Generation 100: Best fitness = -1000.000000
Generation 150: Best fitness = -1000.000000
Generation 200: Best fitness = -1000.000000
Generation 250: Best fitness = -1000.000000
Generation 300: Best fitness = -1000.000000
Generation 350: Best fitness = -1000.000000
Generation 400: Best fitness = -1000.000000
Generation 450: Best fitness = -1000.000000
Attempt 570: Current best = 1.848279
Generation 0: Best fitness = -1000.000000
Generation 50: Best fitness = -1000.000000
Generation 100: Best fitness = -1000.000000
Generation 150: Best fitness = -1000.000000
Generation 200: Best fitness = -1000.000000
Generation 250: Best fitness = -1000.000000
Generation 300: Best fitness = -1000.000000
Generation 350: Best fitness = -1000.000000
Generation 400: Best fitness = -1000.000000
Generation 450: Best fitness = -1000.000000
Attempt 571: Current best = 1.848279
Generation 0: Best fitness = -1000.000000
Generation 50: Best fitness = -1000.000000
Generation 100: Best fitness = -1000.000000
Generation 150: Best fitness = -1000.000000
Generation 200: Best fitness = -1000.000000
Generation 250: Best fitness = -1000.000000
Generation 300: Best fitness = -1000.000000
Generation 350: Best fitness = -1000.000000
Generation 400: Best fitness = -1000.000000
Generation 450: Best fitness = -1000.000000
Attempt 572: Current best = 1.848279
Generation 0: Best fitness = -1000.000000
Generation 50: Best fitness = -1000.000000
Generation 100: Best fitness = -1000.000000
Generation 150: Best fitness = -1000.000000
Generation 200: Best fitness = -1000.000000
Generation 250: Best fitness = -1000.000000
Generation 300: Best fitness = -1000.000000
Generation 350: Best fitness = -1000.000000
Generation 400: Best fitness = -1000.000000
Generation 450: Best fitness = -1000.000000
Attempt 573: Current best = 1.848279
Generation 0: Best fitness = -1000.000000
Generation 50: Best fitness = -1000.000000
Generation 100: Best fitness = -1000.000000
Generation 150: Best fitness = -1000.000000
Generation 200: Best fitness = -1000.000000
Generation 250: Best fitness = -1000.000000
Generation 300: Best fitness = -1000.000000
Generation 350: Best fitness = -1000.000000
Generation 400: Best fitness = -1000.000000
Generation 450: Best fitness = -1000.000000
Attempt 574: Current best = 1.848279
Generation 0: Best fitness = -1000.000000
Generation 50: Best fitness = -1000.000000
Generation 100: Best fitness = -1000.000000
Generation 150: Best fitness = -1000.000000
Generation 200: Best fitness = -1000.000000
Generation 250: Best fitness = -1000.000000
Generation 300: Best fitness = -1000.000000
Generation 350: Best fitness = -1000.000000
Generation 400: Best fitness = -1000.000000
Generation 450: Best fitness = -1000.000000
Attempt 575: Current best = 1.848279
Generation 0: Best fitness = -1000.000000
Generation 50: Best fitness = -1000.000000
Generation 100: Best fitness = -1000.000000
Generation 150: Best fitness = -1000.000000
Generation 200: Best fitness = -1000.000000
Generation 250: Best fitness = -1000.000000
Generation 300: Best fitness = -1000.000000
Generation 350: Best fitness = -1000.000000
Generation 400: Best fitness = -1000.000000
Generation 450: Best fitness = -1000.000000
Attempt 576: Current best = 1.848279
Generation 0: Best fitness = -1000.000000
Generation 50: Best fitness = -1000.000000
Generation 100: Best fitness = -1000.000000
Generation 150: Best fitness = -1000.000000
Generation 200: Best fitness = -1000.000000
Generation 250: Best fitness = -1000.000000
Generation 300: Best fitness = -1000.000000
Generation 350: Best fitness = -1000.000000
Generation 400: Best fitness = -1000.000000
Generation 450: Best fitness = -1000.000000
Attempt 577: Current best = 1.848279
Generation 0: Best fitness = -1000.000000
Generation 50: Best fitness = -1000.000000
Generation 100: Best fitness = -1000.000000
Generation 150: Best fitness = -1000.000000
Generation 200: Best fitness = -1000.000000
Generation 250: Best fitness = -1000.000000
Generation 300: Best fitness = -1000.000000
Generation 350: Best fitness = -1000.000000
Generation 400: Best fitness = -1000.000000
Generation 450: Best fitness = -1000.000000
Attempt 578: Current best = 1.848279
Generation 0: Best fitness = -1000.000000
Generation 50: Best fitness = -1000.000000
Generation 100: Best fitness = -1000.000000
Generation 150: Best fitness = -1000.000000
Generation 200: Best fitness = -1000.000000
Generation 250: Best fitness = -1000.000000
Generation 300: Best fitness = -1000.000000
Generation 350: Best fitness = -1000.000000
Generation 400: Best fitness = -1000.000000
Generation 450: Best fitness = -1000.000000
Attempt 579: Current best = 1.848279
Generation 0: Best fitness = -1000.000000
Generation 50: Best fitness = -1000.000000
Generation 100: Best fitness = -1000.000000
Generation 150: Best fitness = -1000.000000
Generation 200: Best fitness = -1000.000000
Generation 250: Best fitness = -1000.000000
Generation 300: Best fitness = -1000.000000
Generation 350: Best fitness = -1000.000000
Generation 400: Best fitness = -1000.000000
Generation 450: Best fitness = -1000.000000
Attempt 580: Current best = 1.848279
Generation 0: Best fitness = -1000.000000
Generation 50: Best fitness = -1000.000000
Generation 100: Best fitness = -1000.000000
Generation 150: Best fitness = -1000.000000
Generation 200: Best fitness = -1000.000000
Generation 250: Best fitness = -1000.000000
Generation 300: Best fitness = -1000.000000
Generation 350: Best fitness = -1000.000000
Generation 400: Best fitness = -1000.000000
Generation 450: Best fitness = -1000.000000
Attempt 581: Current best = 1.848279
Generation 0: Best fitness = -1000.000000
Generation 50: Best fitness = -1000.000000
Generation 100: Best fitness = -1000.000000
Generation 150: Best fitness = -1000.000000
Generation 200: Best fitness = -1000.000000
Generation 250: Best fitness = -1000.000000
Generation 300: Best fitness = -1000.000000
Generation 350: Best fitness = -1000.000000
Generation 400: Best fitness = -1000.000000
Generation 450: Best fitness = -1000.000000
Attempt 582: Current best = 1.848279
Generation 0: Best fitness = -1000.000000
Generation 50: Best fitness = -1000.000000
Generation 100: Best fitness = -1000.000000
Generation 150: Best fitness = -1000.000000
Generation 200: Best fitness = -1000.000000
Generation 250: Best fitness = -1000.000000
Generation 300: Best fitness = -1000.000000
Generation 350: Best fitness = -1000.000000
Generation 400: Best fitness = -1000.000000
Generation 450: Best fitness = -1000.000000
Attempt 583: Current best = 1.848279
Generation 0: Best fitness = -1000.000000
Generation 50: Best fitness = -1000.000000
Generation 100: Best fitness = -1000.000000
Generation 150: Best fitness = -1000.000000
Generation 200: Best fitness = -1000.000000
Generation 250: Best fitness = -1000.000000
Generation 300: Best fitness = -1000.000000
Generation 350: Best fitness = -1000.000000
Generation 400: Best fitness = -1000.000000
Generation 450: Best fitness = -1000.000000
Attempt 584: Current best = 1.848279
Generation 0: Best fitness = -1000.000000
Generation 50: Best fitness = -1000.000000
Generation 100: Best fitness = -1000.000000
Generation 150: Best fitness = -1000.000000
Generation 200: Best fitness = -1000.000000
Generation 250: Best fitness = -1000.000000
Generation 300: Best fitness = -1000.000000
Generation 350: Best fitness = -1000.000000
Generation 400: Best fitness = -1000.000000
Generation 450: Best fitness = -1000.000000
Attempt 585: Current best = 1.848279
Generation 0: Best fitness = -1000.000000
Generation 50: Best fitness = -1000.000000
Generation 100: Best fitness = -1000.000000
Generation 150: Best fitness = -1000.000000
Generation 200: Best fitness = -1000.000000
Generation 250: Best fitness = -1000.000000
Generation 300: Best fitness = -1000.000000
Generation 350: Best fitness = -1000.000000
Generation 400: Best fitness = -1000.000000
Generation 450: Best fitness = -1000.000000
Attempt 586: Current best = 1.848279
Generation 0: Best fitness = -1000.000000
Generation 50: Best fitness = -1000.000000
Generation 100: Best fitness = -1000.000000
Generation 150: Best fitness = -1000.000000
Generation 200: Best fitness = -1000.000000
Generation 250: Best fitness = -1000.000000
Generation 300: Best fitness = -1000.000000
Generation 350: Best fitness = -1000.000000
Generation 400: Best fitness = -1000.000000
Generation 450: Best fitness = -1000.000000
Attempt 587: Current best = 1.848279
Generation 0: Best fitness = -1000.000000
Generation 50: Best fitness = -1000.000000
Generation 100: Best fitness = -1000.000000
Generation 150: Best fitness = -1000.000000
Generation 200: Best fitness = -1000.000000
Generation 250: Best fitness = -1000.000000
Generation 300: Best fitness = -1000.000000
Generation 350: Best fitness = -1000.000000
Generation 400: Best fitness = -1000.000000
Generation 450: Best fitness = -1000.000000
Attempt 588: Current best = 1.848279
Generation 0: Best fitness = -1000.000000
Generation 50: Best fitness = -1000.000000
Generation 100: Best fitness = -1000.000000
Generation 150: Best fitness = -1000.000000
Generation 200: Best fitness = -1000.000000
Generation 250: Best fitness = -1000.000000
Generation 300: Best fitness = -1000.000000
Generation 350: Best fitness = -1000.000000
Generation 400: Best fitness = -1000.000000
Generation 450: Best fitness = -1000.000000
Attempt 589: Current best = 1.848279
Generation 0: Best fitness = -1000.000000
Generation 50: Best fitness = -1000.000000
Generation 100: Best fitness = -1000.000000
Generation 150: Best fitness = -1000.000000
Generation 200: Best fitness = -1000.000000
Generation 250: Best fitness = -1000.000000
Generation 300: Best fitness = -1000.000000
Generation 350: Best fitness = -1000.000000
Generation 400: Best fitness = -1000.000000
Generation 450: Best fitness = -1000.000000
Attempt 590: Current best = 1.848279
Generation 0: Best fitness = -1000.000000
Generation 50: Best fitness = -1000.000000
Generation 100: Best fitness = -1000.000000
Generation 150: Best fitness = -1000.000000
Generation 200: Best fitness = -1000.000000
Generation 250: Best fitness = -1000.000000
Generation 300: Best fitness = -1000.000000
Generation 350: Best fitness = -1000.000000
Generation 400: Best fitness = -1000.000000
Generation 450: Best fitness = -1000.000000
Attempt 591: Current best = 1.848279
Generation 0: Best fitness = -1000.000000
Generation 50: Best fitness = -1000.000000
Generation 100: Best fitness = -1000.000000
Generation 150: Best fitness = -1000.000000
Generation 200: Best fitness = -1000.000000
Generation 250: Best fitness = -1000.000000
Generation 300: Best fitness = -1000.000000
Generation 350: Best fitness = -1000.000000
Generation 400: Best fitness = -1000.000000
Generation 450: Best fitness = -1000.000000
Attempt 592: Current best = 1.848279
Generation 0: Best fitness = -1000.000000
Generation 50: Best fitness = -1000.000000
Generation 100: Best fitness = -1000.000000
Generation 150: Best fitness = -1000.000000
Generation 200: Best fitness = -1000.000000
Generation 250: Best fitness = -1000.000000
Generation 300: Best fitness = -1000.000000
Generation 350: Best fitness = -1000.000000
Generation 400: Best fitness = -1000.000000
Generation 450: Best fitness = -1000.000000
Attempt 593: Current best = 1.848279
Generation 0: Best fitness = -1000.000000
Generation 50: Best fitness = -1000.000000
Generation 100: Best fitness = -1000.000000
Generation 150: Best fitness = -1000.000000
Generation 200: Best fitness = -1000.000000
Generation 250: Best fitness = -1000.000000
Generation 300: Best fitness = -1000.000000
Generation 350: Best fitness = -1000.000000
Generation 400: Best fitness = -1000.000000
Generation 450: Best fitness = -1000.000000
Attempt 594: Current best = 1.848279
Generation 0: Best fitness = -1000.000000
Generation 50: Best fitness = -1000.000000
Generation 100: Best fitness = -1000.000000
Generation 150: Best fitness = -1000.000000
Generation 200: Best fitness = -1000.000000
Generation 250: Best fitness = -1000.000000
Generation 300: Best fitness = -1000.000000
Generation 350: Best fitness = -1000.000000
Generation 400: Best fitness = -1000.000000
Generation 450: Best fitness = -1000.000000
Attempt 595: Current best = 1.848279
Generation 0: Best fitness = -1000.000000
Generation 50: Best fitness = -1000.000000
Generation 100: Best fitness = -1000.000000
Generation 150: Best fitness = -1000.000000
Generation 200: Best fitness = -1000.000000
Generation 250: Best fitness = -1000.000000
Generation 300: Best fitness = -1000.000000
Generation 350: Best fitness = -1000.000000
Generation 400: Best fitness = -1000.000000
Generation 450: Best fitness = -1000.000000
Attempt 596: Current best = 1.848279
Generation 0: Best fitness = -1000.000000
Generation 50: Best fitness = -1000.000000
Generation 100: Best fitness = -1000.000000
Generation 150: Best fitness = -1000.000000
Generation 200: Best fitness = -1000.000000
Generation 250: Best fitness = -1000.000000
Generation 300: Best fitness = -1000.000000
Generation 350: Best fitness = -1000.000000
Generation 400: Best fitness = -1000.000000
Generation 450: Best fitness = -1000.000000
Attempt 597: Current best = 1.848279
Generation 0: Best fitness = -1000.000000
Generation 50: Best fitness = -1000.000000
Generation 100: Best fitness = -1000.000000
Generation 150: Best fitness = -1000.000000
Generation 200: Best fitness = -1000.000000
Generation 250: Best fitness = -1000.000000
Generation 300: Best fitness = -1000.000000
Generation 350: Best fitness = -1000.000000
Generation 400: Best fitness = -1000.000000
Generation 450: Best fitness = -1000.000000
Attempt 598: Current best = 1.848279
Generation 0: Best fitness = -1000.000000
Generation 50: Best fitness = -1000.000000
Generation 100: Best fitness = -1000.000000
Generation 150: Best fitness = -1000.000000
Generation 200: Best fitness = -1000.000000
Generation 250: Best fitness = -1000.000000
Generation 300: Best fitness = -1000.000000
Generation 350: Best fitness = -1000.000000
Generation 400: Best fitness = -1000.000000
Generation 450: Best fitness = -1000.000000
Attempt 599: Current best = 1.848279
Generation 0: Best fitness = -1000.000000
Generation 50: Best fitness = -1000.000000
Generation 100: Best fitness = -1000.000000
Generation 150: Best fitness = -1000.000000
Generation 200: Best fitness = -1000.000000
Generation 250: Best fitness = -1000.000000
Generation 300: Best fitness = -1000.000000
Generation 350: Best fitness = -1000.000000
Generation 400: Best fitness = -1000.000000
Generation 450: Best fitness = -1000.000000
Attempt 600: Current best = 1.848279
Generation 0: Best fitness = -1000.000000
Generation 50: Best fitness = -1000.000000
Generation 100: Best fitness = -1000.000000
Generation 150: Best fitness = -1000.000000
Generation 200: Best fitness = -1000.000000
Generation 250: Best fitness = -1000.000000
Generation 300: Best fitness = -1000.000000
Generation 350: Best fitness = -1000.000000
Generation 400: Best fitness = -1000.000000
Generation 450: Best fitness = -1000.000000
Attempt 601: Current best = 1.848279
Generation 0: Best fitness = -1000.000000
Generation 50: Best fitness = -1000.000000
Generation 100: Best fitness = -1000.000000
Generation 150: Best fitness = -1000.000000
Generation 200: Best fitness = -1000.000000
Generation 250: Best fitness = -1000.000000
Generation 300: Best fitness = -1000.000000
Generation 350: Best fitness = -1000.000000
Generation 400: Best fitness = -1000.000000
Generation 450: Best fitness = -1000.000000
Attempt 602: Current best = 1.848279
Generation 0: Best fitness = -1000.000000
Generation 50: Best fitness = -1000.000000
Generation 100: Best fitness = -1000.000000
Generation 150: Best fitness = -1000.000000
Generation 200: Best fitness = -1000.000000
Generation 250: Best fitness = -1000.000000
Generation 300: Best fitness = -1000.000000
Generation 350: Best fitness = -1000.000000
Generation 400: Best fitness = -1000.000000
Generation 450: Best fitness = -1000.000000
Attempt 603: Current best = 1.848279
Generation 0: Best fitness = -1000.000000
Generation 50: Best fitness = -1000.000000
Generation 100: Best fitness = -1000.000000
Generation 150: Best fitness = -1000.000000
Generation 200: Best fitness = -1000.000000
Generation 250: Best fitness = -1000.000000
Generation 300: Best fitness = -1000.000000
Generation 350: Best fitness = -1000.000000
Generation 400: Best fitness = -1000.000000
Generation 450: Best fitness = -1000.000000
Attempt 604: Current best = 1.848279
Generation 0: Best fitness = -1000.000000
Generation 50: Best fitness = -1000.000000
Generation 100: Best fitness = -1000.000000
Generation 150: Best fitness = -1000.000000
Generation 200: Best fitness = -1000.000000
Generation 250: Best fitness = -1000.000000
Generation 300: Best fitness = -1000.000000
Generation 350: Best fitness = -1000.000000
Generation 400: Best fitness = -1000.000000
Generation 450: Best fitness = -1000.000000
Attempt 605: Current best = 1.848279
Generation 0: Best fitness = -1000.000000
Generation 50: Best fitness = -1000.000000
Generation 100: Best fitness = -1000.000000
Generation 150: Best fitness = -1000.000000
Generation 200: Best fitness = -1000.000000
Generation 250: Best fitness = -1000.000000
Generation 300: Best fitness = -1000.000000
Generation 350: Best fitness = -1000.000000
Generation 400: Best fitness = -1000.000000
Generation 450: Best fitness = -1000.000000
Attempt 606: Current best = 1.848279
Generation 0: Best fitness = -1000.000000
Generation 50: Best fitness = -1000.000000
Generation 100: Best fitness = -1000.000000
Generation 150: Best fitness = -1000.000000
Generation 200: Best fitness = -1000.000000
Generation 250: Best fitness = -1000.000000
Generation 300: Best fitness = -1000.000000
Generation 350: Best fitness = -1000.000000
Generation 400: Best fitness = -1000.000000
Generation 450: Best fitness = -1000.000000
Attempt 607: Current best = 1.848279
Generation 0: Best fitness = -1000.000000
Generation 50: Best fitness = -1000.000000
Generation 100: Best fitness = -1000.000000
Generation 150: Best fitness = -1000.000000
Generation 200: Best fitness = -1000.000000
Generation 250: Best fitness = -1000.000000
Generation 300: Best fitness = -1000.000000
Generation 350: Best fitness = -1000.000000
Generation 400: Best fitness = -1000.000000
Generation 450: Best fitness = -1000.000000
Attempt 608: Current best = 1.848279
Generation 0: Best fitness = -1000.000000
Generation 50: Best fitness = -1000.000000
Generation 100: Best fitness = -1000.000000
Generation 150: Best fitness = -1000.000000
Generation 200: Best fitness = -1000.000000
Generation 250: Best fitness = -1000.000000
Generation 300: Best fitness = -1000.000000
Generation 350: Best fitness = -1000.000000
Generation 400: Best fitness = -1000.000000
Generation 450: Best fitness = -1000.000000
Attempt 609: Current best = 1.848279
Generation 0: Best fitness = -1000.000000
Generation 50: Best fitness = -1000.000000
Generation 100: Best fitness = -1000.000000
Generation 150: Best fitness = -1000.000000
Generation 200: Best fitness = -1000.000000
Generation 250: Best fitness = -1000.000000
Generation 300: Best fitness = -1000.000000
Generation 350: Best fitness = -1000.000000
Generation 400: Best fitness = -1000.000000
Generation 450: Best fitness = -1000.000000
Attempt 610: Current best = 1.848279
Generation 0: Best fitness = -1000.000000
Generation 50: Best fitness = -1000.000000
Generation 100: Best fitness = -1000.000000
Generation 150: Best fitness = -1000.000000
Generation 200: Best fitness = -1000.000000
Generation 250: Best fitness = -1000.000000
Generation 300: Best fitness = -1000.000000
Generation 350: Best fitness = -1000.000000
Generation 400: Best fitness = -1000.000000
Generation 450: Best fitness = -1000.000000
Attempt 611: Current best = 1.848279
Generation 0: Best fitness = -1000.000000
Generation 50: Best fitness = -1000.000000
Generation 100: Best fitness = -1000.000000
Generation 150: Best fitness = -1000.000000
Generation 200: Best fitness = -1000.000000
Generation 250: Best fitness = -1000.000000
Generation 300: Best fitness = -1000.000000
Generation 350: Best fitness = -1000.000000
Generation 400: Best fitness = -1000.000000
Generation 450: Best fitness = -1000.000000
Attempt 612: Current best = 1.848279
Generation 0: Best fitness = -1000.000000
Generation 50: Best fitness = -1000.000000
Generation 100: Best fitness = -1000.000000
Generation 150: Best fitness = -1000.000000
Generation 200: Best fitness = -1000.000000
Generation 250: Best fitness = -1000.000000
Generation 300: Best fitness = -1000.000000
Generation 350: Best fitness = -1000.000000
Generation 400: Best fitness = -1000.000000
Generation 450: Best fitness = -1000.000000
Attempt 613: Current best = 1.848279
Generation 0: Best fitness = -1000.000000
Generation 50: Best fitness = -1000.000000
Generation 100: Best fitness = -1000.000000
Generation 150: Best fitness = -1000.000000
Generation 200: Best fitness = -1000.000000
Generation 250: Best fitness = -1000.000000
Generation 300: Best fitness = -1000.000000
Generation 350: Best fitness = -1000.000000
Generation 400: Best fitness = -1000.000000
Generation 450: Best fitness = -1000.000000
Attempt 614: Current best = 1.848279
Generation 0: Best fitness = -1000.000000
Generation 50: Best fitness = -1000.000000
Generation 100: Best fitness = -1000.000000
Generation 150: Best fitness = -1000.000000
Generation 200: Best fitness = -1000.000000
Generation 250: Best fitness = -1000.000000
Generation 300: Best fitness = -1000.000000
Generation 350: Best fitness = -1000.000000
Generation 400: Best fitness = -1000.000000
Generation 450: Best fitness = -1000.000000
Attempt 615: Current best = 1.848279
Generation 0: Best fitness = -1000.000000
Generation 50: Best fitness = -1000.000000
Generation 100: Best fitness = -1000.000000
Generation 150: Best fitness = -1000.000000
Generation 200: Best fitness = -1000.000000
Generation 250: Best fitness = -1000.000000
Generation 300: Best fitness = -1000.000000
Generation 350: Best fitness = -1000.000000
Generation 400: Best fitness = -1000.000000
Generation 450: Best fitness = -1000.000000
Attempt 616: Current best = 1.848279
Generation 0: Best fitness = -1000.000000
Generation 50: Best fitness = -1000.000000
Generation 100: Best fitness = -1000.000000
Generation 150: Best fitness = -1000.000000
Generation 200: Best fitness = -1000.000000
Generation 250: Best fitness = -1000.000000
Generation 300: Best fitness = -1000.000000
Generation 350: Best fitness = -1000.000000
Generation 400: Best fitness = -1000.000000
Generation 450: Best fitness = -1000.000000
Attempt 617: Current best = 1.848279
Generation 0: Best fitness = -1000.000000
Generation 50: Best fitness = -1000.000000
Generation 100: Best fitness = -1000.000000
Generation 150: Best fitness = -1000.000000
Generation 200: Best fitness = -1000.000000
Generation 250: Best fitness = -1000.000000
Generation 300: Best fitness = -1000.000000
Generation 350: Best fitness = -1000.000000
Generation 400: Best fitness = -1000.000000
Generation 450: Best fitness = -1000.000000
Attempt 618: Current best = 1.848279
Generation 0: Best fitness = -1000.000000
Generation 50: Best fitness = -1000.000000
Generation 100: Best fitness = -1000.000000
Generation 150: Best fitness = -1000.000000
Generation 200: Best fitness = -1000.000000
Generation 250: Best fitness = -1000.000000
Generation 300: Best fitness = -1000.000000
Generation 350: Best fitness = -1000.000000
Generation 400: Best fitness = -1000.000000
Generation 450: Best fitness = -1000.000000
Attempt 619: Current best = 1.848279
Generation 0: Best fitness = -1000.000000
Generation 50: Best fitness = -1000.000000
Generation 100: Best fitness = -1000.000000
Generation 150: Best fitness = -1000.000000
Generation 200: Best fitness = -1000.000000
Generation 250: Best fitness = -1000.000000
Generation 300: Best fitness = -1000.000000
Generation 350: Best fitness = -1000.000000
Generation 400: Best fitness = -1000.000000
Generation 450: Best fitness = -1000.000000
Attempt 620: Current best = 1.848279
Generation 0: Best fitness = -1000.000000
Generation 50: Best fitness = -1000.000000
Generation 100: Best fitness = -1000.000000
Generation 150: Best fitness = -1000.000000
Generation 200: Best fitness = -1000.000000
Generation 250: Best fitness = -1000.000000
Generation 300: Best fitness = -1000.000000
Generation 350: Best fitness = -1000.000000
Generation 400: Best fitness = -1000.000000
Generation 450: Best fitness = -1000.000000
Attempt 621: Current best = 1.848279
Generation 0: Best fitness = -1000.000000
Generation 50: Best fitness = 1.133989
Generation 100: Best fitness = 1.414820
Generation 150: Best fitness = 1.506522
Generation 200: Best fitness = 1.620655
Generation 250: Best fitness = 1.649957
Generation 300: Best fitness = 1.704397
Generation 350: Best fitness = 1.708260
Generation 400: Best fitness = 1.710746
Generation 450: Best fitness = 1.711736
Attempt 622: Current best = 1.848279
Generation 0: Best fitness = -1000.000000
Generation 50: Best fitness = -1000.000000
Generation 100: Best fitness = -1000.000000
Generation 150: Best fitness = -1000.000000
Generation 200: Best fitness = -1000.000000
Generation 250: Best fitness = -1000.000000
Generation 300: Best fitness = -1000.000000
Generation 350: Best fitness = -1000.000000
Generation 400: Best fitness = -1000.000000
Generation 450: Best fitness = -1000.000000
Attempt 623: Current best = 1.848279
Generation 0: Best fitness = -1000.000000
Generation 50: Best fitness = -1000.000000
Generation 100: Best fitness = -1000.000000
Generation 150: Best fitness = -1000.000000
Generation 200: Best fitness = -1000.000000
Generation 250: Best fitness = -1000.000000
Generation 300: Best fitness = -1000.000000
Generation 350: Best fitness = -1000.000000
Generation 400: Best fitness = -1000.000000
Generation 450: Best fitness = -1000.000000
Attempt 624: Current best = 1.848279
Generation 0: Best fitness = -1000.000000
Generation 50: Best fitness = -1000.000000
Generation 100: Best fitness = -1000.000000
Generation 150: Best fitness = -1000.000000
Generation 200: Best fitness = -1000.000000
Generation 250: Best fitness = -1000.000000
Generation 300: Best fitness = -1000.000000
Generation 350: Best fitness = -1000.000000
Generation 400: Best fitness = -1000.000000
Generation 450: Best fitness = -1000.000000
Attempt 625: Current best = 1.848279
Generation 0: Best fitness = -1000.000000
Generation 50: Best fitness = -1000.000000
Generation 100: Best fitness = -1000.000000
Generation 150: Best fitness = -1000.000000
Generation 200: Best fitness = -1000.000000
Generation 250: Best fitness = -1000.000000
Generation 300: Best fitness = -1000.000000
Generation 350: Best fitness = -1000.000000
Generation 400: Best fitness = -1000.000000
Generation 450: Best fitness = -1000.000000
Attempt 626: Current best = 1.848279
Generation 0: Best fitness = -1000.000000
Generation 50: Best fitness = -1000.000000
Generation 100: Best fitness = -1000.000000
Generation 150: Best fitness = -1000.000000
Generation 200: Best fitness = -1000.000000
Generation 250: Best fitness = -1000.000000
Generation 300: Best fitness = -1000.000000
Generation 350: Best fitness = -1000.000000
Generation 400: Best fitness = -1000.000000
Generation 450: Best fitness = -1000.000000
Attempt 627: Current best = 1.848279
Generation 0: Best fitness = -1000.000000
Generation 50: Best fitness = -1000.000000
Generation 100: Best fitness = -1000.000000
Generation 150: Best fitness = -1000.000000
Generation 200: Best fitness = -1000.000000
Generation 250: Best fitness = -1000.000000
Generation 300: Best fitness = -1000.000000
Generation 350: Best fitness = -1000.000000
Generation 400: Best fitness = -1000.000000
Generation 450: Best fitness = -1000.000000
Attempt 628: Current best = 1.848279
Generation 0: Best fitness = -1000.000000
Generation 50: Best fitness = -1000.000000
Generation 100: Best fitness = -1000.000000
Generation 150: Best fitness = -1000.000000
Generation 200: Best fitness = -1000.000000
Generation 250: Best fitness = -1000.000000
Generation 300: Best fitness = -1000.000000
Generation 350: Best fitness = -1000.000000
Generation 400: Best fitness = -1000.000000
Generation 450: Best fitness = -1000.000000
Attempt 629: Current best = 1.848279
Generation 0: Best fitness = -1000.000000
Generation 50: Best fitness = -1000.000000
Generation 100: Best fitness = -1000.000000
Generation 150: Best fitness = -1000.000000
Generation 200: Best fitness = -1000.000000
Generation 250: Best fitness = -1000.000000
Generation 300: Best fitness = -1000.000000
Generation 350: Best fitness = -1000.000000
Generation 400: Best fitness = -1000.000000
Generation 450: Best fitness = -1000.000000
Attempt 630: Current best = 1.848279
Generation 0: Best fitness = -1000.000000
Generation 50: Best fitness = -1000.000000
Generation 100: Best fitness = -1000.000000
Generation 150: Best fitness = -1000.000000
Generation 200: Best fitness = -1000.000000
Generation 250: Best fitness = -1000.000000
Generation 300: Best fitness = -1000.000000
Generation 350: Best fitness = -1000.000000
Generation 400: Best fitness = -1000.000000
Generation 450: Best fitness = -1000.000000
Attempt 631: Current best = 1.848279
Generation 0: Best fitness = -1000.000000
Generation 50: Best fitness = -1000.000000
Generation 100: Best fitness = -1000.000000
Generation 150: Best fitness = -1000.000000
Generation 200: Best fitness = -1000.000000
Generation 250: Best fitness = -1000.000000
Generation 300: Best fitness = -1000.000000
Generation 350: Best fitness = -1000.000000
Generation 400: Best fitness = -1000.000000
Generation 450: Best fitness = -1000.000000
Attempt 632: Current best = 1.848279
Generation 0: Best fitness = -1000.000000
Generation 50: Best fitness = -1000.000000
Generation 100: Best fitness = 1.502099
Generation 150: Best fitness = 1.648729
Generation 200: Best fitness = 1.684096
Generation 250: Best fitness = 1.759962
Generation 300: Best fitness = 1.790342
Generation 350: Best fitness = 1.793553
Generation 400: Best fitness = 1.794058
Generation 450: Best fitness = 1.794335
Attempt 633: Current best = 1.848279
Generation 0: Best fitness = -1000.000000
Generation 50: Best fitness = -1000.000000
Generation 100: Best fitness = -1000.000000
Generation 150: Best fitness = -1000.000000
Generation 200: Best fitness = -1000.000000
Generation 250: Best fitness = -1000.000000
Generation 300: Best fitness = -1000.000000
Generation 350: Best fitness = -1000.000000
Generation 400: Best fitness = -1000.000000
Generation 450: Best fitness = -1000.000000
Attempt 634: Current best = 1.848279
Generation 0: Best fitness = -1000.000000
Generation 50: Best fitness = -1000.000000
Generation 100: Best fitness = -1000.000000
Generation 150: Best fitness = -1000.000000
Generation 200: Best fitness = -1000.000000
Generation 250: Best fitness = -1000.000000
Generation 300: Best fitness = -1000.000000
Generation 350: Best fitness = -1000.000000
Generation 400: Best fitness = -1000.000000
Generation 450: Best fitness = -1000.000000
Attempt 635: Current best = 1.848279
Generation 0: Best fitness = -1000.000000
Generation 50: Best fitness = -1000.000000
Generation 100: Best fitness = -1000.000000
Generation 150: Best fitness = -1000.000000
Generation 200: Best fitness = -1000.000000
Generation 250: Best fitness = -1000.000000
Generation 300: Best fitness = -1000.000000
Generation 350: Best fitness = -1000.000000
Generation 400: Best fitness = -1000.000000
Generation 450: Best fitness = -1000.000000
Attempt 636: Current best = 1.848279
Generation 0: Best fitness = -1000.000000
Generation 50: Best fitness = -1000.000000
Generation 100: Best fitness = -1000.000000
Generation 150: Best fitness = -1000.000000
Generation 200: Best fitness = -1000.000000
Generation 250: Best fitness = -1000.000000
Generation 300: Best fitness = -1000.000000
Generation 350: Best fitness = -1000.000000
Generation 400: Best fitness = -1000.000000
Generation 450: Best fitness = -1000.000000
Attempt 637: Current best = 1.848279
Generation 0: Best fitness = -1000.000000
Generation 50: Best fitness = -1000.000000
Generation 100: Best fitness = -1000.000000
Generation 150: Best fitness = -1000.000000
Generation 200: Best fitness = -1000.000000
Generation 250: Best fitness = -1000.000000
Generation 300: Best fitness = -1000.000000
Generation 350: Best fitness = -1000.000000
Generation 400: Best fitness = -1000.000000
Generation 450: Best fitness = -1000.000000
Attempt 638: Current best = 1.848279
Generation 0: Best fitness = -1000.000000
Generation 50: Best fitness = -1000.000000
Generation 100: Best fitness = -1000.000000
Generation 150: Best fitness = -1000.000000
Generation 200: Best fitness = -1000.000000
Generation 250: Best fitness = -1000.000000
Generation 300: Best fitness = -1000.000000
Generation 350: Best fitness = -1000.000000
Generation 400: Best fitness = -1000.000000
Generation 450: Best fitness = -1000.000000
Attempt 639: Current best = 1.848279
Generation 0: Best fitness = -1000.000000
Generation 50: Best fitness = -1000.000000
Generation 100: Best fitness = -1000.000000
Generation 150: Best fitness = -1000.000000
Generation 200: Best fitness = -1000.000000
Generation 250: Best fitness = -1000.000000
Generation 300: Best fitness = -1000.000000
Generation 350: Best fitness = -1000.000000
Generation 400: Best fitness = -1000.000000
Generation 450: Best fitness = -1000.000000
Attempt 640: Current best = 1.848279
Generation 0: Best fitness = -1000.000000
Generation 50: Best fitness = -1000.000000
Generation 100: Best fitness = -1000.000000
Generation 150: Best fitness = -1000.000000
Generation 200: Best fitness = -1000.000000
Generation 250: Best fitness = -1000.000000
Generation 300: Best fitness = -1000.000000
Generation 350: Best fitness = -1000.000000
Generation 400: Best fitness = -1000.000000
Generation 450: Best fitness = -1000.000000
Attempt 641: Current best = 1.848279
Generation 0: Best fitness = -1000.000000
Generation 50: Best fitness = -1000.000000
Generation 100: Best fitness = -1000.000000
Generation 150: Best fitness = -1000.000000
Generation 200: Best fitness = -1000.000000
Generation 250: Best fitness = -1000.000000
Generation 300: Best fitness = -1000.000000
Generation 350: Best fitness = -1000.000000
Generation 400: Best fitness = -1000.000000
Generation 450: Best fitness = -1000.000000
Attempt 642: Current best = 1.848279
Generation 0: Best fitness = -1000.000000
Generation 50: Best fitness = -1000.000000
Generation 100: Best fitness = -1000.000000
Generation 150: Best fitness = -1000.000000
Generation 200: Best fitness = -1000.000000
Generation 250: Best fitness = -1000.000000
Generation 300: Best fitness = -1000.000000
Generation 350: Best fitness = -1000.000000
Generation 400: Best fitness = -1000.000000
Generation 450: Best fitness = -1000.000000
Attempt 643: Current best = 1.848279
Generation 0: Best fitness = -1000.000000
Generation 50: Best fitness = -1000.000000
Generation 100: Best fitness = -1000.000000
Generation 150: Best fitness = -1000.000000
Generation 200: Best fitness = -1000.000000
Generation 250: Best fitness = -1000.000000
Generation 300: Best fitness = -1000.000000
Generation 350: Best fitness = -1000.000000
Generation 400: Best fitness = -1000.000000
Generation 450: Best fitness = -1000.000000
Attempt 644: Current best = 1.848279
Generation 0: Best fitness = -1000.000000
Generation 50: Best fitness = -1000.000000
Generation 100: Best fitness = -1000.000000
Generation 150: Best fitness = -1000.000000
Generation 200: Best fitness = -1000.000000
Generation 250: Best fitness = -1000.000000
Generation 300: Best fitness = -1000.000000
Generation 350: Best fitness = -1000.000000
Generation 400: Best fitness = -1000.000000
Generation 450: Best fitness = -1000.000000
Attempt 645: Current best = 1.848279
Generation 0: Best fitness = -1000.000000
Generation 50: Best fitness = -1000.000000
Generation 100: Best fitness = -1000.000000
Generation 150: Best fitness = -1000.000000
Generation 200: Best fitness = -1000.000000
Generation 250: Best fitness = -1000.000000
Generation 300: Best fitness = -1000.000000
Generation 350: Best fitness = -1000.000000
Generation 400: Best fitness = -1000.000000
Generation 450: Best fitness = -1000.000000
Attempt 646: Current best = 1.848279
Generation 0: Best fitness = -1000.000000
Generation 50: Best fitness = -1000.000000
Generation 100: Best fitness = -1000.000000
Generation 150: Best fitness = -1000.000000
Generation 200: Best fitness = -1000.000000
Generation 250: Best fitness = -1000.000000
Generation 300: Best fitness = -1000.000000
Generation 350: Best fitness = -1000.000000
Generation 400: Best fitness = -1000.000000
Generation 450: Best fitness = -1000.000000
Attempt 647: Current best = 1.848279
Generation 0: Best fitness = -1000.000000
Generation 50: Best fitness = -1000.000000
Generation 100: Best fitness = -1000.000000
Generation 150: Best fitness = -1000.000000
Generation 200: Best fitness = -1000.000000
Generation 250: Best fitness = -1000.000000
Generation 300: Best fitness = -1000.000000
Generation 350: Best fitness = -1000.000000
Generation 400: Best fitness = -1000.000000
Generation 450: Best fitness = -1000.000000
Attempt 648: Current best = 1.848279
Generation 0: Best fitness = -1000.000000
Generation 50: Best fitness = -1000.000000
Generation 100: Best fitness = -1000.000000
Generation 150: Best fitness = -1000.000000
Generation 200: Best fitness = -1000.000000
Generation 250: Best fitness = -1000.000000
Generation 300: Best fitness = -1000.000000
Generation 350: Best fitness = -1000.000000
Generation 400: Best fitness = -1000.000000
Generation 450: Best fitness = -1000.000000
Attempt 649: Current best = 1.848279
Generation 0: Best fitness = -1000.000000
Generation 50: Best fitness = -1000.000000
Generation 100: Best fitness = 1.558419
Generation 150: Best fitness = 1.650655
Generation 200: Best fitness = 1.686193
Generation 250: Best fitness = 1.690638
Generation 300: Best fitness = 1.694405
Generation 350: Best fitness = 1.698895
Generation 400: Best fitness = 1.706787
Generation 450: Best fitness = 1.716584
Attempt 650: Current best = 1.848279
Generation 0: Best fitness = -1000.000000
Generation 50: Best fitness = -1000.000000
Generation 100: Best fitness = -1000.000000
Generation 150: Best fitness = -1000.000000
Generation 200: Best fitness = -1000.000000
Generation 250: Best fitness = -1000.000000
Generation 300: Best fitness = -1000.000000
Generation 350: Best fitness = -1000.000000
Generation 400: Best fitness = -1000.000000
Generation 450: Best fitness = -1000.000000
Attempt 651: Current best = 1.848279
Generation 0: Best fitness = -1000.000000
Generation 50: Best fitness = -1000.000000
Generation 100: Best fitness = -1000.000000
Generation 150: Best fitness = -1000.000000
Generation 200: Best fitness = -1000.000000
Generation 250: Best fitness = -1000.000000
Generation 300: Best fitness = -1000.000000
Generation 350: Best fitness = -1000.000000
Generation 400: Best fitness = -1000.000000
Generation 450: Best fitness = -1000.000000
Attempt 652: Current best = 1.848279
Generation 0: Best fitness = -1000.000000
Generation 50: Best fitness = -1000.000000
Generation 100: Best fitness = -1000.000000
Generation 150: Best fitness = -1000.000000
Generation 200: Best fitness = -1000.000000
Generation 250: Best fitness = -1000.000000
Generation 300: Best fitness = -1000.000000
Generation 350: Best fitness = -1000.000000
Generation 400: Best fitness = -1000.000000
Generation 450: Best fitness = -1000.000000
Attempt 653: Current best = 1.848279
Generation 0: Best fitness = -1000.000000
Generation 50: Best fitness = -1000.000000
Generation 100: Best fitness = -1000.000000
Generation 150: Best fitness = -1000.000000
Generation 200: Best fitness = -1000.000000
Generation 250: Best fitness = -1000.000000
Generation 300: Best fitness = -1000.000000
Generation 350: Best fitness = -1000.000000
Generation 400: Best fitness = -1000.000000
Generation 450: Best fitness = -1000.000000
Attempt 654: Current best = 1.848279
Generation 0: Best fitness = -1000.000000
Generation 50: Best fitness = -1000.000000
Generation 100: Best fitness = -1000.000000
Generation 150: Best fitness = -1000.000000
Generation 200: Best fitness = -1000.000000
Generation 250: Best fitness = -1000.000000
Generation 300: Best fitness = -1000.000000
Generation 350: Best fitness = -1000.000000
Generation 400: Best fitness = -1000.000000
Generation 450: Best fitness = -1000.000000
Attempt 655: Current best = 1.848279
Generation 0: Best fitness = -1000.000000
Generation 50: Best fitness = -1000.000000
Generation 100: Best fitness = -1000.000000
Generation 150: Best fitness = -1000.000000
Generation 200: Best fitness = -1000.000000
Generation 250: Best fitness = -1000.000000
Generation 300: Best fitness = -1000.000000
Generation 350: Best fitness = -1000.000000
Generation 400: Best fitness = -1000.000000
Generation 450: Best fitness = -1000.000000
Attempt 656: Current best = 1.848279
Generation 0: Best fitness = -1000.000000
Generation 50: Best fitness = 1.339470
Generation 100: Best fitness = 1.509315
Generation 150: Best fitness = 1.561967
Generation 200: Best fitness = 1.640814
Generation 250: Best fitness = 1.652022
Generation 300: Best fitness = 1.669953
Generation 350: Best fitness = 1.681368
Generation 400: Best fitness = 1.687724
Generation 450: Best fitness = 1.692083
Attempt 657: Current best = 1.848279
Generation 0: Best fitness = -1000.000000
Generation 50: Best fitness = -1000.000000
Generation 100: Best fitness = -1000.000000
Generation 150: Best fitness = -1000.000000
Generation 200: Best fitness = -1000.000000
Generation 250: Best fitness = -1000.000000
Generation 300: Best fitness = -1000.000000
Generation 350: Best fitness = -1000.000000
Generation 400: Best fitness = -1000.000000
Generation 450: Best fitness = -1000.000000
Attempt 658: Current best = 1.848279
Generation 0: Best fitness = -1000.000000
Generation 50: Best fitness = -1000.000000
Generation 100: Best fitness = -1000.000000
Generation 150: Best fitness = -1000.000000
Generation 200: Best fitness = -1000.000000
Generation 250: Best fitness = -1000.000000
Generation 300: Best fitness = -1000.000000
Generation 350: Best fitness = -1000.000000
Generation 400: Best fitness = -1000.000000
Generation 450: Best fitness = -1000.000000
Attempt 659: Current best = 1.848279
Generation 0: Best fitness = -1000.000000
Generation 50: Best fitness = -1000.000000
Generation 100: Best fitness = -1000.000000
Generation 150: Best fitness = -1000.000000
Generation 200: Best fitness = -1000.000000
Generation 250: Best fitness = -1000.000000
Generation 300: Best fitness = -1000.000000
Generation 350: Best fitness = -1000.000000
Generation 400: Best fitness = -1000.000000
Generation 450: Best fitness = -1000.000000
Attempt 660: Current best = 1.848279
Generation 0: Best fitness = -1000.000000
Generation 50: Best fitness = -1000.000000
Generation 100: Best fitness = -1000.000000
Generation 150: Best fitness = -1000.000000
Generation 200: Best fitness = -1000.000000
Generation 250: Best fitness = -1000.000000
Generation 300: Best fitness = -1000.000000
Generation 350: Best fitness = -1000.000000
Generation 400: Best fitness = -1000.000000
Generation 450: Best fitness = -1000.000000
Attempt 661: Current best = 1.848279
Generation 0: Best fitness = -1000.000000
Generation 50: Best fitness = -1000.000000
Generation 100: Best fitness = -1000.000000
Generation 150: Best fitness = -1000.000000
Generation 200: Best fitness = -1000.000000
Generation 250: Best fitness = -1000.000000
Generation 300: Best fitness = -1000.000000
Generation 350: Best fitness = -1000.000000
Generation 400: Best fitness = -1000.000000
Generation 450: Best fitness = -1000.000000
Attempt 662: Current best = 1.848279
Generation 0: Best fitness = -1000.000000
Generation 50: Best fitness = -1000.000000
Generation 100: Best fitness = -1000.000000
Generation 150: Best fitness = -1000.000000
Generation 200: Best fitness = -1000.000000
Generation 250: Best fitness = -1000.000000
Generation 300: Best fitness = -1000.000000
Generation 350: Best fitness = -1000.000000
Generation 400: Best fitness = -1000.000000
Generation 450: Best fitness = -1000.000000
Attempt 663: Current best = 1.848279
Generation 0: Best fitness = -1000.000000
Generation 50: Best fitness = -1000.000000
Generation 100: Best fitness = -1000.000000
Generation 150: Best fitness = -1000.000000
Generation 200: Best fitness = -1000.000000
Generation 250: Best fitness = -1000.000000
Generation 300: Best fitness = -1000.000000
Generation 350: Best fitness = -1000.000000
Generation 400: Best fitness = -1000.000000
Generation 450: Best fitness = -1000.000000
Attempt 664: Current best = 1.848279
Generation 0: Best fitness = -1000.000000
Generation 50: Best fitness = -1000.000000
Generation 100: Best fitness = -1000.000000
Generation 150: Best fitness = -1000.000000
Generation 200: Best fitness = -1000.000000
Generation 250: Best fitness = -1000.000000
Generation 300: Best fitness = -1000.000000
Generation 350: Best fitness = -1000.000000
Generation 400: Best fitness = -1000.000000
Generation 450: Best fitness = -1000.000000
Attempt 665: Current best = 1.848279
Generation 0: Best fitness = -1000.000000
Generation 50: Best fitness = -1000.000000
Generation 100: Best fitness = -1000.000000
Generation 150: Best fitness = -1000.000000
Generation 200: Best fitness = -1000.000000
Generation 250: Best fitness = -1000.000000
Generation 300: Best fitness = -1000.000000
Generation 350: Best fitness = -1000.000000
Generation 400: Best fitness = -1000.000000
Generation 450: Best fitness = -1000.000000
Attempt 666: Current best = 1.848279
Generation 0: Best fitness = -1000.000000
Generation 50: Best fitness = -1000.000000
Generation 100: Best fitness = -1000.000000
Generation 150: Best fitness = -1000.000000
Generation 200: Best fitness = -1000.000000
Generation 250: Best fitness = -1000.000000
Generation 300: Best fitness = -1000.000000
Generation 350: Best fitness = -1000.000000
Generation 400: Best fitness = -1000.000000
Generation 450: Best fitness = -1000.000000
Attempt 667: Current best = 1.848279
Generation 0: Best fitness = -1000.000000
Generation 50: Best fitness = -1000.000000
Generation 100: Best fitness = -1000.000000
Generation 150: Best fitness = -1000.000000
Generation 200: Best fitness = -1000.000000
Generation 250: Best fitness = -1000.000000
Generation 300: Best fitness = -1000.000000
Generation 350: Best fitness = -1000.000000
Generation 400: Best fitness = -1000.000000
Generation 450: Best fitness = -1000.000000
Attempt 668: Current best = 1.848279
Generation 0: Best fitness = -1000.000000
Generation 50: Best fitness = -1000.000000
Generation 100: Best fitness = -1000.000000
Generation 150: Best fitness = -1000.000000
Generation 200: Best fitness = -1000.000000
Generation 250: Best fitness = -1000.000000
Generation 300: Best fitness = -1000.000000
Generation 350: Best fitness = -1000.000000
Generation 400: Best fitness = -1000.000000
Generation 450: Best fitness = -1000.000000
Attempt 669: Current best = 1.848279
Generation 0: Best fitness = -1000.000000
Generation 50: Best fitness = -1000.000000
Generation 100: Best fitness = -1000.000000
Generation 150: Best fitness = -1000.000000
Generation 200: Best fitness = -1000.000000
Generation 250: Best fitness = -1000.000000
Generation 300: Best fitness = -1000.000000
Generation 350: Best fitness = -1000.000000
Generation 400: Best fitness = -1000.000000
Generation 450: Best fitness = -1000.000000
Attempt 670: Current best = 1.848279
Generation 0: Best fitness = -1000.000000
Generation 50: Best fitness = -1000.000000
Generation 100: Best fitness = -1000.000000
Generation 150: Best fitness = -1000.000000
Generation 200: Best fitness = -1000.000000
Generation 250: Best fitness = -1000.000000
Generation 300: Best fitness = -1000.000000
Generation 350: Best fitness = -1000.000000
Generation 400: Best fitness = -1000.000000
Generation 450: Best fitness = -1000.000000
Attempt 671: Current best = 1.848279
Generation 0: Best fitness = -1000.000000
Generation 50: Best fitness = -1000.000000
Generation 100: Best fitness = -1000.000000
Generation 150: Best fitness = -1000.000000
Generation 200: Best fitness = -1000.000000
Generation 250: Best fitness = -1000.000000
Generation 300: Best fitness = -1000.000000
Generation 350: Best fitness = -1000.000000
Generation 400: Best fitness = -1000.000000
Generation 450: Best fitness = -1000.000000
Attempt 672: Current best = 1.848279
Generation 0: Best fitness = -1000.000000
Generation 50: Best fitness = -1000.000000
Generation 100: Best fitness = -1000.000000
Generation 150: Best fitness = -1000.000000
Generation 200: Best fitness = -1000.000000
Generation 250: Best fitness = -1000.000000
Generation 300: Best fitness = -1000.000000
Generation 350: Best fitness = -1000.000000
Generation 400: Best fitness = -1000.000000
Generation 450: Best fitness = -1000.000000
Attempt 673: Current best = 1.848279
Generation 0: Best fitness = -1000.000000
Generation 50: Best fitness = -1000.000000
Generation 100: Best fitness = -1000.000000
Generation 150: Best fitness = -1000.000000
Generation 200: Best fitness = -1000.000000
Generation 250: Best fitness = -1000.000000
Generation 300: Best fitness = -1000.000000
Generation 350: Best fitness = -1000.000000
Generation 400: Best fitness = -1000.000000
Generation 450: Best fitness = -1000.000000
Attempt 674: Current best = 1.848279
Generation 0: Best fitness = -1000.000000
Generation 50: Best fitness = -1000.000000
Generation 100: Best fitness = -1000.000000
Generation 150: Best fitness = -1000.000000
Generation 200: Best fitness = -1000.000000
Generation 250: Best fitness = -1000.000000
Generation 300: Best fitness = -1000.000000
Generation 350: Best fitness = -1000.000000
Generation 400: Best fitness = -1000.000000
Generation 450: Best fitness = -1000.000000
Attempt 675: Current best = 1.848279
Generation 0: Best fitness = -1000.000000
Generation 50: Best fitness = -1000.000000
Generation 100: Best fitness = -1000.000000
Generation 150: Best fitness = -1000.000000
Generation 200: Best fitness = -1000.000000
Generation 250: Best fitness = -1000.000000
Generation 300: Best fitness = -1000.000000
Generation 350: Best fitness = -1000.000000
Generation 400: Best fitness = -1000.000000
Generation 450: Best fitness = -1000.000000
Attempt 676: Current best = 1.848279
Generation 0: Best fitness = -1000.000000
Generation 50: Best fitness = -1000.000000
Generation 100: Best fitness = -1000.000000
Generation 150: Best fitness = -1000.000000
Generation 200: Best fitness = -1000.000000
Generation 250: Best fitness = -1000.000000
Generation 300: Best fitness = -1000.000000
Generation 350: Best fitness = -1000.000000
Generation 400: Best fitness = -1000.000000
Generation 450: Best fitness = -1000.000000
Attempt 677: Current best = 1.848279
Generation 0: Best fitness = -1000.000000
Generation 50: Best fitness = -1000.000000
Generation 100: Best fitness = -1000.000000
Generation 150: Best fitness = -1000.000000
Generation 200: Best fitness = -1000.000000
Generation 250: Best fitness = -1000.000000
Generation 300: Best fitness = -1000.000000
Generation 350: Best fitness = -1000.000000
Generation 400: Best fitness = -1000.000000
Generation 450: Best fitness = -1000.000000
Attempt 678: Current best = 1.848279
Generation 0: Best fitness = -1000.000000
Generation 50: Best fitness = -1000.000000
Generation 100: Best fitness = -1000.000000
Generation 150: Best fitness = -1000.000000
Generation 200: Best fitness = -1000.000000
Generation 250: Best fitness = -1000.000000
Generation 300: Best fitness = -1000.000000
Generation 350: Best fitness = -1000.000000
Generation 400: Best fitness = -1000.000000
Generation 450: Best fitness = -1000.000000
Attempt 679: Current best = 1.848279
Generation 0: Best fitness = -1000.000000
Generation 50: Best fitness = -1000.000000
Generation 100: Best fitness = -1000.000000
Generation 150: Best fitness = -1000.000000
Generation 200: Best fitness = -1000.000000
Generation 250: Best fitness = -1000.000000
Generation 300: Best fitness = -1000.000000
Generation 350: Best fitness = -1000.000000
Generation 400: Best fitness = -1000.000000
Generation 450: Best fitness = -1000.000000
Attempt 680: Current best = 1.848279
Generation 0: Best fitness = -1000.000000
Generation 50: Best fitness = -1000.000000
Generation 100: Best fitness = -1000.000000
Generation 150: Best fitness = -1000.000000
Generation 200: Best fitness = -1000.000000
Generation 250: Best fitness = -1000.000000
Generation 300: Best fitness = -1000.000000
Generation 350: Best fitness = -1000.000000
Generation 400: Best fitness = -1000.000000
Generation 450: Best fitness = -1000.000000
Attempt 681: Current best = 1.848279
Generation 0: Best fitness = -1000.000000
Generation 50: Best fitness = -1000.000000
Generation 100: Best fitness = -1000.000000
Generation 150: Best fitness = -1000.000000
Generation 200: Best fitness = -1000.000000
Generation 250: Best fitness = -1000.000000
Generation 300: Best fitness = -1000.000000
Generation 350: Best fitness = -1000.000000
Generation 400: Best fitness = -1000.000000
Generation 450: Best fitness = -1000.000000
Attempt 682: Current best = 1.848279
Generation 0: Best fitness = -1000.000000
Generation 50: Best fitness = -1000.000000
Generation 100: Best fitness = -1000.000000
Generation 150: Best fitness = -1000.000000
Generation 200: Best fitness = -1000.000000
Generation 250: Best fitness = -1000.000000
Generation 300: Best fitness = -1000.000000
Generation 350: Best fitness = -1000.000000
Generation 400: Best fitness = -1000.000000
Generation 450: Best fitness = -1000.000000
Attempt 683: Current best = 1.848279
Generation 0: Best fitness = -1000.000000
Generation 50: Best fitness = -1000.000000
Generation 100: Best fitness = 1.262795
Generation 150: Best fitness = 1.322205
Generation 200: Best fitness = 1.354646
Generation 250: Best fitness = 1.382563
Generation 300: Best fitness = 1.386220
Generation 350: Best fitness = 1.387070
Generation 400: Best fitness = 1.387195
Generation 450: Best fitness = 1.389279
Attempt 684: Current best = 1.848279
Generation 0: Best fitness = -1000.000000
Generation 50: Best fitness = -1000.000000
Generation 100: Best fitness = -1000.000000
Generation 150: Best fitness = -1000.000000
Generation 200: Best fitness = -1000.000000
Generation 250: Best fitness = -1000.000000
Generation 300: Best fitness = -1000.000000
Generation 350: Best fitness = -1000.000000
Generation 400: Best fitness = -1000.000000
Generation 450: Best fitness = -1000.000000
Attempt 685: Current best = 1.848279
Generation 0: Best fitness = -1000.000000
Generation 50: Best fitness = -1000.000000
Generation 100: Best fitness = -1000.000000
Generation 150: Best fitness = -1000.000000
Generation 200: Best fitness = -1000.000000
Generation 250: Best fitness = -1000.000000
Generation 300: Best fitness = -1000.000000
Generation 350: Best fitness = -1000.000000
Generation 400: Best fitness = -1000.000000
Generation 450: Best fitness = -1000.000000
Attempt 686: Current best = 1.848279
Generation 0: Best fitness = -1000.000000
Generation 50: Best fitness = -1000.000000
Generation 100: Best fitness = -1000.000000
Generation 150: Best fitness = -1000.000000
Generation 200: Best fitness = -1000.000000
Generation 250: Best fitness = -1000.000000
Generation 300: Best fitness = -1000.000000
Generation 350: Best fitness = -1000.000000
Generation 400: Best fitness = -1000.000000
Generation 450: Best fitness = -1000.000000
Attempt 687: Current best = 1.848279
Generation 0: Best fitness = -1000.000000
Generation 50: Best fitness = -1000.000000
Generation 100: Best fitness = -1000.000000
Generation 150: Best fitness = -1000.000000
Generation 200: Best fitness = -1000.000000
Generation 250: Best fitness = -1000.000000
Generation 300: Best fitness = -1000.000000
Generation 350: Best fitness = -1000.000000
Generation 400: Best fitness = -1000.000000
Generation 450: Best fitness = -1000.000000
Attempt 688: Current best = 1.848279
Generation 0: Best fitness = -1000.000000
Generation 50: Best fitness = -1000.000000
Generation 100: Best fitness = -1000.000000
Generation 150: Best fitness = -1000.000000
Generation 200: Best fitness = -1000.000000
Generation 250: Best fitness = -1000.000000
Generation 300: Best fitness = -1000.000000
Generation 350: Best fitness = -1000.000000
Generation 400: Best fitness = -1000.000000
Generation 450: Best fitness = -1000.000000
Attempt 689: Current best = 1.848279
Generation 0: Best fitness = -1000.000000
Generation 50: Best fitness = -1000.000000
Generation 100: Best fitness = -1000.000000
Generation 150: Best fitness = -1000.000000
Generation 200: Best fitness = -1000.000000
Generation 250: Best fitness = -1000.000000
Generation 300: Best fitness = -1000.000000
Generation 350: Best fitness = -1000.000000
Generation 400: Best fitness = -1000.000000
Generation 450: Best fitness = -1000.000000
Attempt 690: Current best = 1.848279
Generation 0: Best fitness = -1000.000000
Generation 50: Best fitness = -1000.000000
Generation 100: Best fitness = -1000.000000
Generation 150: Best fitness = -1000.000000
Generation 200: Best fitness = -1000.000000
Generation 250: Best fitness = -1000.000000
Generation 300: Best fitness = -1000.000000
Generation 350: Best fitness = -1000.000000
Generation 400: Best fitness = -1000.000000
Generation 450: Best fitness = -1000.000000
Attempt 691: Current best = 1.848279
Generation 0: Best fitness = -1000.000000
Generation 50: Best fitness = -1000.000000
Generation 100: Best fitness = -1000.000000
Generation 150: Best fitness = -1000.000000
Generation 200: Best fitness = -1000.000000
Generation 250: Best fitness = -1000.000000
Generation 300: Best fitness = -1000.000000
Generation 350: Best fitness = -1000.000000
Generation 400: Best fitness = -1000.000000
Generation 450: Best fitness = -1000.000000
Attempt 692: Current best = 1.848279
Generation 0: Best fitness = -1000.000000
Generation 50: Best fitness = -1000.000000
Generation 100: Best fitness = -1000.000000
Generation 150: Best fitness = -1000.000000
Generation 200: Best fitness = -1000.000000
Generation 250: Best fitness = -1000.000000
Generation 300: Best fitness = -1000.000000
Generation 350: Best fitness = -1000.000000
Generation 400: Best fitness = -1000.000000
Generation 450: Best fitness = -1000.000000
Attempt 693: Current best = 1.848279
Generation 0: Best fitness = -1000.000000
Generation 50: Best fitness = -1000.000000
Generation 100: Best fitness = -1000.000000
Generation 150: Best fitness = -1000.000000
Generation 200: Best fitness = -1000.000000
Generation 250: Best fitness = -1000.000000
Generation 300: Best fitness = -1000.000000
Generation 350: Best fitness = -1000.000000
Generation 400: Best fitness = -1000.000000
Generation 450: Best fitness = -1000.000000
Attempt 694: Current best = 1.848279
Generation 0: Best fitness = -1000.000000
Generation 50: Best fitness = 1.123825
Generation 100: Best fitness = 1.522220
Generation 150: Best fitness = 1.584592
Generation 200: Best fitness = 1.592465
Generation 250: Best fitness = 1.593336
Generation 300: Best fitness = 1.593989
Generation 350: Best fitness = 1.595055
Generation 400: Best fitness = 1.595442
Generation 450: Best fitness = 1.595479
Attempt 695: Current best = 1.848279
Generation 0: Best fitness = -1000.000000
Generation 50: Best fitness = -1000.000000
Generation 100: Best fitness = -1000.000000
Generation 150: Best fitness = -1000.000000
Generation 200: Best fitness = -1000.000000
Generation 250: Best fitness = -1000.000000
Generation 300: Best fitness = -1000.000000
Generation 350: Best fitness = -1000.000000
Generation 400: Best fitness = -1000.000000
Generation 450: Best fitness = -1000.000000
Attempt 696: Current best = 1.848279
Generation 0: Best fitness = -1000.000000
Generation 50: Best fitness = -1000.000000
Generation 100: Best fitness = -1000.000000
Generation 150: Best fitness = -1000.000000
Generation 200: Best fitness = -1000.000000
Generation 250: Best fitness = -1000.000000
Generation 300: Best fitness = -1000.000000
Generation 350: Best fitness = -1000.000000
Generation 400: Best fitness = -1000.000000
Generation 450: Best fitness = -1000.000000
Attempt 697: Current best = 1.848279
Generation 0: Best fitness = -1000.000000
Generation 50: Best fitness = -1000.000000
Generation 100: Best fitness = -1000.000000
Generation 150: Best fitness = -1000.000000
Generation 200: Best fitness = -1000.000000
Generation 250: Best fitness = -1000.000000
Generation 300: Best fitness = -1000.000000
Generation 350: Best fitness = -1000.000000
Generation 400: Best fitness = -1000.000000
Generation 450: Best fitness = -1000.000000
Attempt 698: Current best = 1.848279
Generation 0: Best fitness = -1000.000000
Generation 50: Best fitness = -1000.000000
Generation 100: Best fitness = -1000.000000
Generation 150: Best fitness = -1000.000000
Generation 200: Best fitness = -1000.000000
Generation 250: Best fitness = -1000.000000
Generation 300: Best fitness = -1000.000000
Generation 350: Best fitness = -1000.000000
Generation 400: Best fitness = -1000.000000
Generation 450: Best fitness = -1000.000000
Attempt 699: Current best = 1.848279
Generation 0: Best fitness = -1000.000000
Generation 50: Best fitness = -1000.000000
Generation 100: Best fitness = -1000.000000
Generation 150: Best fitness = -1000.000000
Generation 200: Best fitness = -1000.000000
Generation 250: Best fitness = -1000.000000
Generation 300: Best fitness = -1000.000000
Generation 350: Best fitness = -1000.000000
Generation 400: Best fitness = -1000.000000
Generation 450: Best fitness = -1000.000000
Attempt 700: Current best = 1.848279
Generation 0: Best fitness = -1000.000000
Generation 50: Best fitness = -1000.000000
Generation 100: Best fitness = -1000.000000
Generation 150: Best fitness = -1000.000000
Generation 200: Best fitness = -1000.000000
Generation 250: Best fitness = -1000.000000
Generation 300: Best fitness = -1000.000000
Generation 350: Best fitness = -1000.000000
Generation 400: Best fitness = -1000.000000
Generation 450: Best fitness = -1000.000000
Attempt 701: Current best = 1.848279
Generation 0: Best fitness = -1000.000000
Generation 50: Best fitness = -1000.000000
Generation 100: Best fitness = -1000.000000
Generation 150: Best fitness = -1000.000000
Generation 200: Best fitness = -1000.000000
Generation 250: Best fitness = -1000.000000
Generation 300: Best fitness = -1000.000000
Generation 350: Best fitness = -1000.000000
Generation 400: Best fitness = -1000.000000
Generation 450: Best fitness = -1000.000000
Attempt 702: Current best = 1.848279
Generation 0: Best fitness = -1000.000000
Generation 50: Best fitness = -1000.000000
Generation 100: Best fitness = -1000.000000
Generation 150: Best fitness = -1000.000000
Generation 200: Best fitness = -1000.000000
Generation 250: Best fitness = -1000.000000
Generation 300: Best fitness = -1000.000000
Generation 350: Best fitness = -1000.000000
Generation 400: Best fitness = -1000.000000
Generation 450: Best fitness = -1000.000000
Attempt 703: Current best = 1.848279
Generation 0: Best fitness = -1000.000000
Generation 50: Best fitness = -1000.000000
Generation 100: Best fitness = -1000.000000
Generation 150: Best fitness = -1000.000000
Generation 200: Best fitness = -1000.000000
Generation 250: Best fitness = -1000.000000
Generation 300: Best fitness = -1000.000000
Generation 350: Best fitness = -1000.000000
Generation 400: Best fitness = -1000.000000
Generation 450: Best fitness = -1000.000000
Attempt 704: Current best = 1.848279
Generation 0: Best fitness = -1000.000000
Generation 50: Best fitness = -1000.000000
Generation 100: Best fitness = -1000.000000
Generation 150: Best fitness = -1000.000000
Generation 200: Best fitness = -1000.000000
Generation 250: Best fitness = -1000.000000
Generation 300: Best fitness = -1000.000000
Generation 350: Best fitness = -1000.000000
Generation 400: Best fitness = -1000.000000
Generation 450: Best fitness = -1000.000000
Attempt 705: Current best = 1.848279
Generation 0: Best fitness = -1000.000000
Generation 50: Best fitness = -1000.000000
Generation 100: Best fitness = -1000.000000
Generation 150: Best fitness = -1000.000000
Generation 200: Best fitness = -1000.000000
Generation 250: Best fitness = -1000.000000
Generation 300: Best fitness = -1000.000000
Generation 350: Best fitness = -1000.000000
Generation 400: Best fitness = -1000.000000
Generation 450: Best fitness = -1000.000000
Attempt 706: Current best = 1.848279
Generation 0: Best fitness = -1000.000000
Generation 50: Best fitness = -1000.000000
Generation 100: Best fitness = -1000.000000
Generation 150: Best fitness = -1000.000000
Generation 200: Best fitness = -1000.000000
Generation 250: Best fitness = -1000.000000
Generation 300: Best fitness = -1000.000000
Generation 350: Best fitness = -1000.000000
Generation 400: Best fitness = -1000.000000
Generation 450: Best fitness = -1000.000000
Attempt 707: Current best = 1.848279
Generation 0: Best fitness = -1000.000000
Generation 50: Best fitness = -1000.000000
Generation 100: Best fitness = -1000.000000
Generation 150: Best fitness = -1000.000000
Generation 200: Best fitness = -1000.000000
Generation 250: Best fitness = -1000.000000
Generation 300: Best fitness = -1000.000000
Generation 350: Best fitness = -1000.000000
Generation 400: Best fitness = -1000.000000
Generation 450: Best fitness = -1000.000000
Attempt 708: Current best = 1.848279
Generation 0: Best fitness = -1000.000000
Generation 50: Best fitness = -1000.000000
Generation 100: Best fitness = -1000.000000
Generation 150: Best fitness = -1000.000000
Generation 200: Best fitness = -1000.000000
Generation 250: Best fitness = -1000.000000
Generation 300: Best fitness = -1000.000000
Generation 350: Best fitness = -1000.000000
Generation 400: Best fitness = -1000.000000
Generation 450: Best fitness = -1000.000000
Attempt 709: Current best = 1.848279
Generation 0: Best fitness = -1000.000000
Generation 50: Best fitness = -1000.000000
Generation 100: Best fitness = -1000.000000
Generation 150: Best fitness = -1000.000000
Generation 200: Best fitness = -1000.000000
Generation 250: Best fitness = -1000.000000
Generation 300: Best fitness = -1000.000000
Generation 350: Best fitness = -1000.000000
Generation 400: Best fitness = -1000.000000
Generation 450: Best fitness = -1000.000000
Attempt 710: Current best = 1.848279
Generation 0: Best fitness = -1000.000000
Generation 50: Best fitness = -1000.000000
Generation 100: Best fitness = -1000.000000
Generation 150: Best fitness = -1000.000000
Generation 200: Best fitness = -1000.000000
Generation 250: Best fitness = -1000.000000
Generation 300: Best fitness = -1000.000000
Generation 350: Best fitness = -1000.000000
Generation 400: Best fitness = -1000.000000
Generation 450: Best fitness = -1000.000000
Attempt 711: Current best = 1.848279
Generation 0: Best fitness = -1000.000000
Generation 50: Best fitness = -1000.000000
Generation 100: Best fitness = -1000.000000
Generation 150: Best fitness = -1000.000000
Generation 200: Best fitness = -1000.000000
Generation 250: Best fitness = -1000.000000
Generation 300: Best fitness = -1000.000000
Generation 350: Best fitness = -1000.000000
Generation 400: Best fitness = -1000.000000
Generation 450: Best fitness = -1000.000000
Attempt 712: Current best = 1.848279
Generation 0: Best fitness = -1000.000000
Generation 50: Best fitness = -1000.000000
Generation 100: Best fitness = -1000.000000
Generation 150: Best fitness = -1000.000000
Generation 200: Best fitness = -1000.000000
Generation 250: Best fitness = -1000.000000
Generation 300: Best fitness = -1000.000000
Generation 350: Best fitness = -1000.000000
Generation 400: Best fitness = -1000.000000
Generation 450: Best fitness = -1000.000000
Attempt 713: Current best = 1.848279
Generation 0: Best fitness = -1000.000000
Generation 50: Best fitness = -1000.000000
Generation 100: Best fitness = -1000.000000
Generation 150: Best fitness = -1000.000000
Generation 200: Best fitness = -1000.000000
Generation 250: Best fitness = -1000.000000
Generation 300: Best fitness = -1000.000000
Generation 350: Best fitness = -1000.000000
Generation 400: Best fitness = -1000.000000
Generation 450: Best fitness = -1000.000000
Attempt 714: Current best = 1.848279
Generation 0: Best fitness = -1000.000000
Generation 50: Best fitness = -1000.000000
Generation 100: Best fitness = -1000.000000
Generation 150: Best fitness = -1000.000000
Generation 200: Best fitness = -1000.000000
Generation 250: Best fitness = -1000.000000
Generation 300: Best fitness = -1000.000000
Generation 350: Best fitness = -1000.000000
Generation 400: Best fitness = -1000.000000
Generation 450: Best fitness = -1000.000000
Attempt 715: Current best = 1.848279
Generation 0: Best fitness = -1000.000000
Generation 50: Best fitness = -1000.000000
Generation 100: Best fitness = -1000.000000
Generation 150: Best fitness = -1000.000000
Generation 200: Best fitness = -1000.000000
Generation 250: Best fitness = -1000.000000
Generation 300: Best fitness = -1000.000000
Generation 350: Best fitness = -1000.000000
Generation 400: Best fitness = -1000.000000
Generation 450: Best fitness = -1000.000000
Attempt 716: Current best = 1.848279
Generation 0: Best fitness = -1000.000000
Generation 50: Best fitness = -1000.000000
Generation 100: Best fitness = -1000.000000
Generation 150: Best fitness = -1000.000000
Generation 200: Best fitness = -1000.000000
Generation 250: Best fitness = -1000.000000
Generation 300: Best fitness = -1000.000000
Generation 350: Best fitness = -1000.000000
Generation 400: Best fitness = -1000.000000
Generation 450: Best fitness = -1000.000000
Attempt 717: Current best = 1.848279
Generation 0: Best fitness = -1000.000000
Generation 50: Best fitness = -1000.000000
Generation 100: Best fitness = -1000.000000
Generation 150: Best fitness = -1000.000000
Generation 200: Best fitness = -1000.000000
Generation 250: Best fitness = -1000.000000
Generation 300: Best fitness = -1000.000000
Generation 350: Best fitness = -1000.000000
Generation 400: Best fitness = -1000.000000
Generation 450: Best fitness = -1000.000000
Attempt 718: Current best = 1.848279
Generation 0: Best fitness = -1000.000000
Generation 50: Best fitness = -1000.000000
Generation 100: Best fitness = -1000.000000
Generation 150: Best fitness = -1000.000000
Generation 200: Best fitness = -1000.000000
Generation 250: Best fitness = -1000.000000
Generation 300: Best fitness = -1000.000000
Generation 350: Best fitness = -1000.000000
Generation 400: Best fitness = -1000.000000
Generation 450: Best fitness = -1000.000000
Attempt 719: Current best = 1.848279
Generation 0: Best fitness = -1000.000000
Generation 50: Best fitness = -1000.000000
Generation 100: Best fitness = -1000.000000
Generation 150: Best fitness = -1000.000000
Generation 200: Best fitness = -1000.000000
Generation 250: Best fitness = -1000.000000
Generation 300: Best fitness = -1000.000000
Generation 350: Best fitness = -1000.000000
Generation 400: Best fitness = -1000.000000
Generation 450: Best fitness = -1000.000000
Attempt 720: Current best = 1.848279
Generation 0: Best fitness = -1000.000000
Generation 50: Best fitness = -1000.000000
Generation 100: Best fitness = -1000.000000
Generation 150: Best fitness = -1000.000000
Generation 200: Best fitness = -1000.000000
Generation 250: Best fitness = 1.097717
Generation 300: Best fitness = 1.472093
Generation 350: Best fitness = 1.518154
Generation 400: Best fitness = 1.564429
Generation 450: Best fitness = 1.576172
Attempt 721: Current best = 1.848279
Generation 0: Best fitness = -1000.000000
Generation 50: Best fitness = -1000.000000
Generation 100: Best fitness = -1000.000000
Generation 150: Best fitness = -1000.000000
Generation 200: Best fitness = -1000.000000
Generation 250: Best fitness = -1000.000000
Generation 300: Best fitness = -1000.000000
Generation 350: Best fitness = -1000.000000
Generation 400: Best fitness = -1000.000000
Generation 450: Best fitness = -1000.000000
Attempt 722: Current best = 1.848279
Generation 0: Best fitness = -1000.000000
Generation 50: Best fitness = -1000.000000
Generation 100: Best fitness = -1000.000000
Generation 150: Best fitness = -1000.000000
Generation 200: Best fitness = -1000.000000
Generation 250: Best fitness = -1000.000000
Generation 300: Best fitness = -1000.000000
Generation 350: Best fitness = -1000.000000
Generation 400: Best fitness = -1000.000000
Generation 450: Best fitness = -1000.000000
Attempt 723: Current best = 1.848279
Generation 0: Best fitness = -1000.000000
Generation 50: Best fitness = -1000.000000
Generation 100: Best fitness = -1000.000000
Generation 150: Best fitness = -1000.000000
Generation 200: Best fitness = -1000.000000
Generation 250: Best fitness = -1000.000000
Generation 300: Best fitness = -1000.000000
Generation 350: Best fitness = -1000.000000
Generation 400: Best fitness = -1000.000000
Generation 450: Best fitness = -1000.000000
Attempt 724: Current best = 1.848279
Generation 0: Best fitness = -1000.000000
Generation 50: Best fitness = -1000.000000
Generation 100: Best fitness = -1000.000000
Generation 150: Best fitness = -1000.000000
Generation 200: Best fitness = -1000.000000
Generation 250: Best fitness = -1000.000000
Generation 300: Best fitness = -1000.000000
Generation 350: Best fitness = -1000.000000
Generation 400: Best fitness = -1000.000000
Generation 450: Best fitness = -1000.000000
Attempt 725: Current best = 1.848279
Generation 0: Best fitness = -1000.000000
Generation 50: Best fitness = -1000.000000
Generation 100: Best fitness = -1000.000000
Generation 150: Best fitness = -1000.000000
Generation 200: Best fitness = -1000.000000
Generation 250: Best fitness = -1000.000000
Generation 300: Best fitness = -1000.000000
Generation 350: Best fitness = -1000.000000
Generation 400: Best fitness = -1000.000000
Generation 450: Best fitness = -1000.000000
Attempt 726: Current best = 1.848279
Generation 0: Best fitness = -1000.000000
Generation 50: Best fitness = -1000.000000
Generation 100: Best fitness = -1000.000000
Generation 150: Best fitness = -1000.000000
Generation 200: Best fitness = -1000.000000
Generation 250: Best fitness = -1000.000000
Generation 300: Best fitness = -1000.000000
Generation 350: Best fitness = -1000.000000
Generation 400: Best fitness = -1000.000000
Generation 450: Best fitness = -1000.000000
Attempt 727: Current best = 1.848279
Generation 0: Best fitness = -1000.000000
Generation 50: Best fitness = -1000.000000
Generation 100: Best fitness = -1000.000000
Generation 150: Best fitness = -1000.000000
Generation 200: Best fitness = -1000.000000
Generation 250: Best fitness = -1000.000000
Generation 300: Best fitness = -1000.000000
Generation 350: Best fitness = -1000.000000
Generation 400: Best fitness = -1000.000000
Generation 450: Best fitness = -1000.000000
Attempt 728: Current best = 1.848279
Generation 0: Best fitness = -1000.000000
Generation 50: Best fitness = -1000.000000
Generation 100: Best fitness = -1000.000000
Generation 150: Best fitness = -1000.000000
Generation 200: Best fitness = -1000.000000
Generation 250: Best fitness = -1000.000000
Generation 300: Best fitness = -1000.000000
Generation 350: Best fitness = -1000.000000
Generation 400: Best fitness = -1000.000000
Generation 450: Best fitness = -1000.000000
Attempt 729: Current best = 1.848279
Generation 0: Best fitness = -1000.000000
Generation 50: Best fitness = -1000.000000
Generation 100: Best fitness = -1000.000000
Generation 150: Best fitness = -1000.000000
Generation 200: Best fitness = -1000.000000
Generation 250: Best fitness = -1000.000000
Generation 300: Best fitness = -1000.000000
Generation 350: Best fitness = -1000.000000
Generation 400: Best fitness = -1000.000000
Generation 450: Best fitness = -1000.000000
Attempt 730: Current best = 1.848279
Generation 0: Best fitness = -1000.000000
Generation 50: Best fitness = -1000.000000
Generation 100: Best fitness = -1000.000000
Generation 150: Best fitness = -1000.000000
Generation 200: Best fitness = -1000.000000
Generation 250: Best fitness = -1000.000000
Generation 300: Best fitness = -1000.000000
Generation 350: Best fitness = -1000.000000
Generation 400: Best fitness = -1000.000000
Generation 450: Best fitness = -1000.000000
Attempt 731: Current best = 1.848279
Generation 0: Best fitness = -1000.000000
Generation 50: Best fitness = -1000.000000
Generation 100: Best fitness = -1000.000000
Generation 150: Best fitness = -1000.000000
Generation 200: Best fitness = -1000.000000
Generation 250: Best fitness = -1000.000000
Generation 300: Best fitness = -1000.000000
Generation 350: Best fitness = -1000.000000
Generation 400: Best fitness = -1000.000000
Generation 450: Best fitness = -1000.000000
Attempt 732: Current best = 1.848279
Generation 0: Best fitness = -1000.000000
Generation 50: Best fitness = -1000.000000
Generation 100: Best fitness = -1000.000000
Generation 150: Best fitness = -1000.000000
Generation 200: Best fitness = -1000.000000
Generation 250: Best fitness = -1000.000000
Generation 300: Best fitness = -1000.000000
Generation 350: Best fitness = -1000.000000
Generation 400: Best fitness = -1000.000000
Generation 450: Best fitness = -1000.000000
Attempt 733: Current best = 1.848279
Generation 0: Best fitness = -1000.000000
Generation 50: Best fitness = -1000.000000
Generation 100: Best fitness = -1000.000000
Generation 150: Best fitness = -1000.000000
Generation 200: Best fitness = -1000.000000
Generation 250: Best fitness = -1000.000000
Generation 300: Best fitness = -1000.000000
Generation 350: Best fitness = -1000.000000
Generation 400: Best fitness = -1000.000000
Generation 450: Best fitness = -1000.000000
Attempt 734: Current best = 1.848279
Generation 0: Best fitness = -1000.000000
Generation 50: Best fitness = -1000.000000
Generation 100: Best fitness = -1000.000000
Generation 150: Best fitness = -1000.000000
Generation 200: Best fitness = -1000.000000
Generation 250: Best fitness = -1000.000000
Generation 300: Best fitness = -1000.000000
Generation 350: Best fitness = -1000.000000
Generation 400: Best fitness = -1000.000000
Generation 450: Best fitness = -1000.000000
Attempt 735: Current best = 1.848279
Generation 0: Best fitness = -1000.000000
Generation 50: Best fitness = -1000.000000
Generation 100: Best fitness = -1000.000000
Generation 150: Best fitness = -1000.000000
Generation 200: Best fitness = -1000.000000
Generation 250: Best fitness = -1000.000000
Generation 300: Best fitness = -1000.000000
Generation 350: Best fitness = -1000.000000
Generation 400: Best fitness = -1000.000000
Generation 450: Best fitness = -1000.000000
Attempt 736: Current best = 1.848279
Generation 0: Best fitness = -1000.000000
Generation 50: Best fitness = -1000.000000
Generation 100: Best fitness = -1000.000000
Generation 150: Best fitness = -1000.000000
Generation 200: Best fitness = -1000.000000
Generation 250: Best fitness = -1000.000000
Generation 300: Best fitness = -1000.000000
Generation 350: Best fitness = -1000.000000
Generation 400: Best fitness = -1000.000000
Generation 450: Best fitness = -1000.000000
Attempt 737: Current best = 1.848279
Generation 0: Best fitness = -1000.000000
Generation 50: Best fitness = -1000.000000
Generation 100: Best fitness = -1000.000000
Generation 150: Best fitness = -1000.000000
Generation 200: Best fitness = -1000.000000
Generation 250: Best fitness = -1000.000000
Generation 300: Best fitness = -1000.000000
Generation 350: Best fitness = -1000.000000
Generation 400: Best fitness = -1000.000000
Generation 450: Best fitness = -1000.000000
Attempt 738: Current best = 1.848279
Generation 0: Best fitness = -1000.000000
Generation 50: Best fitness = -1000.000000
Generation 100: Best fitness = -1000.000000
Generation 150: Best fitness = -1000.000000
Generation 200: Best fitness = -1000.000000
Generation 250: Best fitness = -1000.000000
Generation 300: Best fitness = -1000.000000
Generation 350: Best fitness = -1000.000000
Generation 400: Best fitness = -1000.000000
Generation 450: Best fitness = -1000.000000
Attempt 739: Current best = 1.848279
Generation 0: Best fitness = -1000.000000
Generation 50: Best fitness = -1000.000000
Generation 100: Best fitness = -1000.000000
Generation 150: Best fitness = -1000.000000
Generation 200: Best fitness = -1000.000000
Generation 250: Best fitness = -1000.000000
Generation 300: Best fitness = -1000.000000
Generation 350: Best fitness = -1000.000000
Generation 400: Best fitness = -1000.000000
Generation 450: Best fitness = -1000.000000
Attempt 740: Current best = 1.848279
Generation 0: Best fitness = -1000.000000
Generation 50: Best fitness = -1000.000000
Generation 100: Best fitness = -1000.000000
Generation 150: Best fitness = -1000.000000
Generation 200: Best fitness = -1000.000000
Generation 250: Best fitness = -1000.000000
Generation 300: Best fitness = -1000.000000
Generation 350: Best fitness = -1000.000000
Generation 400: Best fitness = -1000.000000
Generation 450: Best fitness = -1000.000000
Attempt 741: Current best = 1.848279
Generation 0: Best fitness = -1000.000000
Generation 50: Best fitness = -1000.000000
Generation 100: Best fitness = -1000.000000
Generation 150: Best fitness = -1000.000000
Generation 200: Best fitness = -1000.000000
Generation 250: Best fitness = -1000.000000
Generation 300: Best fitness = -1000.000000
Generation 350: Best fitness = -1000.000000
Generation 400: Best fitness = -1000.000000
Generation 450: Best fitness = -1000.000000
Attempt 742: Current best = 1.848279
Generation 0: Best fitness = -1000.000000
Generation 50: Best fitness = -1000.000000
Generation 100: Best fitness = -1000.000000
Generation 150: Best fitness = -1000.000000
Generation 200: Best fitness = -1000.000000
Generation 250: Best fitness = -1000.000000
Generation 300: Best fitness = -1000.000000
Generation 350: Best fitness = -1000.000000
Generation 400: Best fitness = -1000.000000
Generation 450: Best fitness = -1000.000000
Attempt 743: Current best = 1.848279
Generation 0: Best fitness = -1000.000000
Generation 50: Best fitness = -1000.000000
Generation 100: Best fitness = -1000.000000
Generation 150: Best fitness = -1000.000000
Generation 200: Best fitness = -1000.000000
Generation 250: Best fitness = -1000.000000
Generation 300: Best fitness = -1000.000000
Generation 350: Best fitness = -1000.000000
Generation 400: Best fitness = -1000.000000
Generation 450: Best fitness = -1000.000000
Attempt 744: Current best = 1.848279
Generation 0: Best fitness = -1000.000000
Generation 50: Best fitness = -1000.000000
Generation 100: Best fitness = -1000.000000
Generation 150: Best fitness = -1000.000000
Generation 200: Best fitness = -1000.000000
Generation 250: Best fitness = -1000.000000
Generation 300: Best fitness = -1000.000000
Generation 350: Best fitness = -1000.000000
Generation 400: Best fitness = -1000.000000
Generation 450: Best fitness = -1000.000000
Attempt 745: Current best = 1.848279
Generation 0: Best fitness = -1000.000000
Generation 50: Best fitness = -1000.000000
Generation 100: Best fitness = -1000.000000
Generation 150: Best fitness = -1000.000000
Generation 200: Best fitness = -1000.000000
Generation 250: Best fitness = -1000.000000
Generation 300: Best fitness = -1000.000000
Generation 350: Best fitness = -1000.000000
Generation 400: Best fitness = -1000.000000
Generation 450: Best fitness = -1000.000000
Attempt 746: Current best = 1.848279
Generation 0: Best fitness = -1000.000000
Generation 50: Best fitness = -1000.000000
Generation 100: Best fitness = -1000.000000
Generation 150: Best fitness = -1000.000000
Generation 200: Best fitness = -1000.000000
Generation 250: Best fitness = -1000.000000
Generation 300: Best fitness = -1000.000000
Generation 350: Best fitness = -1000.000000
Generation 400: Best fitness = -1000.000000
Generation 450: Best fitness = -1000.000000
Attempt 747: Current best = 1.848279
Generation 0: Best fitness = -1000.000000
Generation 50: Best fitness = -1000.000000
Generation 100: Best fitness = -1000.000000
Generation 150: Best fitness = -1000.000000
Generation 200: Best fitness = -1000.000000
Generation 250: Best fitness = -1000.000000
Generation 300: Best fitness = -1000.000000
Generation 350: Best fitness = -1000.000000
Generation 400: Best fitness = -1000.000000
Generation 450: Best fitness = -1000.000000
Attempt 748: Current best = 1.848279
Generation 0: Best fitness = -1000.000000
Generation 50: Best fitness = -1000.000000
Generation 100: Best fitness = -1000.000000
Generation 150: Best fitness = -1000.000000
Generation 200: Best fitness = -1000.000000
Generation 250: Best fitness = -1000.000000
Generation 300: Best fitness = -1000.000000
Generation 350: Best fitness = -1000.000000
Generation 400: Best fitness = -1000.000000
Generation 450: Best fitness = -1000.000000
Attempt 749: Current best = 1.848279
Generation 0: Best fitness = -1000.000000
Generation 50: Best fitness = 1.366796
Generation 100: Best fitness = 1.541317
Generation 150: Best fitness = 1.598440
Generation 200: Best fitness = 1.637165
Generation 250: Best fitness = 1.649405
Generation 300: Best fitness = 1.684544
Generation 350: Best fitness = 1.699272
Generation 400: Best fitness = 1.701217
Generation 450: Best fitness = 1.702764
Attempt 750: Current best = 1.848279
Generation 0: Best fitness = -1000.000000
Generation 50: Best fitness = -1000.000000
Generation 100: Best fitness = -1000.000000
Generation 150: Best fitness = -1000.000000
Generation 200: Best fitness = -1000.000000
Generation 250: Best fitness = -1000.000000
Generation 300: Best fitness = -1000.000000
Generation 350: Best fitness = -1000.000000
Generation 400: Best fitness = -1000.000000
Generation 450: Best fitness = -1000.000000
Attempt 751: Current best = 1.848279
Generation 0: Best fitness = -1000.000000
Generation 50: Best fitness = -1000.000000
Generation 100: Best fitness = -1000.000000
Generation 150: Best fitness = -1000.000000
Generation 200: Best fitness = -1000.000000
Generation 250: Best fitness = -1000.000000
Generation 300: Best fitness = -1000.000000
Generation 350: Best fitness = -1000.000000
Generation 400: Best fitness = -1000.000000
Generation 450: Best fitness = -1000.000000
Attempt 752: Current best = 1.848279
Generation 0: Best fitness = -1000.000000
Generation 50: Best fitness = -1000.000000
Generation 100: Best fitness = -1000.000000
Generation 150: Best fitness = -1000.000000
Generation 200: Best fitness = -1000.000000
Generation 250: Best fitness = -1000.000000
Generation 300: Best fitness = -1000.000000
Generation 350: Best fitness = -1000.000000
Generation 400: Best fitness = -1000.000000
Generation 450: Best fitness = -1000.000000
Attempt 753: Current best = 1.848279
Generation 0: Best fitness = -1000.000000
Generation 50: Best fitness = -1000.000000
Generation 100: Best fitness = -1000.000000
Generation 150: Best fitness = -1000.000000
Generation 200: Best fitness = -1000.000000
Generation 250: Best fitness = -1000.000000
Generation 300: Best fitness = -1000.000000
Generation 350: Best fitness = -1000.000000
Generation 400: Best fitness = -1000.000000
Generation 450: Best fitness = -1000.000000
Attempt 754: Current best = 1.848279
Generation 0: Best fitness = -1000.000000
Generation 50: Best fitness = -1000.000000
Generation 100: Best fitness = -1000.000000
Generation 150: Best fitness = -1000.000000
Generation 200: Best fitness = -1000.000000
Generation 250: Best fitness = -1000.000000
Generation 300: Best fitness = -1000.000000
Generation 350: Best fitness = -1000.000000
Generation 400: Best fitness = -1000.000000
Generation 450: Best fitness = -1000.000000
Attempt 755: Current best = 1.848279
Generation 0: Best fitness = -1000.000000
Generation 50: Best fitness = -1000.000000
Generation 100: Best fitness = -1000.000000
Generation 150: Best fitness = -1000.000000
Generation 200: Best fitness = -1000.000000
Generation 250: Best fitness = -1000.000000
Generation 300: Best fitness = -1000.000000
Generation 350: Best fitness = -1000.000000
Generation 400: Best fitness = -1000.000000
Generation 450: Best fitness = -1000.000000
Attempt 756: Current best = 1.848279
Generation 0: Best fitness = -1000.000000
Generation 50: Best fitness = -1000.000000
Generation 100: Best fitness = -1000.000000
Generation 150: Best fitness = -1000.000000
Generation 200: Best fitness = -1000.000000
Generation 250: Best fitness = -1000.000000
Generation 300: Best fitness = -1000.000000
Generation 350: Best fitness = -1000.000000
Generation 400: Best fitness = -1000.000000
Generation 450: Best fitness = -1000.000000
Attempt 757: Current best = 1.848279
Generation 0: Best fitness = -1000.000000
Generation 50: Best fitness = -1000.000000
Generation 100: Best fitness = -1000.000000
Generation 150: Best fitness = -1000.000000
Generation 200: Best fitness = -1000.000000
Generation 250: Best fitness = -1000.000000
Generation 300: Best fitness = -1000.000000
Generation 350: Best fitness = -1000.000000
Generation 400: Best fitness = -1000.000000
Generation 450: Best fitness = -1000.000000
Attempt 758: Current best = 1.848279
Generation 0: Best fitness = -1000.000000
Generation 50: Best fitness = -1000.000000
Generation 100: Best fitness = -1000.000000
Generation 150: Best fitness = -1000.000000
Generation 200: Best fitness = -1000.000000
Generation 250: Best fitness = -1000.000000
Generation 300: Best fitness = -1000.000000
Generation 350: Best fitness = -1000.000000
Generation 400: Best fitness = -1000.000000
Generation 450: Best fitness = -1000.000000
Attempt 759: Current best = 1.848279
Generation 0: Best fitness = -1000.000000
Generation 50: Best fitness = -1000.000000
Generation 100: Best fitness = -1000.000000
Generation 150: Best fitness = -1000.000000
Generation 200: Best fitness = -1000.000000
Generation 250: Best fitness = -1000.000000
Generation 300: Best fitness = -1000.000000
Generation 350: Best fitness = -1000.000000
Generation 400: Best fitness = -1000.000000
Generation 450: Best fitness = -1000.000000
Attempt 760: Current best = 1.848279
Generation 0: Best fitness = -1000.000000
Generation 50: Best fitness = -1000.000000
Generation 100: Best fitness = -1000.000000
Generation 150: Best fitness = -1000.000000
Generation 200: Best fitness = -1000.000000
Generation 250: Best fitness = -1000.000000
Generation 300: Best fitness = -1000.000000
Generation 350: Best fitness = -1000.000000
Generation 400: Best fitness = -1000.000000
Generation 450: Best fitness = -1000.000000
Attempt 761: Current best = 1.848279
Generation 0: Best fitness = -1000.000000
Generation 50: Best fitness = -1000.000000
Generation 100: Best fitness = -1000.000000
Generation 150: Best fitness = -1000.000000
Generation 200: Best fitness = -1000.000000
Generation 250: Best fitness = -1000.000000
Generation 300: Best fitness = -1000.000000
Generation 350: Best fitness = -1000.000000
Generation 400: Best fitness = -1000.000000
Generation 450: Best fitness = -1000.000000
Attempt 762: Current best = 1.848279
Generation 0: Best fitness = -1000.000000
Generation 50: Best fitness = -1000.000000
Generation 100: Best fitness = -1000.000000
Generation 150: Best fitness = -1000.000000
Generation 200: Best fitness = -1000.000000
Generation 250: Best fitness = -1000.000000
Generation 300: Best fitness = -1000.000000
Generation 350: Best fitness = -1000.000000
Generation 400: Best fitness = -1000.000000
Generation 450: Best fitness = -1000.000000
Attempt 763: Current best = 1.848279
Generation 0: Best fitness = -1000.000000
Generation 50: Best fitness = -1000.000000
Generation 100: Best fitness = -1000.000000
Generation 150: Best fitness = -1000.000000
Generation 200: Best fitness = -1000.000000
Generation 250: Best fitness = -1000.000000
Generation 300: Best fitness = -1000.000000
Generation 350: Best fitness = -1000.000000
Generation 400: Best fitness = -1000.000000
Generation 450: Best fitness = -1000.000000
Attempt 764: Current best = 1.848279
Generation 0: Best fitness = -1000.000000
Generation 50: Best fitness = -1000.000000
Generation 100: Best fitness = -1000.000000
Generation 150: Best fitness = -1000.000000
Generation 200: Best fitness = -1000.000000
Generation 250: Best fitness = -1000.000000
Generation 300: Best fitness = -1000.000000
Generation 350: Best fitness = -1000.000000
Generation 400: Best fitness = -1000.000000
Generation 450: Best fitness = -1000.000000
Attempt 765: Current best = 1.848279
Generation 0: Best fitness = -1000.000000
Generation 50: Best fitness = -1000.000000
Generation 100: Best fitness = -1000.000000
Generation 150: Best fitness = -1000.000000
Generation 200: Best fitness = -1000.000000
Generation 250: Best fitness = -1000.000000
Generation 300: Best fitness = -1000.000000
Generation 350: Best fitness = -1000.000000
Generation 400: Best fitness = -1000.000000
Generation 450: Best fitness = -1000.000000
Attempt 766: Current best = 1.848279
Generation 0: Best fitness = -1000.000000
Generation 50: Best fitness = -1000.000000
Generation 100: Best fitness = -1000.000000
Generation 150: Best fitness = -1000.000000
Generation 200: Best fitness = -1000.000000
Generation 250: Best fitness = -1000.000000
Generation 300: Best fitness = -1000.000000
Generation 350: Best fitness = -1000.000000
Generation 400: Best fitness = -1000.000000
Generation 450: Best fitness = -1000.000000
Attempt 767: Current best = 1.848279
Generation 0: Best fitness = -1000.000000
Generation 50: Best fitness = 1.045938
Generation 100: Best fitness = 1.361749
Generation 150: Best fitness = 1.431210
Generation 200: Best fitness = 1.460040
Generation 250: Best fitness = 1.464505
Generation 300: Best fitness = 1.471962
Generation 350: Best fitness = 1.477055
Generation 400: Best fitness = 1.479045
Generation 450: Best fitness = 1.479510
Attempt 768: Current best = 1.848279
Generation 0: Best fitness = -1000.000000
Generation 50: Best fitness = -1000.000000
Generation 100: Best fitness = -1000.000000
Generation 150: Best fitness = -1000.000000
Generation 200: Best fitness = -1000.000000
Generation 250: Best fitness = -1000.000000
Generation 300: Best fitness = -1000.000000
Generation 350: Best fitness = -1000.000000
Generation 400: Best fitness = -1000.000000
Generation 450: Best fitness = -1000.000000
Attempt 769: Current best = 1.848279
Generation 0: Best fitness = -1000.000000
Generation 50: Best fitness = -1000.000000
Generation 100: Best fitness = -1000.000000
Generation 150: Best fitness = -1000.000000
Generation 200: Best fitness = -1000.000000
Generation 250: Best fitness = -1000.000000
Generation 300: Best fitness = -1000.000000
Generation 350: Best fitness = -1000.000000
Generation 400: Best fitness = -1000.000000
Generation 450: Best fitness = -1000.000000
Attempt 770: Current best = 1.848279
Generation 0: Best fitness = -1000.000000
Generation 50: Best fitness = -1000.000000
Generation 100: Best fitness = -1000.000000
Generation 150: Best fitness = -1000.000000
Generation 200: Best fitness = -1000.000000
Generation 250: Best fitness = -1000.000000
Generation 300: Best fitness = -1000.000000
Generation 350: Best fitness = -1000.000000
Generation 400: Best fitness = -1000.000000
Generation 450: Best fitness = -1000.000000
Attempt 771: Current best = 1.848279
Generation 0: Best fitness = -1000.000000
Generation 50: Best fitness = -1000.000000
Generation 100: Best fitness = -1000.000000
Generation 150: Best fitness = -1000.000000
Generation 200: Best fitness = -1000.000000
Generation 250: Best fitness = -1000.000000
Generation 300: Best fitness = -1000.000000
Generation 350: Best fitness = -1000.000000
Generation 400: Best fitness = -1000.000000
Generation 450: Best fitness = -1000.000000
Attempt 772: Current best = 1.848279
Generation 0: Best fitness = -1000.000000
Generation 50: Best fitness = -1000.000000
Generation 100: Best fitness = -1000.000000
Generation 150: Best fitness = -1000.000000
Generation 200: Best fitness = -1000.000000
Generation 250: Best fitness = -1000.000000
Generation 300: Best fitness = -1000.000000
Generation 350: Best fitness = -1000.000000
Generation 400: Best fitness = -1000.000000
Generation 450: Best fitness = -1000.000000
Attempt 773: Current best = 1.848279
Generation 0: Best fitness = -1000.000000
Generation 50: Best fitness = -1000.000000
Generation 100: Best fitness = -1000.000000
Generation 150: Best fitness = -1000.000000
Generation 200: Best fitness = -1000.000000
Generation 250: Best fitness = -1000.000000
Generation 300: Best fitness = -1000.000000
Generation 350: Best fitness = -1000.000000
Generation 400: Best fitness = -1000.000000
Generation 450: Best fitness = -1000.000000
Attempt 774: Current best = 1.848279
Generation 0: Best fitness = -1000.000000
Generation 50: Best fitness = -1000.000000
Generation 100: Best fitness = -1000.000000
Generation 150: Best fitness = -1000.000000
Generation 200: Best fitness = -1000.000000
Generation 250: Best fitness = -1000.000000
Generation 300: Best fitness = -1000.000000
Generation 350: Best fitness = -1000.000000
Generation 400: Best fitness = -1000.000000
Generation 450: Best fitness = -1000.000000
Attempt 775: Current best = 1.848279
Generation 0: Best fitness = -1000.000000
Generation 50: Best fitness = -1000.000000
Generation 100: Best fitness = -1000.000000
Generation 150: Best fitness = -1000.000000
Generation 200: Best fitness = -1000.000000
Generation 250: Best fitness = -1000.000000
Generation 300: Best fitness = -1000.000000
Generation 350: Best fitness = -1000.000000
Generation 400: Best fitness = -1000.000000
Generation 450: Best fitness = -1000.000000
Attempt 776: Current best = 1.848279
Generation 0: Best fitness = -1000.000000
Generation 50: Best fitness = -1000.000000
Generation 100: Best fitness = -1000.000000
Generation 150: Best fitness = -1000.000000
Generation 200: Best fitness = -1000.000000
Generation 250: Best fitness = -1000.000000
Generation 300: Best fitness = -1000.000000
Generation 350: Best fitness = -1000.000000
Generation 400: Best fitness = -1000.000000
Generation 450: Best fitness = -1000.000000
Attempt 777: Current best = 1.848279
Generation 0: Best fitness = -1000.000000
Generation 50: Best fitness = -1000.000000
Generation 100: Best fitness = -1000.000000
Generation 150: Best fitness = -1000.000000
Generation 200: Best fitness = -1000.000000
Generation 250: Best fitness = -1000.000000
Generation 300: Best fitness = -1000.000000
Generation 350: Best fitness = -1000.000000
Generation 400: Best fitness = -1000.000000
Generation 450: Best fitness = -1000.000000
Attempt 778: Current best = 1.848279
Generation 0: Best fitness = -1000.000000
Generation 50: Best fitness = -1000.000000
Generation 100: Best fitness = -1000.000000
Generation 150: Best fitness = -1000.000000
Generation 200: Best fitness = -1000.000000
Generation 250: Best fitness = -1000.000000
Generation 300: Best fitness = -1000.000000
Generation 350: Best fitness = -1000.000000
Generation 400: Best fitness = -1000.000000
Generation 450: Best fitness = -1000.000000
Attempt 779: Current best = 1.848279
Generation 0: Best fitness = -1000.000000
Generation 50: Best fitness = -1000.000000
Generation 100: Best fitness = -1000.000000
Generation 150: Best fitness = -1000.000000
Generation 200: Best fitness = -1000.000000
Generation 250: Best fitness = -1000.000000
Generation 300: Best fitness = -1000.000000
Generation 350: Best fitness = -1000.000000
Generation 400: Best fitness = -1000.000000
Generation 450: Best fitness = -1000.000000
Attempt 780: Current best = 1.848279
Generation 0: Best fitness = -1000.000000
Generation 50: Best fitness = -1000.000000
Generation 100: Best fitness = -1000.000000
Generation 150: Best fitness = -1000.000000
Generation 200: Best fitness = -1000.000000
Generation 250: Best fitness = -1000.000000
Generation 300: Best fitness = -1000.000000
Generation 350: Best fitness = -1000.000000
Generation 400: Best fitness = -1000.000000
Generation 450: Best fitness = -1000.000000
Attempt 781: Current best = 1.848279
Generation 0: Best fitness = -1000.000000
Generation 50: Best fitness = -1000.000000
Generation 100: Best fitness = -1000.000000
Generation 150: Best fitness = -1000.000000
Generation 200: Best fitness = -1000.000000
Generation 250: Best fitness = -1000.000000
Generation 300: Best fitness = -1000.000000
Generation 350: Best fitness = -1000.000000
Generation 400: Best fitness = -1000.000000
Generation 450: Best fitness = -1000.000000
Attempt 782: Current best = 1.848279
Generation 0: Best fitness = -1000.000000
Generation 50: Best fitness = -1000.000000
Generation 100: Best fitness = -1000.000000
Generation 150: Best fitness = -1000.000000
Generation 200: Best fitness = -1000.000000
Generation 250: Best fitness = -1000.000000
Generation 300: Best fitness = -1000.000000
Generation 350: Best fitness = -1000.000000
Generation 400: Best fitness = -1000.000000
Generation 450: Best fitness = -1000.000000
Attempt 783: Current best = 1.848279
Generation 0: Best fitness = -1000.000000
Generation 50: Best fitness = -1000.000000
Generation 100: Best fitness = -1000.000000
Generation 150: Best fitness = -1000.000000
Generation 200: Best fitness = -1000.000000
Generation 250: Best fitness = -1000.000000
Generation 300: Best fitness = -1000.000000
Generation 350: Best fitness = -1000.000000
Generation 400: Best fitness = -1000.000000
Generation 450: Best fitness = -1000.000000
Attempt 784: Current best = 1.848279
Generation 0: Best fitness = -1000.000000
Generation 50: Best fitness = -1000.000000
Generation 100: Best fitness = -1000.000000
Generation 150: Best fitness = -1000.000000
Generation 200: Best fitness = -1000.000000
Generation 250: Best fitness = -1000.000000
Generation 300: Best fitness = -1000.000000
Generation 350: Best fitness = -1000.000000
Generation 400: Best fitness = -1000.000000
Generation 450: Best fitness = -1000.000000
Attempt 785: Current best = 1.848279
Generation 0: Best fitness = -1000.000000
Generation 50: Best fitness = -1000.000000
Generation 100: Best fitness = -1000.000000
Generation 150: Best fitness = -1000.000000
Generation 200: Best fitness = -1000.000000
Generation 250: Best fitness = -1000.000000
Generation 300: Best fitness = -1000.000000
Generation 350: Best fitness = -1000.000000
Generation 400: Best fitness = -1000.000000
Generation 450: Best fitness = -1000.000000
Attempt 786: Current best = 1.848279
Generation 0: Best fitness = -1000.000000
Generation 50: Best fitness = -1000.000000
Generation 100: Best fitness = -1000.000000
Generation 150: Best fitness = -1000.000000
Generation 200: Best fitness = -1000.000000
Generation 250: Best fitness = -1000.000000
Generation 300: Best fitness = -1000.000000
Generation 350: Best fitness = -1000.000000
Generation 400: Best fitness = -1000.000000
Generation 450: Best fitness = -1000.000000
Attempt 787: Current best = 1.848279
Generation 0: Best fitness = -1000.000000
Generation 50: Best fitness = -1000.000000
Generation 100: Best fitness = -1000.000000
Generation 150: Best fitness = -1000.000000
Generation 200: Best fitness = -1000.000000
Generation 250: Best fitness = -1000.000000
Generation 300: Best fitness = -1000.000000
Generation 350: Best fitness = -1000.000000
Generation 400: Best fitness = -1000.000000
Generation 450: Best fitness = -1000.000000
Attempt 788: Current best = 1.848279
Generation 0: Best fitness = -1000.000000
Generation 50: Best fitness = -1000.000000
Generation 100: Best fitness = -1000.000000
Generation 150: Best fitness = -1000.000000
Generation 200: Best fitness = -1000.000000
Generation 250: Best fitness = -1000.000000
Generation 300: Best fitness = -1000.000000
Generation 350: Best fitness = -1000.000000
Generation 400: Best fitness = -1000.000000
Generation 450: Best fitness = -1000.000000
Attempt 789: Current best = 1.848279
Generation 0: Best fitness = -1000.000000
Generation 50: Best fitness = -1000.000000
Generation 100: Best fitness = -1000.000000
Generation 150: Best fitness = -1000.000000
Generation 200: Best fitness = -1000.000000
Generation 250: Best fitness = -1000.000000
Generation 300: Best fitness = -1000.000000
Generation 350: Best fitness = -1000.000000
Generation 400: Best fitness = -1000.000000
Generation 450: Best fitness = -1000.000000
Attempt 790: Current best = 1.848279
Generation 0: Best fitness = -1000.000000
Generation 50: Best fitness = -1000.000000
Generation 100: Best fitness = -1000.000000
Generation 150: Best fitness = -1000.000000
Generation 200: Best fitness = -1000.000000
Generation 250: Best fitness = -1000.000000
Generation 300: Best fitness = -1000.000000
Generation 350: Best fitness = -1000.000000
Generation 400: Best fitness = -1000.000000
Generation 450: Best fitness = -1000.000000
Attempt 791: Current best = 1.848279
Generation 0: Best fitness = -1000.000000
Generation 50: Best fitness = -1000.000000
Generation 100: Best fitness = -1000.000000
Generation 150: Best fitness = -1000.000000
Generation 200: Best fitness = -1000.000000
Generation 250: Best fitness = -1000.000000
Generation 300: Best fitness = -1000.000000
Generation 350: Best fitness = -1000.000000
Generation 400: Best fitness = -1000.000000
Generation 450: Best fitness = -1000.000000
Attempt 792: Current best = 1.848279
Generation 0: Best fitness = -1000.000000
Generation 50: Best fitness = -1000.000000
Generation 100: Best fitness = -1000.000000
Generation 150: Best fitness = -1000.000000
Generation 200: Best fitness = -1000.000000
Generation 250: Best fitness = -1000.000000
Generation 300: Best fitness = -1000.000000
Generation 350: Best fitness = -1000.000000
Generation 400: Best fitness = -1000.000000
Generation 450: Best fitness = -1000.000000
Attempt 793: Current best = 1.848279
Generation 0: Best fitness = -1000.000000
Generation 50: Best fitness = -1000.000000
Generation 100: Best fitness = -1000.000000
Generation 150: Best fitness = -1000.000000
Generation 200: Best fitness = -1000.000000
Generation 250: Best fitness = -1000.000000
Generation 300: Best fitness = -1000.000000
Generation 350: Best fitness = -1000.000000
Generation 400: Best fitness = -1000.000000
Generation 450: Best fitness = -1000.000000
Attempt 794: Current best = 1.848279
Generation 0: Best fitness = -1000.000000
Generation 50: Best fitness = -1000.000000
Generation 100: Best fitness = -1000.000000
Generation 150: Best fitness = -1000.000000
Generation 200: Best fitness = -1000.000000
Generation 250: Best fitness = -1000.000000
Generation 300: Best fitness = -1000.000000
Generation 350: Best fitness = -1000.000000
Generation 400: Best fitness = -1000.000000
Generation 450: Best fitness = -1000.000000
Attempt 795: Current best = 1.848279
Generation 0: Best fitness = -1000.000000
Generation 50: Best fitness = -1000.000000
Generation 100: Best fitness = -1000.000000
Generation 150: Best fitness = -1000.000000
Generation 200: Best fitness = -1000.000000
Generation 250: Best fitness = -1000.000000
Generation 300: Best fitness = -1000.000000
Generation 350: Best fitness = -1000.000000
Generation 400: Best fitness = -1000.000000
Generation 450: Best fitness = -1000.000000
Attempt 796: Current best = 1.848279
Generation 0: Best fitness = -1000.000000
Generation 50: Best fitness = -1000.000000
Generation 100: Best fitness = -1000.000000
Generation 150: Best fitness = -1000.000000
Generation 200: Best fitness = -1000.000000
Generation 250: Best fitness = -1000.000000
Generation 300: Best fitness = -1000.000000
Generation 350: Best fitness = -1000.000000
Generation 400: Best fitness = -1000.000000
Generation 450: Best fitness = -1000.000000
Attempt 797: Current best = 1.848279
Generation 0: Best fitness = -1000.000000
Generation 50: Best fitness = -1000.000000
Generation 100: Best fitness = -1000.000000
Generation 150: Best fitness = -1000.000000
Generation 200: Best fitness = -1000.000000
Generation 250: Best fitness = -1000.000000
Generation 300: Best fitness = -1000.000000
Generation 350: Best fitness = -1000.000000
Generation 400: Best fitness = -1000.000000
Generation 450: Best fitness = -1000.000000
Attempt 798: Current best = 1.848279
Generation 0: Best fitness = -1000.000000
Generation 50: Best fitness = -1000.000000
Generation 100: Best fitness = -1000.000000
Generation 150: Best fitness = -1000.000000
Generation 200: Best fitness = -1000.000000
Generation 250: Best fitness = -1000.000000
Generation 300: Best fitness = -1000.000000
Generation 350: Best fitness = -1000.000000
Generation 400: Best fitness = -1000.000000
Generation 450: Best fitness = -1000.000000
Attempt 799: Current best = 1.848279
Generation 0: Best fitness = -1000.000000
Generation 50: Best fitness = -1000.000000
Generation 100: Best fitness = -1000.000000
Generation 150: Best fitness = -1000.000000
Generation 200: Best fitness = -1000.000000
Generation 250: Best fitness = -1000.000000
Generation 300: Best fitness = -1000.000000
Generation 350: Best fitness = -1000.000000
Generation 400: Best fitness = -1000.000000
Generation 450: Best fitness = -1000.000000
Attempt 800: Current best = 1.848279
Generation 0: Best fitness = -1000.000000
Generation 50: Best fitness = -1000.000000
Generation 100: Best fitness = -1000.000000
Generation 150: Best fitness = -1000.000000
Generation 200: Best fitness = -1000.000000
Generation 250: Best fitness = -1000.000000
Generation 300: Best fitness = -1000.000000
Generation 350: Best fitness = -1000.000000
Generation 400: Best fitness = -1000.000000
Generation 450: Best fitness = -1000.000000
Attempt 801: Current best = 1.848279
Generation 0: Best fitness = -1000.000000
Generation 50: Best fitness = -1000.000000
Generation 100: Best fitness = -1000.000000
Generation 150: Best fitness = -1000.000000
Generation 200: Best fitness = -1000.000000
Generation 250: Best fitness = -1000.000000
Generation 300: Best fitness = -1000.000000
Generation 350: Best fitness = -1000.000000
Generation 400: Best fitness = -1000.000000
Generation 450: Best fitness = -1000.000000
Attempt 802: Current best = 1.848279
Generation 0: Best fitness = -1000.000000
Generation 50: Best fitness = -1000.000000
Generation 100: Best fitness = -1000.000000
Generation 150: Best fitness = -1000.000000
Generation 200: Best fitness = -1000.000000
Generation 250: Best fitness = -1000.000000
Generation 300: Best fitness = -1000.000000
Generation 350: Best fitness = -1000.000000
Generation 400: Best fitness = -1000.000000
Generation 450: Best fitness = -1000.000000
Attempt 803: Current best = 1.848279
Generation 0: Best fitness = -1000.000000
Generation 50: Best fitness = -1000.000000
Generation 100: Best fitness = -1000.000000
Generation 150: Best fitness = -1000.000000
Generation 200: Best fitness = -1000.000000
Generation 250: Best fitness = -1000.000000
Generation 300: Best fitness = -1000.000000
Generation 350: Best fitness = -1000.000000
Generation 400: Best fitness = -1000.000000
Generation 450: Best fitness = -1000.000000
Attempt 804: Current best = 1.848279
Generation 0: Best fitness = -1000.000000
Generation 50: Best fitness = -1000.000000
Generation 100: Best fitness = -1000.000000
Generation 150: Best fitness = -1000.000000
Generation 200: Best fitness = -1000.000000
Generation 250: Best fitness = -1000.000000
Generation 300: Best fitness = -1000.000000
Generation 350: Best fitness = -1000.000000
Generation 400: Best fitness = -1000.000000
Generation 450: Best fitness = -1000.000000
Attempt 805: Current best = 1.848279
Generation 0: Best fitness = -1000.000000
Generation 50: Best fitness = -1000.000000
Generation 100: Best fitness = -1000.000000
Generation 150: Best fitness = -1000.000000
Generation 200: Best fitness = -1000.000000
Generation 250: Best fitness = -1000.000000
Generation 300: Best fitness = -1000.000000
Generation 350: Best fitness = -1000.000000
Generation 400: Best fitness = -1000.000000
Generation 450: Best fitness = -1000.000000
Attempt 806: Current best = 1.848279
Generation 0: Best fitness = -1000.000000
Generation 50: Best fitness = -1000.000000
Generation 100: Best fitness = -1000.000000
Generation 150: Best fitness = -1000.000000
Generation 200: Best fitness = -1000.000000
Generation 250: Best fitness = -1000.000000
Generation 300: Best fitness = -1000.000000
Generation 350: Best fitness = -1000.000000
Generation 400: Best fitness = -1000.000000
Generation 450: Best fitness = -1000.000000
Attempt 807: Current best = 1.848279
Generation 0: Best fitness = -1000.000000
Generation 50: Best fitness = -1000.000000
Generation 100: Best fitness = -1000.000000
Generation 150: Best fitness = -1000.000000
Generation 200: Best fitness = -1000.000000
Generation 250: Best fitness = -1000.000000
Generation 300: Best fitness = -1000.000000
Generation 350: Best fitness = -1000.000000
Generation 400: Best fitness = -1000.000000
Generation 450: Best fitness = -1000.000000
Attempt 808: Current best = 1.848279
Generation 0: Best fitness = -1000.000000
Generation 50: Best fitness = 1.064813
Generation 100: Best fitness = 1.431587
Generation 150: Best fitness = 1.545254
Generation 200: Best fitness = 1.611778
Generation 250: Best fitness = 1.638778
Generation 300: Best fitness = 1.641729
Generation 350: Best fitness = 1.645176
Generation 400: Best fitness = 1.647789
Generation 450: Best fitness = 1.651982
Attempt 809: Current best = 1.848279
Generation 0: Best fitness = -1000.000000
Generation 50: Best fitness = -1000.000000
Generation 100: Best fitness = -1000.000000
Generation 150: Best fitness = -1000.000000
Generation 200: Best fitness = -1000.000000
Generation 250: Best fitness = -1000.000000
Generation 300: Best fitness = -1000.000000
Generation 350: Best fitness = -1000.000000
Generation 400: Best fitness = -1000.000000
Generation 450: Best fitness = -1000.000000
Attempt 810: Current best = 1.848279
Generation 0: Best fitness = -1000.000000
Generation 50: Best fitness = -1000.000000
Generation 100: Best fitness = -1000.000000
Generation 150: Best fitness = -1000.000000
Generation 200: Best fitness = -1000.000000
Generation 250: Best fitness = -1000.000000
Generation 300: Best fitness = -1000.000000
Generation 350: Best fitness = -1000.000000
Generation 400: Best fitness = -1000.000000
Generation 450: Best fitness = -1000.000000
Attempt 811: Current best = 1.848279
Generation 0: Best fitness = -1000.000000
Generation 50: Best fitness = -1000.000000
Generation 100: Best fitness = -1000.000000
Generation 150: Best fitness = -1000.000000
Generation 200: Best fitness = -1000.000000
Generation 250: Best fitness = -1000.000000
Generation 300: Best fitness = -1000.000000
Generation 350: Best fitness = -1000.000000
Generation 400: Best fitness = -1000.000000
Generation 450: Best fitness = -1000.000000
Attempt 812: Current best = 1.848279
Generation 0: Best fitness = -1000.000000
Generation 50: Best fitness = -1000.000000
Generation 100: Best fitness = -1000.000000
Generation 150: Best fitness = -1000.000000
Generation 200: Best fitness = -1000.000000
Generation 250: Best fitness = -1000.000000
Generation 300: Best fitness = -1000.000000
Generation 350: Best fitness = -1000.000000
Generation 400: Best fitness = -1000.000000
Generation 450: Best fitness = -1000.000000
Attempt 813: Current best = 1.848279
Generation 0: Best fitness = -1000.000000
Generation 50: Best fitness = -1000.000000
Generation 100: Best fitness = -1000.000000
Generation 150: Best fitness = -1000.000000
Generation 200: Best fitness = -1000.000000
Generation 250: Best fitness = -1000.000000
Generation 300: Best fitness = -1000.000000
Generation 350: Best fitness = -1000.000000
Generation 400: Best fitness = -1000.000000
Generation 450: Best fitness = -1000.000000
Attempt 814: Current best = 1.848279
Generation 0: Best fitness = -1000.000000
Generation 50: Best fitness = -1000.000000
Generation 100: Best fitness = -1000.000000
Generation 150: Best fitness = -1000.000000
Generation 200: Best fitness = -1000.000000
Generation 250: Best fitness = -1000.000000
Generation 300: Best fitness = -1000.000000
Generation 350: Best fitness = -1000.000000
Generation 400: Best fitness = -1000.000000
Generation 450: Best fitness = -1000.000000
Attempt 815: Current best = 1.848279
Generation 0: Best fitness = -1000.000000
Generation 50: Best fitness = -1000.000000
Generation 100: Best fitness = -1000.000000
Generation 150: Best fitness = -1000.000000
Generation 200: Best fitness = -1000.000000
Generation 250: Best fitness = -1000.000000
Generation 300: Best fitness = -1000.000000
Generation 350: Best fitness = -1000.000000
Generation 400: Best fitness = -1000.000000
Generation 450: Best fitness = -1000.000000
Attempt 816: Current best = 1.848279
Generation 0: Best fitness = -1000.000000
Generation 50: Best fitness = -1000.000000
Generation 100: Best fitness = -1000.000000
Generation 150: Best fitness = -1000.000000
Generation 200: Best fitness = -1000.000000
Generation 250: Best fitness = -1000.000000
Generation 300: Best fitness = -1000.000000
Generation 350: Best fitness = -1000.000000
Generation 400: Best fitness = -1000.000000
Generation 450: Best fitness = -1000.000000
Attempt 817: Current best = 1.848279
Generation 0: Best fitness = -1000.000000
Generation 50: Best fitness = -1000.000000
Generation 100: Best fitness = -1000.000000
Generation 150: Best fitness = -1000.000000
Generation 200: Best fitness = -1000.000000
Generation 250: Best fitness = -1000.000000
Generation 300: Best fitness = -1000.000000
Generation 350: Best fitness = -1000.000000
Generation 400: Best fitness = -1000.000000
Generation 450: Best fitness = -1000.000000
Attempt 818: Current best = 1.848279
Generation 0: Best fitness = -1000.000000
Generation 50: Best fitness = -1000.000000
Generation 100: Best fitness = -1000.000000
Generation 150: Best fitness = -1000.000000
Generation 200: Best fitness = -1000.000000
Generation 250: Best fitness = -1000.000000
Generation 300: Best fitness = -1000.000000
Generation 350: Best fitness = -1000.000000
Generation 400: Best fitness = -1000.000000
Generation 450: Best fitness = -1000.000000
Attempt 819: Current best = 1.848279
Generation 0: Best fitness = -1000.000000
Generation 50: Best fitness = -1000.000000
Generation 100: Best fitness = -1000.000000
Generation 150: Best fitness = -1000.000000
Generation 200: Best fitness = -1000.000000
Generation 250: Best fitness = -1000.000000
Generation 300: Best fitness = -1000.000000
Generation 350: Best fitness = -1000.000000
Generation 400: Best fitness = -1000.000000
Generation 450: Best fitness = -1000.000000
Attempt 820: Current best = 1.848279
Generation 0: Best fitness = -1000.000000
Generation 50: Best fitness = -1000.000000
Generation 100: Best fitness = -1000.000000
Generation 150: Best fitness = -1000.000000
Generation 200: Best fitness = -1000.000000
Generation 250: Best fitness = -1000.000000
Generation 300: Best fitness = -1000.000000
Generation 350: Best fitness = -1000.000000
Generation 400: Best fitness = -1000.000000
Generation 450: Best fitness = -1000.000000
Attempt 821: Current best = 1.848279
Generation 0: Best fitness = -1000.000000
Generation 50: Best fitness = -1000.000000
Generation 100: Best fitness = -1000.000000
Generation 150: Best fitness = -1000.000000
Generation 200: Best fitness = -1000.000000
Generation 250: Best fitness = -1000.000000
Generation 300: Best fitness = -1000.000000
Generation 350: Best fitness = -1000.000000
Generation 400: Best fitness = -1000.000000
Generation 450: Best fitness = -1000.000000
Attempt 822: Current best = 1.848279
Generation 0: Best fitness = -1000.000000
Generation 50: Best fitness = -1000.000000
Generation 100: Best fitness = -1000.000000
Generation 150: Best fitness = -1000.000000
Generation 200: Best fitness = -1000.000000
Generation 250: Best fitness = -1000.000000
Generation 300: Best fitness = -1000.000000
Generation 350: Best fitness = -1000.000000
Generation 400: Best fitness = -1000.000000
Generation 450: Best fitness = -1000.000000
Attempt 823: Current best = 1.848279
Generation 0: Best fitness = -1000.000000
Generation 50: Best fitness = -1000.000000
Generation 100: Best fitness = -1000.000000
Generation 150: Best fitness = -1000.000000
Generation 200: Best fitness = -1000.000000
Generation 250: Best fitness = -1000.000000
Generation 300: Best fitness = -1000.000000
Generation 350: Best fitness = -1000.000000
Generation 400: Best fitness = -1000.000000
Generation 450: Best fitness = -1000.000000
Attempt 824: Current best = 1.848279
Generation 0: Best fitness = -1000.000000
Generation 50: Best fitness = -1000.000000
Generation 100: Best fitness = -1000.000000
Generation 150: Best fitness = -1000.000000
Generation 200: Best fitness = -1000.000000
Generation 250: Best fitness = -1000.000000
Generation 300: Best fitness = -1000.000000
Generation 350: Best fitness = -1000.000000
Generation 400: Best fitness = -1000.000000
Generation 450: Best fitness = -1000.000000
Attempt 825: Current best = 1.848279
Generation 0: Best fitness = -1000.000000
Generation 50: Best fitness = -1000.000000
Generation 100: Best fitness = -1000.000000
Generation 150: Best fitness = -1000.000000
Generation 200: Best fitness = -1000.000000
Generation 250: Best fitness = -1000.000000
Generation 300: Best fitness = -1000.000000
Generation 350: Best fitness = -1000.000000
Generation 400: Best fitness = -1000.000000
Generation 450: Best fitness = -1000.000000
Attempt 826: Current best = 1.848279
Generation 0: Best fitness = -1000.000000
Generation 50: Best fitness = -1000.000000
Generation 100: Best fitness = -1000.000000
Generation 150: Best fitness = -1000.000000
Generation 200: Best fitness = -1000.000000
Generation 250: Best fitness = -1000.000000
Generation 300: Best fitness = -1000.000000
Generation 350: Best fitness = -1000.000000
Generation 400: Best fitness = -1000.000000
Generation 450: Best fitness = -1000.000000
Attempt 827: Current best = 1.848279
Generation 0: Best fitness = -1000.000000
Generation 50: Best fitness = -1000.000000
Generation 100: Best fitness = -1000.000000
Generation 150: Best fitness = -1000.000000
Generation 200: Best fitness = -1000.000000
Generation 250: Best fitness = -1000.000000
Generation 300: Best fitness = -1000.000000
Generation 350: Best fitness = -1000.000000
Generation 400: Best fitness = -1000.000000
Generation 450: Best fitness = -1000.000000
Attempt 828: Current best = 1.848279
Generation 0: Best fitness = -1000.000000
Generation 50: Best fitness = -1000.000000
Generation 100: Best fitness = -1000.000000
Generation 150: Best fitness = -1000.000000
Generation 200: Best fitness = -1000.000000
Generation 250: Best fitness = -1000.000000
Generation 300: Best fitness = -1000.000000
Generation 350: Best fitness = -1000.000000
Generation 400: Best fitness = -1000.000000
Generation 450: Best fitness = -1000.000000
Attempt 829: Current best = 1.848279
Generation 0: Best fitness = -1000.000000
Generation 50: Best fitness = -1000.000000
Generation 100: Best fitness = -1000.000000
Generation 150: Best fitness = -1000.000000
Generation 200: Best fitness = -1000.000000
Generation 250: Best fitness = -1000.000000
Generation 300: Best fitness = -1000.000000
Generation 350: Best fitness = -1000.000000
Generation 400: Best fitness = -1000.000000
Generation 450: Best fitness = -1000.000000
Attempt 830: Current best = 1.848279
Generation 0: Best fitness = -1000.000000
Generation 50: Best fitness = -1000.000000
Generation 100: Best fitness = -1000.000000
Generation 150: Best fitness = -1000.000000
Generation 200: Best fitness = -1000.000000
Generation 250: Best fitness = -1000.000000
Generation 300: Best fitness = -1000.000000
Generation 350: Best fitness = -1000.000000
Generation 400: Best fitness = -1000.000000
Generation 450: Best fitness = -1000.000000
Attempt 831: Current best = 1.848279
Generation 0: Best fitness = -1000.000000
Generation 50: Best fitness = -1000.000000
Generation 100: Best fitness = -1000.000000
Generation 150: Best fitness = -1000.000000
Generation 200: Best fitness = -1000.000000
Generation 250: Best fitness = -1000.000000
Generation 300: Best fitness = -1000.000000
Generation 350: Best fitness = -1000.000000
Generation 400: Best fitness = -1000.000000
Generation 450: Best fitness = -1000.000000
Attempt 832: Current best = 1.848279
Generation 0: Best fitness = -1000.000000
Generation 50: Best fitness = -1000.000000
Generation 100: Best fitness = -1000.000000
Generation 150: Best fitness = -1000.000000
Generation 200: Best fitness = -1000.000000
Generation 250: Best fitness = -1000.000000
Generation 300: Best fitness = -1000.000000
Generation 350: Best fitness = -1000.000000
Generation 400: Best fitness = -1000.000000
Generation 450: Best fitness = -1000.000000
Attempt 833: Current best = 1.848279
Generation 0: Best fitness = -1000.000000
Generation 50: Best fitness = -1000.000000
Generation 100: Best fitness = -1000.000000
Generation 150: Best fitness = -1000.000000
Generation 200: Best fitness = -1000.000000
Generation 250: Best fitness = -1000.000000
Generation 300: Best fitness = -1000.000000
Generation 350: Best fitness = -1000.000000
Generation 400: Best fitness = -1000.000000
Generation 450: Best fitness = -1000.000000
Attempt 834: Current best = 1.848279
Generation 0: Best fitness = -1000.000000
Generation 50: Best fitness = -1000.000000
Generation 100: Best fitness = -1000.000000
Generation 150: Best fitness = -1000.000000
Generation 200: Best fitness = -1000.000000
Generation 250: Best fitness = -1000.000000
Generation 300: Best fitness = -1000.000000
Generation 350: Best fitness = -1000.000000
Generation 400: Best fitness = -1000.000000
Generation 450: Best fitness = -1000.000000
Attempt 835: Current best = 1.848279
Generation 0: Best fitness = -1000.000000
Generation 50: Best fitness = -1000.000000
Generation 100: Best fitness = -1000.000000
Generation 150: Best fitness = -1000.000000
Generation 200: Best fitness = -1000.000000
Generation 250: Best fitness = -1000.000000
Generation 300: Best fitness = -1000.000000
Generation 350: Best fitness = -1000.000000
Generation 400: Best fitness = -1000.000000
Generation 450: Best fitness = -1000.000000
Attempt 836: Current best = 1.848279
Generation 0: Best fitness = -1000.000000
Generation 50: Best fitness = -1000.000000
Generation 100: Best fitness = -1000.000000
Generation 150: Best fitness = -1000.000000
Generation 200: Best fitness = -1000.000000
Generation 250: Best fitness = -1000.000000
Generation 300: Best fitness = -1000.000000
Generation 350: Best fitness = -1000.000000
Generation 400: Best fitness = -1000.000000
Generation 450: Best fitness = -1000.000000
Attempt 837: Current best = 1.848279
Generation 0: Best fitness = -1000.000000
Generation 50: Best fitness = -1000.000000
Generation 100: Best fitness = -1000.000000
Generation 150: Best fitness = -1000.000000
Generation 200: Best fitness = -1000.000000
Generation 250: Best fitness = -1000.000000
Generation 300: Best fitness = -1000.000000
Generation 350: Best fitness = -1000.000000
Generation 400: Best fitness = -1000.000000
Generation 450: Best fitness = -1000.000000
Attempt 838: Current best = 1.848279
Generation 0: Best fitness = -1000.000000
Generation 50: Best fitness = -1000.000000
Generation 100: Best fitness = -1000.000000
Generation 150: Best fitness = -1000.000000
Generation 200: Best fitness = -1000.000000
Generation 250: Best fitness = -1000.000000
Generation 300: Best fitness = -1000.000000
Generation 350: Best fitness = -1000.000000
Generation 400: Best fitness = -1000.000000
Generation 450: Best fitness = -1000.000000
Attempt 839: Current best = 1.848279
Generation 0: Best fitness = -1000.000000
Generation 50: Best fitness = -1000.000000
Generation 100: Best fitness = -1000.000000
Generation 150: Best fitness = -1000.000000
Generation 200: Best fitness = -1000.000000
Generation 250: Best fitness = -1000.000000
Generation 300: Best fitness = -1000.000000
Generation 350: Best fitness = -1000.000000
Generation 400: Best fitness = -1000.000000
Generation 450: Best fitness = -1000.000000
Attempt 840: Current best = 1.848279
Generation 0: Best fitness = -1000.000000
Generation 50: Best fitness = -1000.000000
Generation 100: Best fitness = -1000.000000
Generation 150: Best fitness = -1000.000000
Generation 200: Best fitness = -1000.000000
Generation 250: Best fitness = -1000.000000
Generation 300: Best fitness = -1000.000000
Generation 350: Best fitness = -1000.000000
Generation 400: Best fitness = -1000.000000
Generation 450: Best fitness = -1000.000000
Attempt 841: Current best = 1.848279
Generation 0: Best fitness = 1.015654
Generation 50: Best fitness = 1.475379
Generation 100: Best fitness = 1.581552
Generation 150: Best fitness = 1.626275
Generation 200: Best fitness = 1.709257
Generation 250: Best fitness = 1.751355
Generation 300: Best fitness = 1.779754
Generation 350: Best fitness = 1.797209
Generation 400: Best fitness = 1.826800
Generation 450: Best fitness = 1.828495
Attempt 842: Current best = 1.848279
Generation 0: Best fitness = -1000.000000
Generation 50: Best fitness = -1000.000000
Generation 100: Best fitness = -1000.000000
Generation 150: Best fitness = -1000.000000
Generation 200: Best fitness = -1000.000000
Generation 250: Best fitness = -1000.000000
Generation 300: Best fitness = -1000.000000
Generation 350: Best fitness = -1000.000000
Generation 400: Best fitness = -1000.000000
Generation 450: Best fitness = -1000.000000
Attempt 843: Current best = 1.848279
Generation 0: Best fitness = -1000.000000
Generation 50: Best fitness = -1000.000000
Generation 100: Best fitness = -1000.000000
Generation 150: Best fitness = -1000.000000
Generation 200: Best fitness = -1000.000000
Generation 250: Best fitness = -1000.000000
Generation 300: Best fitness = -1000.000000
Generation 350: Best fitness = -1000.000000
Generation 400: Best fitness = -1000.000000
Generation 450: Best fitness = -1000.000000
Attempt 844: Current best = 1.848279
Generation 0: Best fitness = -1000.000000
Generation 50: Best fitness = -1000.000000
Generation 100: Best fitness = -1000.000000
Generation 150: Best fitness = -1000.000000
Generation 200: Best fitness = -1000.000000
Generation 250: Best fitness = -1000.000000
Generation 300: Best fitness = -1000.000000
Generation 350: Best fitness = -1000.000000
Generation 400: Best fitness = -1000.000000
Generation 450: Best fitness = -1000.000000
Attempt 845: Current best = 1.848279
Generation 0: Best fitness = -1000.000000
Generation 50: Best fitness = -1000.000000
Generation 100: Best fitness = -1000.000000
Generation 150: Best fitness = -1000.000000
Generation 200: Best fitness = -1000.000000
Generation 250: Best fitness = -1000.000000
Generation 300: Best fitness = -1000.000000
Generation 350: Best fitness = -1000.000000
Generation 400: Best fitness = -1000.000000
Generation 450: Best fitness = -1000.000000
Attempt 846: Current best = 1.848279
Generation 0: Best fitness = -1000.000000
Generation 50: Best fitness = -1000.000000
Generation 100: Best fitness = -1000.000000
Generation 150: Best fitness = -1000.000000
Generation 200: Best fitness = -1000.000000
Generation 250: Best fitness = -1000.000000
Generation 300: Best fitness = -1000.000000
Generation 350: Best fitness = -1000.000000
Generation 400: Best fitness = -1000.000000
Generation 450: Best fitness = -1000.000000
Attempt 847: Current best = 1.848279
Generation 0: Best fitness = -1000.000000
Generation 50: Best fitness = -1000.000000
Generation 100: Best fitness = -1000.000000
Generation 150: Best fitness = -1000.000000
Generation 200: Best fitness = -1000.000000
Generation 250: Best fitness = -1000.000000
Generation 300: Best fitness = -1000.000000
Generation 350: Best fitness = -1000.000000
Generation 400: Best fitness = -1000.000000
Generation 450: Best fitness = -1000.000000
Attempt 848: Current best = 1.848279
Generation 0: Best fitness = -1000.000000
Generation 50: Best fitness = -1000.000000
Generation 100: Best fitness = -1000.000000
Generation 150: Best fitness = -1000.000000
Generation 200: Best fitness = -1000.000000
Generation 250: Best fitness = -1000.000000
Generation 300: Best fitness = -1000.000000
Generation 350: Best fitness = -1000.000000
Generation 400: Best fitness = -1000.000000
Generation 450: Best fitness = -1000.000000
Attempt 849: Current best = 1.848279
Generation 0: Best fitness = -1000.000000
Generation 50: Best fitness = -1000.000000
Generation 100: Best fitness = -1000.000000
Generation 150: Best fitness = -1000.000000
Generation 200: Best fitness = -1000.000000
Generation 250: Best fitness = -1000.000000
Generation 300: Best fitness = -1000.000000
Generation 350: Best fitness = -1000.000000
Generation 400: Best fitness = -1000.000000
Generation 450: Best fitness = -1000.000000
Attempt 850: Current best = 1.848279
Generation 0: Best fitness = -1000.000000
Generation 50: Best fitness = -1000.000000
Generation 100: Best fitness = -1000.000000
Generation 150: Best fitness = -1000.000000
Generation 200: Best fitness = -1000.000000
Generation 250: Best fitness = -1000.000000
Generation 300: Best fitness = -1000.000000
Generation 350: Best fitness = -1000.000000
Generation 400: Best fitness = -1000.000000
Generation 450: Best fitness = -1000.000000
Attempt 851: Current best = 1.848279
Generation 0: Best fitness = -1000.000000
Generation 50: Best fitness = -1000.000000
Generation 100: Best fitness = -1000.000000
Generation 150: Best fitness = -1000.000000
Generation 200: Best fitness = -1000.000000
Generation 250: Best fitness = -1000.000000
Generation 300: Best fitness = -1000.000000
Generation 350: Best fitness = -1000.000000
Generation 400: Best fitness = -1000.000000
Generation 450: Best fitness = -1000.000000
Attempt 852: Current best = 1.848279
Generation 0: Best fitness = -1000.000000
Generation 50: Best fitness = -1000.000000
Generation 100: Best fitness = -1000.000000
Generation 150: Best fitness = -1000.000000
Generation 200: Best fitness = -1000.000000
Generation 250: Best fitness = -1000.000000
Generation 300: Best fitness = -1000.000000
Generation 350: Best fitness = -1000.000000
Generation 400: Best fitness = -1000.000000
Generation 450: Best fitness = -1000.000000
Attempt 853: Current best = 1.848279
Generation 0: Best fitness = -1000.000000
Generation 50: Best fitness = -1000.000000
Generation 100: Best fitness = -1000.000000
Generation 150: Best fitness = -1000.000000
Generation 200: Best fitness = -1000.000000
Generation 250: Best fitness = -1000.000000
Generation 300: Best fitness = -1000.000000
Generation 350: Best fitness = -1000.000000
Generation 400: Best fitness = -1000.000000
Generation 450: Best fitness = -1000.000000
Attempt 854: Current best = 1.848279
Generation 0: Best fitness = -1000.000000
Generation 50: Best fitness = -1000.000000
Generation 100: Best fitness = -1000.000000
Generation 150: Best fitness = -1000.000000
Generation 200: Best fitness = -1000.000000
Generation 250: Best fitness = -1000.000000
Generation 300: Best fitness = -1000.000000
Generation 350: Best fitness = -1000.000000
Generation 400: Best fitness = -1000.000000
Generation 450: Best fitness = -1000.000000
Attempt 855: Current best = 1.848279
Generation 0: Best fitness = -1000.000000
Generation 50: Best fitness = -1000.000000
Generation 100: Best fitness = -1000.000000
Generation 150: Best fitness = -1000.000000
Generation 200: Best fitness = -1000.000000
Generation 250: Best fitness = -1000.000000
Generation 300: Best fitness = -1000.000000
Generation 350: Best fitness = -1000.000000
Generation 400: Best fitness = -1000.000000
Generation 450: Best fitness = -1000.000000
Attempt 856: Current best = 1.848279
Generation 0: Best fitness = -1000.000000
Generation 50: Best fitness = -1000.000000
Generation 100: Best fitness = -1000.000000
Generation 150: Best fitness = -1000.000000
Generation 200: Best fitness = -1000.000000
Generation 250: Best fitness = -1000.000000
Generation 300: Best fitness = -1000.000000
Generation 350: Best fitness = -1000.000000
Generation 400: Best fitness = -1000.000000
Generation 450: Best fitness = -1000.000000
Attempt 857: Current best = 1.848279
Generation 0: Best fitness = -1000.000000
Generation 50: Best fitness = -1000.000000
Generation 100: Best fitness = -1000.000000
Generation 150: Best fitness = -1000.000000
Generation 200: Best fitness = -1000.000000
Generation 250: Best fitness = -1000.000000
Generation 300: Best fitness = -1000.000000
Generation 350: Best fitness = -1000.000000
Generation 400: Best fitness = -1000.000000
Generation 450: Best fitness = -1000.000000
Attempt 858: Current best = 1.848279
Generation 0: Best fitness = -1000.000000
Generation 50: Best fitness = -1000.000000
Generation 100: Best fitness = -1000.000000
Generation 150: Best fitness = -1000.000000
Generation 200: Best fitness = -1000.000000
Generation 250: Best fitness = -1000.000000
Generation 300: Best fitness = -1000.000000
Generation 350: Best fitness = -1000.000000
Generation 400: Best fitness = -1000.000000
Generation 450: Best fitness = -1000.000000
Attempt 859: Current best = 1.848279
Generation 0: Best fitness = -1000.000000
Generation 50: Best fitness = 1.413198
Generation 100: Best fitness = 1.563607
Generation 150: Best fitness = 1.662478
Generation 200: Best fitness = 1.697934
Generation 250: Best fitness = 1.723585
Generation 300: Best fitness = 1.728329
Generation 350: Best fitness = 1.734630
Generation 400: Best fitness = 1.743006
Generation 450: Best fitness = 1.748563
Attempt 860: Current best = 1.848279
Generation 0: Best fitness = -1000.000000
Generation 50: Best fitness = -1000.000000
Generation 100: Best fitness = -1000.000000
Generation 150: Best fitness = -1000.000000
Generation 200: Best fitness = -1000.000000
Generation 250: Best fitness = -1000.000000
Generation 300: Best fitness = -1000.000000
Generation 350: Best fitness = -1000.000000
Generation 400: Best fitness = -1000.000000
Generation 450: Best fitness = -1000.000000
Attempt 861: Current best = 1.848279
Generation 0: Best fitness = -1000.000000
Generation 50: Best fitness = -1000.000000
Generation 100: Best fitness = -1000.000000
Generation 150: Best fitness = -1000.000000
Generation 200: Best fitness = -1000.000000
Generation 250: Best fitness = -1000.000000
Generation 300: Best fitness = -1000.000000
Generation 350: Best fitness = -1000.000000
Generation 400: Best fitness = -1000.000000
Generation 450: Best fitness = -1000.000000
Attempt 862: Current best = 1.848279
Generation 0: Best fitness = -1000.000000
Generation 50: Best fitness = -1000.000000
Generation 100: Best fitness = -1000.000000
Generation 150: Best fitness = -1000.000000
Generation 200: Best fitness = -1000.000000
Generation 250: Best fitness = -1000.000000
Generation 300: Best fitness = -1000.000000
Generation 350: Best fitness = -1000.000000
Generation 400: Best fitness = -1000.000000
Generation 450: Best fitness = -1000.000000
Attempt 863: Current best = 1.848279
Generation 0: Best fitness = -1000.000000
Generation 50: Best fitness = -1000.000000
Generation 100: Best fitness = -1000.000000
Generation 150: Best fitness = -1000.000000
Generation 200: Best fitness = -1000.000000
Generation 250: Best fitness = -1000.000000
Generation 300: Best fitness = -1000.000000
Generation 350: Best fitness = -1000.000000
Generation 400: Best fitness = -1000.000000
Generation 450: Best fitness = -1000.000000
Attempt 864: Current best = 1.848279
Generation 0: Best fitness = -1000.000000
Generation 50: Best fitness = -1000.000000
Generation 100: Best fitness = -1000.000000
Generation 150: Best fitness = -1000.000000
Generation 200: Best fitness = -1000.000000
Generation 250: Best fitness = -1000.000000
Generation 300: Best fitness = -1000.000000
Generation 350: Best fitness = -1000.000000
Generation 400: Best fitness = -1000.000000
Generation 450: Best fitness = -1000.000000
Attempt 865: Current best = 1.848279
Generation 0: Best fitness = -1000.000000
Generation 50: Best fitness = -1000.000000
Generation 100: Best fitness = -1000.000000
Generation 150: Best fitness = -1000.000000
Generation 200: Best fitness = -1000.000000
Generation 250: Best fitness = -1000.000000
Generation 300: Best fitness = -1000.000000
Generation 350: Best fitness = -1000.000000
Generation 400: Best fitness = -1000.000000
Generation 450: Best fitness = -1000.000000
Attempt 866: Current best = 1.848279
Generation 0: Best fitness = -1000.000000
Generation 50: Best fitness = -1000.000000
Generation 100: Best fitness = -1000.000000
Generation 150: Best fitness = -1000.000000
Generation 200: Best fitness = -1000.000000
Generation 250: Best fitness = -1000.000000
Generation 300: Best fitness = -1000.000000
Generation 350: Best fitness = -1000.000000
Generation 400: Best fitness = -1000.000000
Generation 450: Best fitness = -1000.000000
Attempt 867: Current best = 1.848279
Generation 0: Best fitness = -1000.000000
Generation 50: Best fitness = -1000.000000
Generation 100: Best fitness = -1000.000000
Generation 150: Best fitness = -1000.000000
Generation 200: Best fitness = -1000.000000
Generation 250: Best fitness = -1000.000000
Generation 300: Best fitness = -1000.000000
Generation 350: Best fitness = -1000.000000
Generation 400: Best fitness = -1000.000000
Generation 450: Best fitness = -1000.000000
Attempt 868: Current best = 1.848279
Generation 0: Best fitness = -1000.000000
Generation 50: Best fitness = -1000.000000
Generation 100: Best fitness = -1000.000000
Generation 150: Best fitness = -1000.000000
Generation 200: Best fitness = -1000.000000
Generation 250: Best fitness = -1000.000000
Generation 300: Best fitness = -1000.000000
Generation 350: Best fitness = -1000.000000
Generation 400: Best fitness = -1000.000000
Generation 450: Best fitness = -1000.000000
Attempt 869: Current best = 1.848279
Generation 0: Best fitness = -1000.000000
Generation 50: Best fitness = -1000.000000
Generation 100: Best fitness = -1000.000000
Generation 150: Best fitness = -1000.000000
Generation 200: Best fitness = -1000.000000
Generation 250: Best fitness = -1000.000000
Generation 300: Best fitness = -1000.000000
Generation 350: Best fitness = -1000.000000
Generation 400: Best fitness = -1000.000000
Generation 450: Best fitness = -1000.000000
Attempt 870: Current best = 1.848279
Generation 0: Best fitness = -1000.000000
Generation 50: Best fitness = -1000.000000
Generation 100: Best fitness = 1.294012
Generation 150: Best fitness = 1.447812
Generation 200: Best fitness = 1.484977
Generation 250: Best fitness = 1.505815
Generation 300: Best fitness = 1.532060
Generation 350: Best fitness = 1.540731
Generation 400: Best fitness = 1.550543
Generation 450: Best fitness = 1.558629
Attempt 871: Current best = 1.848279
Generation 0: Best fitness = -1000.000000
Generation 50: Best fitness = -1000.000000
Generation 100: Best fitness = -1000.000000
Generation 150: Best fitness = -1000.000000
Generation 200: Best fitness = -1000.000000
Generation 250: Best fitness = -1000.000000
Generation 300: Best fitness = -1000.000000
Generation 350: Best fitness = -1000.000000
Generation 400: Best fitness = -1000.000000
Generation 450: Best fitness = -1000.000000
Attempt 872: Current best = 1.848279
Generation 0: Best fitness = -1000.000000
Generation 50: Best fitness = -1000.000000
Generation 100: Best fitness = -1000.000000
Generation 150: Best fitness = -1000.000000
Generation 200: Best fitness = -1000.000000
Generation 250: Best fitness = -1000.000000
Generation 300: Best fitness = -1000.000000
Generation 350: Best fitness = -1000.000000
Generation 400: Best fitness = -1000.000000
Generation 450: Best fitness = -1000.000000
Attempt 873: Current best = 1.848279
Generation 0: Best fitness = -1000.000000
Generation 50: Best fitness = -1000.000000
Generation 100: Best fitness = -1000.000000
Generation 150: Best fitness = -1000.000000
Generation 200: Best fitness = -1000.000000
Generation 250: Best fitness = -1000.000000
Generation 300: Best fitness = -1000.000000
Generation 350: Best fitness = -1000.000000
Generation 400: Best fitness = -1000.000000
Generation 450: Best fitness = -1000.000000
Attempt 874: Current best = 1.848279
Generation 0: Best fitness = -1000.000000
Generation 50: Best fitness = -1000.000000
Generation 100: Best fitness = -1000.000000
Generation 150: Best fitness = -1000.000000
Generation 200: Best fitness = -1000.000000
Generation 250: Best fitness = -1000.000000
Generation 300: Best fitness = -1000.000000
Generation 350: Best fitness = -1000.000000
Generation 400: Best fitness = -1000.000000
Generation 450: Best fitness = -1000.000000
Attempt 875: Current best = 1.848279
Generation 0: Best fitness = -1000.000000
Generation 50: Best fitness = -1000.000000
Generation 100: Best fitness = -1000.000000
Generation 150: Best fitness = -1000.000000
Generation 200: Best fitness = -1000.000000
Generation 250: Best fitness = -1000.000000
Generation 300: Best fitness = -1000.000000
Generation 350: Best fitness = -1000.000000
Generation 400: Best fitness = -1000.000000
Generation 450: Best fitness = -1000.000000
Attempt 876: Current best = 1.848279
Generation 0: Best fitness = -1000.000000
Generation 50: Best fitness = -1000.000000
Generation 100: Best fitness = -1000.000000
Generation 150: Best fitness = -1000.000000
Generation 200: Best fitness = -1000.000000
Generation 250: Best fitness = -1000.000000
Generation 300: Best fitness = -1000.000000
Generation 350: Best fitness = -1000.000000
Generation 400: Best fitness = -1000.000000
Generation 450: Best fitness = -1000.000000
Attempt 877: Current best = 1.848279
Generation 0: Best fitness = -1000.000000
Generation 50: Best fitness = -1000.000000
Generation 100: Best fitness = -1000.000000
Generation 150: Best fitness = -1000.000000
Generation 200: Best fitness = -1000.000000
Generation 250: Best fitness = -1000.000000
Generation 300: Best fitness = -1000.000000
Generation 350: Best fitness = -1000.000000
Generation 400: Best fitness = -1000.000000
Generation 450: Best fitness = -1000.000000
Attempt 878: Current best = 1.848279
Generation 0: Best fitness = -1000.000000
Generation 50: Best fitness = -1000.000000
Generation 100: Best fitness = -1000.000000
Generation 150: Best fitness = -1000.000000
Generation 200: Best fitness = -1000.000000
Generation 250: Best fitness = -1000.000000
Generation 300: Best fitness = -1000.000000
Generation 350: Best fitness = -1000.000000
Generation 400: Best fitness = -1000.000000
Generation 450: Best fitness = -1000.000000
Attempt 879: Current best = 1.848279
Generation 0: Best fitness = -1000.000000
Generation 50: Best fitness = -1000.000000
Generation 100: Best fitness = -1000.000000
Generation 150: Best fitness = -1000.000000
Generation 200: Best fitness = -1000.000000
Generation 250: Best fitness = -1000.000000
Generation 300: Best fitness = -1000.000000
Generation 350: Best fitness = -1000.000000
Generation 400: Best fitness = -1000.000000
Generation 450: Best fitness = -1000.000000
Attempt 880: Current best = 1.848279
Generation 0: Best fitness = -1000.000000
Generation 50: Best fitness = -1000.000000
Generation 100: Best fitness = -1000.000000
Generation 150: Best fitness = -1000.000000
Generation 200: Best fitness = -1000.000000
Generation 250: Best fitness = -1000.000000
Generation 300: Best fitness = -1000.000000
Generation 350: Best fitness = -1000.000000
Generation 400: Best fitness = -1000.000000
Generation 450: Best fitness = -1000.000000
Attempt 881: Current best = 1.848279
Generation 0: Best fitness = -1000.000000
Generation 50: Best fitness = -1000.000000
Generation 100: Best fitness = -1000.000000
Generation 150: Best fitness = -1000.000000
Generation 200: Best fitness = -1000.000000
Generation 250: Best fitness = -1000.000000
Generation 300: Best fitness = -1000.000000
Generation 350: Best fitness = -1000.000000
Generation 400: Best fitness = -1000.000000
Generation 450: Best fitness = -1000.000000
Attempt 882: Current best = 1.848279
Generation 0: Best fitness = -1000.000000
Generation 50: Best fitness = 1.119811
Generation 100: Best fitness = 1.386678
Generation 150: Best fitness = 1.427968
Generation 200: Best fitness = 1.453490
Generation 250: Best fitness = 1.471378
Generation 300: Best fitness = 1.483525
Generation 350: Best fitness = 1.487746
Generation 400: Best fitness = 1.492269
Generation 450: Best fitness = 1.505652
Attempt 883: Current best = 1.848279
Generation 0: Best fitness = -1000.000000
Generation 50: Best fitness = -1000.000000
Generation 100: Best fitness = -1000.000000
Generation 150: Best fitness = -1000.000000
Generation 200: Best fitness = -1000.000000
Generation 250: Best fitness = -1000.000000
Generation 300: Best fitness = -1000.000000
Generation 350: Best fitness = -1000.000000
Generation 400: Best fitness = -1000.000000
Generation 450: Best fitness = -1000.000000
Attempt 884: Current best = 1.848279
Generation 0: Best fitness = -1000.000000
Generation 50: Best fitness = -1000.000000
Generation 100: Best fitness = -1000.000000
Generation 150: Best fitness = -1000.000000
Generation 200: Best fitness = -1000.000000
Generation 250: Best fitness = -1000.000000
Generation 300: Best fitness = -1000.000000
Generation 350: Best fitness = -1000.000000
Generation 400: Best fitness = -1000.000000
Generation 450: Best fitness = -1000.000000
Attempt 885: Current best = 1.848279
Generation 0: Best fitness = -1000.000000
Generation 50: Best fitness = -1000.000000
Generation 100: Best fitness = -1000.000000
Generation 150: Best fitness = -1000.000000
Generation 200: Best fitness = -1000.000000
Generation 250: Best fitness = -1000.000000
Generation 300: Best fitness = -1000.000000
Generation 350: Best fitness = -1000.000000
Generation 400: Best fitness = -1000.000000
Generation 450: Best fitness = -1000.000000
Attempt 886: Current best = 1.848279
Generation 0: Best fitness = -1000.000000
Generation 50: Best fitness = -1000.000000
Generation 100: Best fitness = -1000.000000
Generation 150: Best fitness = -1000.000000
Generation 200: Best fitness = -1000.000000
Generation 250: Best fitness = -1000.000000
Generation 300: Best fitness = -1000.000000
Generation 350: Best fitness = -1000.000000
Generation 400: Best fitness = -1000.000000
Generation 450: Best fitness = -1000.000000
Attempt 887: Current best = 1.848279
Generation 0: Best fitness = -1000.000000
Generation 50: Best fitness = -1000.000000
Generation 100: Best fitness = -1000.000000
Generation 150: Best fitness = -1000.000000
Generation 200: Best fitness = -1000.000000
Generation 250: Best fitness = -1000.000000
Generation 300: Best fitness = -1000.000000
Generation 350: Best fitness = -1000.000000
Generation 400: Best fitness = -1000.000000
Generation 450: Best fitness = -1000.000000
Attempt 888: Current best = 1.848279
Generation 0: Best fitness = -1000.000000
Generation 50: Best fitness = -1000.000000
Generation 100: Best fitness = -1000.000000
Generation 150: Best fitness = -1000.000000
Generation 200: Best fitness = -1000.000000
Generation 250: Best fitness = -1000.000000
Generation 300: Best fitness = -1000.000000
Generation 350: Best fitness = -1000.000000
Generation 400: Best fitness = -1000.000000
Generation 450: Best fitness = -1000.000000
Attempt 889: Current best = 1.848279
Generation 0: Best fitness = -1000.000000
Generation 50: Best fitness = -1000.000000
Generation 100: Best fitness = -1000.000000
Generation 150: Best fitness = -1000.000000
Generation 200: Best fitness = -1000.000000
Generation 250: Best fitness = -1000.000000
Generation 300: Best fitness = -1000.000000
Generation 350: Best fitness = -1000.000000
Generation 400: Best fitness = -1000.000000
Generation 450: Best fitness = -1000.000000
Attempt 890: Current best = 1.848279
Generation 0: Best fitness = -1000.000000
Generation 50: Best fitness = -1000.000000
Generation 100: Best fitness = -1000.000000
Generation 150: Best fitness = -1000.000000
Generation 200: Best fitness = -1000.000000
Generation 250: Best fitness = -1000.000000
Generation 300: Best fitness = -1000.000000
Generation 350: Best fitness = -1000.000000
Generation 400: Best fitness = -1000.000000
Generation 450: Best fitness = -1000.000000
Attempt 891: Current best = 1.848279
Generation 0: Best fitness = -1000.000000
Generation 50: Best fitness = -1000.000000
Generation 100: Best fitness = -1000.000000
Generation 150: Best fitness = -1000.000000
Generation 200: Best fitness = -1000.000000
Generation 250: Best fitness = -1000.000000
Generation 300: Best fitness = -1000.000000
Generation 350: Best fitness = -1000.000000
Generation 400: Best fitness = -1000.000000
Generation 450: Best fitness = -1000.000000
Attempt 892: Current best = 1.848279
Generation 0: Best fitness = -1000.000000
Generation 50: Best fitness = -1000.000000
Generation 100: Best fitness = -1000.000000
Generation 150: Best fitness = -1000.000000
Generation 200: Best fitness = -1000.000000
Generation 250: Best fitness = -1000.000000
Generation 300: Best fitness = -1000.000000
Generation 350: Best fitness = -1000.000000
Generation 400: Best fitness = -1000.000000
Generation 450: Best fitness = -1000.000000
Attempt 893: Current best = 1.848279
Generation 0: Best fitness = -1000.000000
Generation 50: Best fitness = -1000.000000
Generation 100: Best fitness = -1000.000000
Generation 150: Best fitness = -1000.000000
Generation 200: Best fitness = -1000.000000
Generation 250: Best fitness = -1000.000000
Generation 300: Best fitness = -1000.000000
Generation 350: Best fitness = -1000.000000
Generation 400: Best fitness = -1000.000000
Generation 450: Best fitness = -1000.000000
Attempt 894: Current best = 1.848279
Generation 0: Best fitness = -1000.000000
Generation 50: Best fitness = -1000.000000
Generation 100: Best fitness = -1000.000000
Generation 150: Best fitness = -1000.000000
Generation 200: Best fitness = -1000.000000
Generation 250: Best fitness = -1000.000000
Generation 300: Best fitness = -1000.000000
Generation 350: Best fitness = -1000.000000
Generation 400: Best fitness = -1000.000000
Generation 450: Best fitness = -1000.000000
Attempt 895: Current best = 1.848279
Generation 0: Best fitness = -1000.000000
Generation 50: Best fitness = -1000.000000
Generation 100: Best fitness = -1000.000000
Generation 150: Best fitness = -1000.000000
Generation 200: Best fitness = -1000.000000
Generation 250: Best fitness = -1000.000000
Generation 300: Best fitness = -1000.000000
Generation 350: Best fitness = -1000.000000
Generation 400: Best fitness = -1000.000000
Generation 450: Best fitness = -1000.000000
Attempt 896: Current best = 1.848279
Generation 0: Best fitness = -1000.000000
Generation 50: Best fitness = -1000.000000
Generation 100: Best fitness = -1000.000000
Generation 150: Best fitness = -1000.000000
Generation 200: Best fitness = -1000.000000
Generation 250: Best fitness = -1000.000000
Generation 300: Best fitness = -1000.000000
Generation 350: Best fitness = -1000.000000
Generation 400: Best fitness = -1000.000000
Generation 450: Best fitness = -1000.000000
Attempt 897: Current best = 1.848279
Generation 0: Best fitness = -1000.000000
Generation 50: Best fitness = -1000.000000
Generation 100: Best fitness = -1000.000000
Generation 150: Best fitness = -1000.000000
Generation 200: Best fitness = -1000.000000
Generation 250: Best fitness = -1000.000000
Generation 300: Best fitness = -1000.000000
Generation 350: Best fitness = -1000.000000
Generation 400: Best fitness = -1000.000000
Generation 450: Best fitness = -1000.000000
Attempt 898: Current best = 1.848279
Generation 0: Best fitness = -1000.000000
Generation 50: Best fitness = -1000.000000
Generation 100: Best fitness = -1000.000000
Generation 150: Best fitness = -1000.000000
Generation 200: Best fitness = -1000.000000
Generation 250: Best fitness = -1000.000000
Generation 300: Best fitness = -1000.000000
Generation 350: Best fitness = -1000.000000
Generation 400: Best fitness = -1000.000000
Generation 450: Best fitness = -1000.000000
Attempt 899: Current best = 1.848279
Generation 0: Best fitness = -1000.000000
Generation 50: Best fitness = -1000.000000
Generation 100: Best fitness = -1000.000000
Generation 150: Best fitness = -1000.000000
Generation 200: Best fitness = -1000.000000
Generation 250: Best fitness = -1000.000000
Generation 300: Best fitness = -1000.000000
Generation 350: Best fitness = -1000.000000
Generation 400: Best fitness = -1000.000000
Generation 450: Best fitness = -1000.000000
Attempt 900: Current best = 1.848279
Generation 0: Best fitness = -1000.000000
Generation 50: Best fitness = -1000.000000
Generation 100: Best fitness = -1000.000000
Generation 150: Best fitness = -1000.000000
Generation 200: Best fitness = -1000.000000
Generation 250: Best fitness = -1000.000000
Generation 300: Best fitness = -1000.000000
Generation 350: Best fitness = -1000.000000
Generation 400: Best fitness = -1000.000000
Generation 450: Best fitness = -1000.000000
Attempt 901: Current best = 1.848279
Generation 0: Best fitness = -1000.000000
Generation 50: Best fitness = -1000.000000
Generation 100: Best fitness = -1000.000000
Generation 150: Best fitness = -1000.000000
Generation 200: Best fitness = -1000.000000
Generation 250: Best fitness = -1000.000000
Generation 300: Best fitness = -1000.000000
Generation 350: Best fitness = -1000.000000
Generation 400: Best fitness = -1000.000000
Generation 450: Best fitness = -1000.000000
Attempt 902: Current best = 1.848279
Generation 0: Best fitness = -1000.000000
Generation 50: Best fitness = -1000.000000
Generation 100: Best fitness = -1000.000000
Generation 150: Best fitness = -1000.000000
Generation 200: Best fitness = -1000.000000
Generation 250: Best fitness = -1000.000000
Generation 300: Best fitness = -1000.000000
Generation 350: Best fitness = -1000.000000
Generation 400: Best fitness = -1000.000000
Generation 450: Best fitness = -1000.000000
Attempt 903: Current best = 1.848279
Generation 0: Best fitness = -1000.000000
Generation 50: Best fitness = -1000.000000
Generation 100: Best fitness = -1000.000000
Generation 150: Best fitness = -1000.000000
Generation 200: Best fitness = -1000.000000
Generation 250: Best fitness = -1000.000000
Generation 300: Best fitness = -1000.000000
Generation 350: Best fitness = -1000.000000
Generation 400: Best fitness = -1000.000000
Generation 450: Best fitness = -1000.000000
Attempt 904: Current best = 1.848279
Generation 0: Best fitness = -1000.000000
Generation 50: Best fitness = -1000.000000
Generation 100: Best fitness = -1000.000000
Generation 150: Best fitness = -1000.000000
Generation 200: Best fitness = -1000.000000
Generation 250: Best fitness = -1000.000000
Generation 300: Best fitness = -1000.000000
Generation 350: Best fitness = -1000.000000
Generation 400: Best fitness = -1000.000000
Generation 450: Best fitness = -1000.000000
Attempt 905: Current best = 1.848279
Generation 0: Best fitness = -1000.000000
Generation 50: Best fitness = -1000.000000
Generation 100: Best fitness = -1000.000000
Generation 150: Best fitness = -1000.000000
Generation 200: Best fitness = -1000.000000
Generation 250: Best fitness = -1000.000000
Generation 300: Best fitness = -1000.000000
Generation 350: Best fitness = -1000.000000
Generation 400: Best fitness = -1000.000000
Generation 450: Best fitness = -1000.000000
Attempt 906: Current best = 1.848279
Generation 0: Best fitness = -1000.000000
Generation 50: Best fitness = -1000.000000
Generation 100: Best fitness = -1000.000000
Generation 150: Best fitness = -1000.000000
Generation 200: Best fitness = -1000.000000
Generation 250: Best fitness = -1000.000000
Generation 300: Best fitness = -1000.000000
Generation 350: Best fitness = -1000.000000
Generation 400: Best fitness = -1000.000000
Generation 450: Best fitness = -1000.000000
Attempt 907: Current best = 1.848279
Generation 0: Best fitness = -1000.000000
Generation 50: Best fitness = -1000.000000
Generation 100: Best fitness = -1000.000000
Generation 150: Best fitness = -1000.000000
Generation 200: Best fitness = -1000.000000
Generation 250: Best fitness = -1000.000000
Generation 300: Best fitness = -1000.000000
Generation 350: Best fitness = -1000.000000
Generation 400: Best fitness = -1000.000000
Generation 450: Best fitness = -1000.000000
Attempt 908: Current best = 1.848279
Generation 0: Best fitness = -1000.000000
Generation 50: Best fitness = -1000.000000
Generation 100: Best fitness = -1000.000000
Generation 150: Best fitness = -1000.000000
Generation 200: Best fitness = -1000.000000
Generation 250: Best fitness = -1000.000000
Generation 300: Best fitness = -1000.000000
Generation 350: Best fitness = -1000.000000
Generation 400: Best fitness = -1000.000000
Generation 450: Best fitness = -1000.000000
Attempt 909: Current best = 1.848279
Generation 0: Best fitness = -1000.000000
Generation 50: Best fitness = -1000.000000
Generation 100: Best fitness = -1000.000000
Generation 150: Best fitness = -1000.000000
Generation 200: Best fitness = -1000.000000
Generation 250: Best fitness = -1000.000000
Generation 300: Best fitness = -1000.000000
Generation 350: Best fitness = -1000.000000
Generation 400: Best fitness = -1000.000000
Generation 450: Best fitness = -1000.000000
Attempt 910: Current best = 1.848279
Generation 0: Best fitness = -1000.000000
Generation 50: Best fitness = -1000.000000
Generation 100: Best fitness = -1000.000000
Generation 150: Best fitness = -1000.000000
Generation 200: Best fitness = -1000.000000
Generation 250: Best fitness = -1000.000000
Generation 300: Best fitness = -1000.000000
Generation 350: Best fitness = -1000.000000
Generation 400: Best fitness = -1000.000000
Generation 450: Best fitness = -1000.000000
Attempt 911: Current best = 1.848279
Generation 0: Best fitness = -1000.000000
Generation 50: Best fitness = -1000.000000
Generation 100: Best fitness = -1000.000000
Generation 150: Best fitness = -1000.000000
Generation 200: Best fitness = -1000.000000
Generation 250: Best fitness = -1000.000000
Generation 300: Best fitness = -1000.000000
Generation 350: Best fitness = -1000.000000
Generation 400: Best fitness = -1000.000000
Generation 450: Best fitness = -1000.000000
Attempt 912: Current best = 1.848279
Generation 0: Best fitness = -1000.000000
Generation 50: Best fitness = -1000.000000
Generation 100: Best fitness = -1000.000000
Generation 150: Best fitness = -1000.000000
Generation 200: Best fitness = -1000.000000
Generation 250: Best fitness = -1000.000000
Generation 300: Best fitness = -1000.000000
Generation 350: Best fitness = -1000.000000
Generation 400: Best fitness = -1000.000000
Generation 450: Best fitness = -1000.000000
Attempt 913: Current best = 1.848279
Generation 0: Best fitness = -1000.000000
Generation 50: Best fitness = -1000.000000
Generation 100: Best fitness = -1000.000000
Generation 150: Best fitness = -1000.000000
Generation 200: Best fitness = -1000.000000
Generation 250: Best fitness = -1000.000000
Generation 300: Best fitness = -1000.000000
Generation 350: Best fitness = -1000.000000
Generation 400: Best fitness = -1000.000000
Generation 450: Best fitness = -1000.000000
Attempt 914: Current best = 1.848279
Generation 0: Best fitness = -1000.000000
Generation 50: Best fitness = -1000.000000
Generation 100: Best fitness = -1000.000000
Generation 150: Best fitness = -1000.000000
Generation 200: Best fitness = -1000.000000
Generation 250: Best fitness = -1000.000000
Generation 300: Best fitness = -1000.000000
Generation 350: Best fitness = -1000.000000
Generation 400: Best fitness = -1000.000000
Generation 450: Best fitness = -1000.000000
Attempt 915: Current best = 1.848279
Generation 0: Best fitness = -1000.000000
Generation 50: Best fitness = -1000.000000
Generation 100: Best fitness = -1000.000000
Generation 150: Best fitness = -1000.000000
Generation 200: Best fitness = -1000.000000
Generation 250: Best fitness = -1000.000000
Generation 300: Best fitness = -1000.000000
Generation 350: Best fitness = -1000.000000
Generation 400: Best fitness = -1000.000000
Generation 450: Best fitness = -1000.000000
Attempt 916: Current best = 1.848279
Generation 0: Best fitness = -1000.000000
Generation 50: Best fitness = -1000.000000
Generation 100: Best fitness = -1000.000000
Generation 150: Best fitness = -1000.000000
Generation 200: Best fitness = -1000.000000
Generation 250: Best fitness = -1000.000000
Generation 300: Best fitness = -1000.000000
Generation 350: Best fitness = -1000.000000
Generation 400: Best fitness = -1000.000000
Generation 450: Best fitness = -1000.000000
Attempt 917: Current best = 1.848279
Generation 0: Best fitness = -1000.000000
Generation 50: Best fitness = -1000.000000
Generation 100: Best fitness = -1000.000000
Generation 150: Best fitness = -1000.000000
Generation 200: Best fitness = -1000.000000
Generation 250: Best fitness = -1000.000000
Generation 300: Best fitness = -1000.000000
Generation 350: Best fitness = -1000.000000
Generation 400: Best fitness = -1000.000000
Generation 450: Best fitness = -1000.000000
Attempt 918: Current best = 1.848279
Generation 0: Best fitness = -1000.000000
Generation 50: Best fitness = -1000.000000
Generation 100: Best fitness = -1000.000000
Generation 150: Best fitness = -1000.000000
Generation 200: Best fitness = -1000.000000
Generation 250: Best fitness = -1000.000000
Generation 300: Best fitness = -1000.000000
Generation 350: Best fitness = -1000.000000
Generation 400: Best fitness = -1000.000000
Generation 450: Best fitness = -1000.000000
Attempt 919: Current best = 1.848279
Generation 0: Best fitness = -1000.000000
Generation 50: Best fitness = -1000.000000
Generation 100: Best fitness = -1000.000000
Generation 150: Best fitness = -1000.000000
Generation 200: Best fitness = -1000.000000
Generation 250: Best fitness = -1000.000000
Generation 300: Best fitness = -1000.000000
Generation 350: Best fitness = -1000.000000
Generation 400: Best fitness = -1000.000000
Generation 450: Best fitness = -1000.000000
Attempt 920: Current best = 1.848279
Generation 0: Best fitness = -1000.000000
Generation 50: Best fitness = -1000.000000
Generation 100: Best fitness = -1000.000000
Generation 150: Best fitness = -1000.000000
Generation 200: Best fitness = -1000.000000
Generation 250: Best fitness = -1000.000000
Generation 300: Best fitness = -1000.000000
Generation 350: Best fitness = -1000.000000
Generation 400: Best fitness = -1000.000000
Generation 450: Best fitness = -1000.000000
Attempt 921: Current best = 1.848279
Generation 0: Best fitness = -1000.000000
Generation 50: Best fitness = -1000.000000
Generation 100: Best fitness = -1000.000000
Generation 150: Best fitness = -1000.000000
Generation 200: Best fitness = -1000.000000
Generation 250: Best fitness = -1000.000000
Generation 300: Best fitness = -1000.000000
Generation 350: Best fitness = -1000.000000
Generation 400: Best fitness = -1000.000000
Generation 450: Best fitness = -1000.000000
Attempt 922: Current best = 1.848279
Generation 0: Best fitness = -1000.000000
Generation 50: Best fitness = -1000.000000
Generation 100: Best fitness = -1000.000000
Generation 150: Best fitness = -1000.000000
Generation 200: Best fitness = -1000.000000
Generation 250: Best fitness = -1000.000000
Generation 300: Best fitness = -1000.000000
Generation 350: Best fitness = -1000.000000
Generation 400: Best fitness = -1000.000000
Generation 450: Best fitness = -1000.000000
Attempt 923: Current best = 1.848279
Generation 0: Best fitness = -1000.000000
Generation 50: Best fitness = -1000.000000
Generation 100: Best fitness = -1000.000000
Generation 150: Best fitness = -1000.000000
Generation 200: Best fitness = -1000.000000
Generation 250: Best fitness = -1000.000000
Generation 300: Best fitness = -1000.000000
Generation 350: Best fitness = -1000.000000
Generation 400: Best fitness = -1000.000000
Generation 450: Best fitness = -1000.000000
Attempt 924: Current best = 1.848279
Generation 0: Best fitness = -1000.000000
Generation 50: Best fitness = -1000.000000
Generation 100: Best fitness = -1000.000000
Generation 150: Best fitness = -1000.000000
Generation 200: Best fitness = -1000.000000
Generation 250: Best fitness = -1000.000000
Generation 300: Best fitness = -1000.000000
Generation 350: Best fitness = -1000.000000
Generation 400: Best fitness = -1000.000000
Generation 450: Best fitness = -1000.000000
Attempt 925: Current best = 1.848279
Generation 0: Best fitness = -1000.000000
Generation 50: Best fitness = -1000.000000
Generation 100: Best fitness = -1000.000000
Generation 150: Best fitness = -1000.000000
Generation 200: Best fitness = -1000.000000
Generation 250: Best fitness = -1000.000000
Generation 300: Best fitness = -1000.000000
Generation 350: Best fitness = -1000.000000
Generation 400: Best fitness = -1000.000000
Generation 450: Best fitness = -1000.000000
Attempt 926: Current best = 1.848279
Generation 0: Best fitness = -1000.000000
Generation 50: Best fitness = -1000.000000
Generation 100: Best fitness = -1000.000000
Generation 150: Best fitness = -1000.000000
Generation 200: Best fitness = -1000.000000
Generation 250: Best fitness = -1000.000000
Generation 300: Best fitness = -1000.000000
Generation 350: Best fitness = -1000.000000
Generation 400: Best fitness = -1000.000000
Generation 450: Best fitness = -1000.000000
Attempt 927: Current best = 1.848279
Generation 0: Best fitness = -1000.000000
Generation 50: Best fitness = -1000.000000
Generation 100: Best fitness = -1000.000000
Generation 150: Best fitness = -1000.000000
Generation 200: Best fitness = -1000.000000
Generation 250: Best fitness = -1000.000000
Generation 300: Best fitness = -1000.000000
Generation 350: Best fitness = -1000.000000
Generation 400: Best fitness = -1000.000000
Generation 450: Best fitness = -1000.000000
Attempt 928: Current best = 1.848279
Generation 0: Best fitness = -1000.000000
Generation 50: Best fitness = -1000.000000
Generation 100: Best fitness = -1000.000000
Generation 150: Best fitness = -1000.000000
Generation 200: Best fitness = -1000.000000
Generation 250: Best fitness = -1000.000000
Generation 300: Best fitness = -1000.000000
Generation 350: Best fitness = -1000.000000
Generation 400: Best fitness = -1000.000000
Generation 450: Best fitness = -1000.000000
Attempt 929: Current best = 1.848279
Generation 0: Best fitness = -1000.000000
Generation 50: Best fitness = -1000.000000
Generation 100: Best fitness = -1000.000000
Generation 150: Best fitness = -1000.000000
Generation 200: Best fitness = -1000.000000
Generation 250: Best fitness = -1000.000000
Generation 300: Best fitness = -1000.000000
Generation 350: Best fitness = -1000.000000
Generation 400: Best fitness = -1000.000000
Generation 450: Best fitness = -1000.000000
Attempt 930: Current best = 1.848279
Generation 0: Best fitness = -1000.000000
Generation 50: Best fitness = -1000.000000
Generation 100: Best fitness = -1000.000000
Generation 150: Best fitness = -1000.000000
Generation 200: Best fitness = -1000.000000
Generation 250: Best fitness = -1000.000000
Generation 300: Best fitness = -1000.000000
Generation 350: Best fitness = -1000.000000
Generation 400: Best fitness = -1000.000000
Generation 450: Best fitness = -1000.000000
Attempt 931: Current best = 1.848279
Generation 0: Best fitness = -1000.000000
Generation 50: Best fitness = -1000.000000
Generation 100: Best fitness = -1000.000000
Generation 150: Best fitness = -1000.000000
Generation 200: Best fitness = -1000.000000
Generation 250: Best fitness = -1000.000000
Generation 300: Best fitness = -1000.000000
Generation 350: Best fitness = -1000.000000
Generation 400: Best fitness = -1000.000000
Generation 450: Best fitness = -1000.000000
Attempt 932: Current best = 1.848279
Generation 0: Best fitness = -1000.000000
Generation 50: Best fitness = -1000.000000
Generation 100: Best fitness = -1000.000000
Generation 150: Best fitness = -1000.000000
Generation 200: Best fitness = -1000.000000
Generation 250: Best fitness = -1000.000000
Generation 300: Best fitness = -1000.000000
Generation 350: Best fitness = -1000.000000
Generation 400: Best fitness = -1000.000000
Generation 450: Best fitness = -1000.000000
Attempt 933: Current best = 1.848279
Generation 0: Best fitness = -1000.000000
Generation 50: Best fitness = -1000.000000
Generation 100: Best fitness = -1000.000000
Generation 150: Best fitness = -1000.000000
Generation 200: Best fitness = -1000.000000
Generation 250: Best fitness = -1000.000000
Generation 300: Best fitness = -1000.000000
Generation 350: Best fitness = -1000.000000
Generation 400: Best fitness = -1000.000000
Generation 450: Best fitness = -1000.000000
Attempt 934: Current best = 1.848279
Generation 0: Best fitness = -1000.000000
Generation 50: Best fitness = -1000.000000
Generation 100: Best fitness = -1000.000000
Generation 150: Best fitness = -1000.000000
Generation 200: Best fitness = -1000.000000
Generation 250: Best fitness = -1000.000000
Generation 300: Best fitness = -1000.000000
Generation 350: Best fitness = -1000.000000
Generation 400: Best fitness = -1000.000000
Generation 450: Best fitness = -1000.000000
Attempt 935: Current best = 1.848279
Generation 0: Best fitness = -1000.000000
Generation 50: Best fitness = -1000.000000
Generation 100: Best fitness = -1000.000000
Generation 150: Best fitness = -1000.000000
Generation 200: Best fitness = -1000.000000
Generation 250: Best fitness = -1000.000000
Generation 300: Best fitness = -1000.000000
Generation 350: Best fitness = -1000.000000
Generation 400: Best fitness = -1000.000000
Generation 450: Best fitness = -1000.000000
Attempt 936: Current best = 1.848279
Generation 0: Best fitness = -1000.000000
Generation 50: Best fitness = -1000.000000
Generation 100: Best fitness = -1000.000000
Generation 150: Best fitness = -1000.000000
Generation 200: Best fitness = -1000.000000
Generation 250: Best fitness = -1000.000000
Generation 300: Best fitness = -1000.000000
Generation 350: Best fitness = -1000.000000
Generation 400: Best fitness = -1000.000000
Generation 450: Best fitness = -1000.000000
Attempt 937: Current best = 1.848279
Generation 0: Best fitness = -1000.000000
Generation 50: Best fitness = -1000.000000
Generation 100: Best fitness = -1000.000000
Generation 150: Best fitness = -1000.000000
Generation 200: Best fitness = -1000.000000
Generation 250: Best fitness = -1000.000000
Generation 300: Best fitness = -1000.000000
Generation 350: Best fitness = -1000.000000
Generation 400: Best fitness = -1000.000000
Generation 450: Best fitness = -1000.000000
Attempt 938: Current best = 1.848279
Generation 0: Best fitness = -1000.000000
Generation 50: Best fitness = -1000.000000
Generation 100: Best fitness = -1000.000000
Generation 150: Best fitness = -1000.000000
Generation 200: Best fitness = -1000.000000
Generation 250: Best fitness = -1000.000000
Generation 300: Best fitness = -1000.000000
Generation 350: Best fitness = -1000.000000
Generation 400: Best fitness = -1000.000000
Generation 450: Best fitness = -1000.000000
Attempt 939: Current best = 1.848279
Generation 0: Best fitness = -1000.000000
Generation 50: Best fitness = -1000.000000
Generation 100: Best fitness = -1000.000000
Generation 150: Best fitness = -1000.000000
Generation 200: Best fitness = -1000.000000
Generation 250: Best fitness = -1000.000000
Generation 300: Best fitness = -1000.000000
Generation 350: Best fitness = -1000.000000
Generation 400: Best fitness = -1000.000000
Generation 450: Best fitness = -1000.000000
Attempt 940: Current best = 1.848279
Generation 0: Best fitness = -1000.000000
Generation 50: Best fitness = -1000.000000
Generation 100: Best fitness = -1000.000000
Generation 150: Best fitness = -1000.000000
Generation 200: Best fitness = -1000.000000
Generation 250: Best fitness = -1000.000000
Generation 300: Best fitness = -1000.000000
Generation 350: Best fitness = -1000.000000
Generation 400: Best fitness = -1000.000000
Generation 450: Best fitness = -1000.000000
Attempt 941: Current best = 1.848279
Generation 0: Best fitness = -1000.000000
Generation 50: Best fitness = -1000.000000
Generation 100: Best fitness = -1000.000000
Generation 150: Best fitness = -1000.000000
Generation 200: Best fitness = -1000.000000
Generation 250: Best fitness = -1000.000000
Generation 300: Best fitness = -1000.000000
Generation 350: Best fitness = -1000.000000
Generation 400: Best fitness = -1000.000000
Generation 450: Best fitness = -1000.000000
Attempt 942: Current best = 1.848279
Generation 0: Best fitness = -1000.000000
Generation 50: Best fitness = -1000.000000
Generation 100: Best fitness = -1000.000000
Generation 150: Best fitness = -1000.000000
Generation 200: Best fitness = -1000.000000
Generation 250: Best fitness = -1000.000000
Generation 300: Best fitness = -1000.000000
Generation 350: Best fitness = -1000.000000
Generation 400: Best fitness = -1000.000000
Generation 450: Best fitness = -1000.000000
Attempt 943: Current best = 1.848279
Generation 0: Best fitness = -1000.000000
Generation 50: Best fitness = -1000.000000
Generation 100: Best fitness = -1000.000000
Generation 150: Best fitness = -1000.000000
Generation 200: Best fitness = -1000.000000
Generation 250: Best fitness = -1000.000000
Generation 300: Best fitness = -1000.000000
Generation 350: Best fitness = -1000.000000
Generation 400: Best fitness = -1000.000000
Generation 450: Best fitness = -1000.000000
Attempt 944: Current best = 1.848279
Generation 0: Best fitness = -1000.000000
Generation 50: Best fitness = -1000.000000
Generation 100: Best fitness = -1000.000000
Generation 150: Best fitness = -1000.000000
Generation 200: Best fitness = -1000.000000
Generation 250: Best fitness = -1000.000000
Generation 300: Best fitness = -1000.000000
Generation 350: Best fitness = -1000.000000
Generation 400: Best fitness = -1000.000000
Generation 450: Best fitness = -1000.000000
Attempt 945: Current best = 1.848279
Generation 0: Best fitness = -1000.000000
Generation 50: Best fitness = -1000.000000
Generation 100: Best fitness = -1000.000000
Generation 150: Best fitness = -1000.000000
Generation 200: Best fitness = -1000.000000
Generation 250: Best fitness = -1000.000000
Generation 300: Best fitness = -1000.000000
Generation 350: Best fitness = -1000.000000
Generation 400: Best fitness = -1000.000000
Generation 450: Best fitness = -1000.000000
Attempt 946: Current best = 1.848279
Generation 0: Best fitness = -1000.000000
Generation 50: Best fitness = -1000.000000
Generation 100: Best fitness = -1000.000000
Generation 150: Best fitness = -1000.000000
Generation 200: Best fitness = -1000.000000
Generation 250: Best fitness = -1000.000000
Generation 300: Best fitness = -1000.000000
Generation 350: Best fitness = -1000.000000
Generation 400: Best fitness = -1000.000000
Generation 450: Best fitness = -1000.000000
Attempt 947: Current best = 1.848279
Generation 0: Best fitness = -1000.000000
Generation 50: Best fitness = -1000.000000
Generation 100: Best fitness = -1000.000000
Generation 150: Best fitness = -1000.000000
Generation 200: Best fitness = -1000.000000
Generation 250: Best fitness = -1000.000000
Generation 300: Best fitness = -1000.000000
Generation 350: Best fitness = -1000.000000
Generation 400: Best fitness = -1000.000000
Generation 450: Best fitness = -1000.000000
Attempt 948: Current best = 1.848279
Generation 0: Best fitness = -1000.000000
Generation 50: Best fitness = -1000.000000
Generation 100: Best fitness = -1000.000000
Generation 150: Best fitness = -1000.000000
Generation 200: Best fitness = -1000.000000
Generation 250: Best fitness = -1000.000000
Generation 300: Best fitness = -1000.000000
Generation 350: Best fitness = -1000.000000
Generation 400: Best fitness = -1000.000000
Generation 450: Best fitness = -1000.000000
Attempt 949: Current best = 1.848279
Generation 0: Best fitness = -1000.000000
Generation 50: Best fitness = -1000.000000
Generation 100: Best fitness = -1000.000000
Generation 150: Best fitness = -1000.000000
Generation 200: Best fitness = -1000.000000
Generation 250: Best fitness = -1000.000000
Generation 300: Best fitness = -1000.000000
Generation 350: Best fitness = -1000.000000
Generation 400: Best fitness = -1000.000000
Generation 450: Best fitness = -1000.000000
Attempt 950: Current best = 1.848279
Generation 0: Best fitness = -1000.000000
Generation 50: Best fitness = -1000.000000
Generation 100: Best fitness = -1000.000000
Generation 150: Best fitness = -1000.000000
Generation 200: Best fitness = -1000.000000
Generation 250: Best fitness = -1000.000000
Generation 300: Best fitness = -1000.000000
Generation 350: Best fitness = -1000.000000
Generation 400: Best fitness = -1000.000000
Generation 450: Best fitness = -1000.000000
Attempt 951: Current best = 1.848279
Generation 0: Best fitness = -1000.000000
Generation 50: Best fitness = -1000.000000
Generation 100: Best fitness = -1000.000000
Generation 150: Best fitness = -1000.000000
Generation 200: Best fitness = -1000.000000
Generation 250: Best fitness = -1000.000000
Generation 300: Best fitness = -1000.000000
Generation 350: Best fitness = -1000.000000
Generation 400: Best fitness = -1000.000000
Generation 450: Best fitness = -1000.000000
Attempt 952: Current best = 1.848279
Generation 0: Best fitness = -1000.000000
Generation 50: Best fitness = -1000.000000
Generation 100: Best fitness = -1000.000000
Generation 150: Best fitness = -1000.000000
Generation 200: Best fitness = -1000.000000
Generation 250: Best fitness = -1000.000000
Generation 300: Best fitness = -1000.000000
Generation 350: Best fitness = -1000.000000
Generation 400: Best fitness = -1000.000000
Generation 450: Best fitness = -1000.000000
Attempt 953: Current best = 1.848279
Generation 0: Best fitness = -1000.000000
Generation 50: Best fitness = -1000.000000
Generation 100: Best fitness = -1000.000000
Generation 150: Best fitness = -1000.000000
Generation 200: Best fitness = -1000.000000
Generation 250: Best fitness = -1000.000000
Generation 300: Best fitness = -1000.000000
Generation 350: Best fitness = -1000.000000
Generation 400: Best fitness = -1000.000000
Generation 450: Best fitness = -1000.000000
Attempt 954: Current best = 1.848279
Generation 0: Best fitness = -1000.000000
Generation 50: Best fitness = -1000.000000
Generation 100: Best fitness = -1000.000000
Generation 150: Best fitness = -1000.000000
Generation 200: Best fitness = -1000.000000
Generation 250: Best fitness = -1000.000000
Generation 300: Best fitness = -1000.000000
Generation 350: Best fitness = -1000.000000
Generation 400: Best fitness = -1000.000000
Generation 450: Best fitness = -1000.000000
Attempt 955: Current best = 1.848279
Generation 0: Best fitness = -1000.000000
Generation 50: Best fitness = -1000.000000
Generation 100: Best fitness = -1000.000000
Generation 150: Best fitness = -1000.000000
Generation 200: Best fitness = -1000.000000
Generation 250: Best fitness = -1000.000000
Generation 300: Best fitness = -1000.000000
Generation 350: Best fitness = -1000.000000
Generation 400: Best fitness = -1000.000000
Generation 450: Best fitness = -1000.000000
Attempt 956: Current best = 1.848279
Generation 0: Best fitness = -1000.000000
Generation 50: Best fitness = -1000.000000
Generation 100: Best fitness = -1000.000000
Generation 150: Best fitness = -1000.000000
Generation 200: Best fitness = -1000.000000
Generation 250: Best fitness = -1000.000000
Generation 300: Best fitness = -1000.000000
Generation 350: Best fitness = -1000.000000
Generation 400: Best fitness = -1000.000000
Generation 450: Best fitness = -1000.000000
Attempt 957: Current best = 1.848279
Generation 0: Best fitness = -1000.000000
Generation 50: Best fitness = -1000.000000
Generation 100: Best fitness = -1000.000000
Generation 150: Best fitness = -1000.000000
Generation 200: Best fitness = -1000.000000
Generation 250: Best fitness = -1000.000000
Generation 300: Best fitness = -1000.000000
Generation 350: Best fitness = -1000.000000
Generation 400: Best fitness = -1000.000000
Generation 450: Best fitness = -1000.000000
Attempt 958: Current best = 1.848279
Generation 0: Best fitness = -1000.000000
Generation 50: Best fitness = -1000.000000
Generation 100: Best fitness = -1000.000000
Generation 150: Best fitness = -1000.000000
Generation 200: Best fitness = -1000.000000
Generation 250: Best fitness = -1000.000000
Generation 300: Best fitness = -1000.000000
Generation 350: Best fitness = -1000.000000
Generation 400: Best fitness = -1000.000000
Generation 450: Best fitness = -1000.000000
Attempt 959: Current best = 1.848279
Generation 0: Best fitness = -1000.000000
Generation 50: Best fitness = -1000.000000
Generation 100: Best fitness = -1000.000000
Generation 150: Best fitness = -1000.000000
Generation 200: Best fitness = -1000.000000
Generation 250: Best fitness = -1000.000000
Generation 300: Best fitness = -1000.000000
Generation 350: Best fitness = -1000.000000
Generation 400: Best fitness = -1000.000000
Generation 450: Best fitness = -1000.000000
Attempt 960: Current best = 1.848279
Generation 0: Best fitness = -1000.000000
Generation 50: Best fitness = -1000.000000
Generation 100: Best fitness = -1000.000000
Generation 150: Best fitness = -1000.000000
Generation 200: Best fitness = -1000.000000
Generation 250: Best fitness = -1000.000000
Generation 300: Best fitness = -1000.000000
Generation 350: Best fitness = -1000.000000
Generation 400: Best fitness = -1000.000000
Generation 450: Best fitness = -1000.000000
Attempt 961: Current best = 1.848279
Generation 0: Best fitness = -1000.000000
Generation 50: Best fitness = -1000.000000
Generation 100: Best fitness = -1000.000000
Generation 150: Best fitness = -1000.000000
Generation 200: Best fitness = -1000.000000
Generation 250: Best fitness = -1000.000000
Generation 300: Best fitness = -1000.000000
Generation 350: Best fitness = -1000.000000
Generation 400: Best fitness = -1000.000000
Generation 450: Best fitness = -1000.000000
Attempt 962: Current best = 1.848279
Generation 0: Best fitness = -1000.000000
Generation 50: Best fitness = -1000.000000
Generation 100: Best fitness = -1000.000000
Generation 150: Best fitness = -1000.000000
Generation 200: Best fitness = -1000.000000
Generation 250: Best fitness = -1000.000000
Generation 300: Best fitness = -1000.000000
Generation 350: Best fitness = -1000.000000
Generation 400: Best fitness = -1000.000000
Generation 450: Best fitness = -1000.000000
Attempt 963: Current best = 1.848279
Generation 0: Best fitness = -1000.000000
Generation 50: Best fitness = -1000.000000
Generation 100: Best fitness = -1000.000000
Generation 150: Best fitness = -1000.000000
Generation 200: Best fitness = -1000.000000
Generation 250: Best fitness = -1000.000000
Generation 300: Best fitness = -1000.000000
Generation 350: Best fitness = -1000.000000
Generation 400: Best fitness = -1000.000000
Generation 450: Best fitness = -1000.000000
Attempt 964: Current best = 1.848279
Generation 0: Best fitness = -1000.000000
Generation 50: Best fitness = -1000.000000
Generation 100: Best fitness = -1000.000000
Generation 150: Best fitness = -1000.000000
Generation 200: Best fitness = -1000.000000
Generation 250: Best fitness = -1000.000000
Generation 300: Best fitness = -1000.000000
Generation 350: Best fitness = -1000.000000
Generation 400: Best fitness = -1000.000000
Generation 450: Best fitness = -1000.000000
Attempt 965: Current best = 1.848279
Generation 0: Best fitness = -1000.000000
Generation 50: Best fitness = -1000.000000
Generation 100: Best fitness = -1000.000000
Generation 150: Best fitness = -1000.000000
Generation 200: Best fitness = -1000.000000
Generation 250: Best fitness = -1000.000000
Generation 300: Best fitness = -1000.000000
Generation 350: Best fitness = -1000.000000
Generation 400: Best fitness = -1000.000000
Generation 450: Best fitness = -1000.000000
Attempt 966: Current best = 1.848279
Generation 0: Best fitness = -1000.000000
Generation 50: Best fitness = -1000.000000
Generation 100: Best fitness = -1000.000000
Generation 150: Best fitness = -1000.000000
Generation 200: Best fitness = -1000.000000
Generation 250: Best fitness = -1000.000000
Generation 300: Best fitness = -1000.000000
Generation 350: Best fitness = -1000.000000
Generation 400: Best fitness = -1000.000000
Generation 450: Best fitness = -1000.000000
Attempt 967: Current best = 1.848279
Generation 0: Best fitness = -1000.000000
Generation 50: Best fitness = -1000.000000
Generation 100: Best fitness = -1000.000000
Generation 150: Best fitness = -1000.000000
Generation 200: Best fitness = -1000.000000
Generation 250: Best fitness = -1000.000000
Generation 300: Best fitness = -1000.000000
Generation 350: Best fitness = -1000.000000
Generation 400: Best fitness = -1000.000000
Generation 450: Best fitness = -1000.000000
Attempt 968: Current best = 1.848279
Generation 0: Best fitness = -1000.000000
Generation 50: Best fitness = -1000.000000
Generation 100: Best fitness = -1000.000000
Generation 150: Best fitness = -1000.000000
Generation 200: Best fitness = -1000.000000
Generation 250: Best fitness = -1000.000000
Generation 300: Best fitness = -1000.000000
Generation 350: Best fitness = -1000.000000
Generation 400: Best fitness = -1000.000000
Generation 450: Best fitness = -1000.000000
Attempt 969: Current best = 1.848279
Generation 0: Best fitness = -1000.000000
Generation 50: Best fitness = -1000.000000
Generation 100: Best fitness = -1000.000000
Generation 150: Best fitness = -1000.000000
Generation 200: Best fitness = -1000.000000
Generation 250: Best fitness = -1000.000000
Generation 300: Best fitness = -1000.000000
Generation 350: Best fitness = -1000.000000
Generation 400: Best fitness = -1000.000000
Generation 450: Best fitness = -1000.000000
Attempt 970: Current best = 1.848279
Generation 0: Best fitness = -1000.000000
Generation 50: Best fitness = -1000.000000
Generation 100: Best fitness = -1000.000000
Generation 150: Best fitness = -1000.000000
Generation 200: Best fitness = -1000.000000
Generation 250: Best fitness = -1000.000000
Generation 300: Best fitness = -1000.000000
Generation 350: Best fitness = -1000.000000
Generation 400: Best fitness = -1000.000000
Generation 450: Best fitness = -1000.000000
Attempt 971: Current best = 1.848279
Generation 0: Best fitness = -1000.000000
Generation 50: Best fitness = -1000.000000
Generation 100: Best fitness = -1000.000000
Generation 150: Best fitness = -1000.000000
Generation 200: Best fitness = -1000.000000
Generation 250: Best fitness = -1000.000000
Generation 300: Best fitness = -1000.000000
Generation 350: Best fitness = -1000.000000
Generation 400: Best fitness = -1000.000000
Generation 450: Best fitness = -1000.000000
Attempt 972: Current best = 1.848279
Generation 0: Best fitness = -1000.000000
Generation 50: Best fitness = 1.252107
Generation 100: Best fitness = 1.469121
Generation 150: Best fitness = 1.613706
Generation 200: Best fitness = 1.634822
Generation 250: Best fitness = 1.638970
Generation 300: Best fitness = 1.640413
Generation 350: Best fitness = 1.640676
Generation 400: Best fitness = 1.640840
Generation 450: Best fitness = 1.641396
Attempt 973: Current best = 1.848279
Generation 0: Best fitness = -1000.000000
Generation 50: Best fitness = -1000.000000
Generation 100: Best fitness = -1000.000000
Generation 150: Best fitness = -1000.000000
Generation 200: Best fitness = -1000.000000
Generation 250: Best fitness = -1000.000000
Generation 300: Best fitness = -1000.000000
Generation 350: Best fitness = -1000.000000
Generation 400: Best fitness = -1000.000000
Generation 450: Best fitness = -1000.000000
Attempt 974: Current best = 1.848279
Generation 0: Best fitness = -1000.000000
Generation 50: Best fitness = -1000.000000
Generation 100: Best fitness = -1000.000000
Generation 150: Best fitness = -1000.000000
Generation 200: Best fitness = -1000.000000
Generation 250: Best fitness = -1000.000000
Generation 300: Best fitness = -1000.000000
Generation 350: Best fitness = -1000.000000
Generation 400: Best fitness = -1000.000000
Generation 450: Best fitness = -1000.000000
Attempt 975: Current best = 1.848279
Generation 0: Best fitness = -1000.000000
Generation 50: Best fitness = -1000.000000
Generation 100: Best fitness = -1000.000000
Generation 150: Best fitness = -1000.000000
Generation 200: Best fitness = -1000.000000
Generation 250: Best fitness = -1000.000000
Generation 300: Best fitness = -1000.000000
Generation 350: Best fitness = -1000.000000
Generation 400: Best fitness = -1000.000000
Generation 450: Best fitness = -1000.000000
Attempt 976: Current best = 1.848279
Generation 0: Best fitness = -1000.000000
Generation 50: Best fitness = -1000.000000
Generation 100: Best fitness = -1000.000000
Generation 150: Best fitness = -1000.000000
Generation 200: Best fitness = -1000.000000
Generation 250: Best fitness = -1000.000000
Generation 300: Best fitness = -1000.000000
Generation 350: Best fitness = -1000.000000
Generation 400: Best fitness = -1000.000000
Generation 450: Best fitness = -1000.000000
Attempt 977: Current best = 1.848279
Generation 0: Best fitness = -1000.000000
Generation 50: Best fitness = -1000.000000
Generation 100: Best fitness = -1000.000000
Generation 150: Best fitness = -1000.000000
Generation 200: Best fitness = -1000.000000
Generation 250: Best fitness = -1000.000000
Generation 300: Best fitness = -1000.000000
Generation 350: Best fitness = -1000.000000
Generation 400: Best fitness = -1000.000000
Generation 450: Best fitness = -1000.000000
Attempt 978: Current best = 1.848279
Generation 0: Best fitness = -1000.000000
Generation 50: Best fitness = -1000.000000
Generation 100: Best fitness = -1000.000000
Generation 150: Best fitness = -1000.000000
Generation 200: Best fitness = -1000.000000
Generation 250: Best fitness = -1000.000000
Generation 300: Best fitness = -1000.000000
Generation 350: Best fitness = -1000.000000
Generation 400: Best fitness = -1000.000000
Generation 450: Best fitness = -1000.000000
Attempt 979: Current best = 1.848279
Generation 0: Best fitness = -1000.000000
Generation 50: Best fitness = -1000.000000
Generation 100: Best fitness = -1000.000000
Generation 150: Best fitness = -1000.000000
Generation 200: Best fitness = -1000.000000
Generation 250: Best fitness = -1000.000000
Generation 300: Best fitness = -1000.000000
Generation 350: Best fitness = -1000.000000
Generation 400: Best fitness = -1000.000000
Generation 450: Best fitness = -1000.000000
Attempt 980: Current best = 1.848279
Generation 0: Best fitness = -1000.000000
Generation 50: Best fitness = -1000.000000
Generation 100: Best fitness = -1000.000000
Generation 150: Best fitness = -1000.000000
Generation 200: Best fitness = -1000.000000
Generation 250: Best fitness = -1000.000000
Generation 300: Best fitness = -1000.000000
Generation 350: Best fitness = -1000.000000
Generation 400: Best fitness = -1000.000000
Generation 450: Best fitness = -1000.000000
Attempt 981: Current best = 1.848279
Generation 0: Best fitness = -1000.000000
Generation 50: Best fitness = -1000.000000
Generation 100: Best fitness = -1000.000000
Generation 150: Best fitness = -1000.000000
Generation 200: Best fitness = -1000.000000
Generation 250: Best fitness = -1000.000000
Generation 300: Best fitness = -1000.000000
Generation 350: Best fitness = -1000.000000
Generation 400: Best fitness = -1000.000000
Generation 450: Best fitness = -1000.000000
Attempt 982: Current best = 1.848279
Generation 0: Best fitness = -1000.000000
Generation 50: Best fitness = -1000.000000
Generation 100: Best fitness = -1000.000000
Generation 150: Best fitness = -1000.000000
Generation 200: Best fitness = -1000.000000
Generation 250: Best fitness = -1000.000000
Generation 300: Best fitness = -1000.000000
Generation 350: Best fitness = -1000.000000
Generation 400: Best fitness = -1000.000000
Generation 450: Best fitness = -1000.000000
Attempt 983: Current best = 1.848279
Generation 0: Best fitness = -1000.000000
Generation 50: Best fitness = -1000.000000
Generation 100: Best fitness = -1000.000000
Generation 150: Best fitness = -1000.000000
Generation 200: Best fitness = -1000.000000
Generation 250: Best fitness = -1000.000000
Generation 300: Best fitness = -1000.000000
Generation 350: Best fitness = -1000.000000
Generation 400: Best fitness = -1000.000000
Generation 450: Best fitness = -1000.000000
Attempt 984: Current best = 1.848279
Generation 0: Best fitness = -1000.000000
Generation 50: Best fitness = -1000.000000
Generation 100: Best fitness = -1000.000000
Generation 150: Best fitness = -1000.000000
Generation 200: Best fitness = -1000.000000
Generation 250: Best fitness = -1000.000000
Generation 300: Best fitness = -1000.000000
Generation 350: Best fitness = -1000.000000
Generation 400: Best fitness = -1000.000000
Generation 450: Best fitness = -1000.000000
Attempt 985: Current best = 1.848279
Generation 0: Best fitness = -1000.000000
Generation 50: Best fitness = -1000.000000
Generation 100: Best fitness = -1000.000000
Generation 150: Best fitness = -1000.000000
Generation 200: Best fitness = -1000.000000
Generation 250: Best fitness = -1000.000000
Generation 300: Best fitness = -1000.000000
Generation 350: Best fitness = -1000.000000
Generation 400: Best fitness = -1000.000000
Generation 450: Best fitness = -1000.000000
Attempt 986: Current best = 1.848279
Generation 0: Best fitness = -1000.000000
Generation 50: Best fitness = -1000.000000
Generation 100: Best fitness = -1000.000000
Generation 150: Best fitness = -1000.000000
Generation 200: Best fitness = -1000.000000
Generation 250: Best fitness = -1000.000000
Generation 300: Best fitness = -1000.000000
Generation 350: Best fitness = -1000.000000
Generation 400: Best fitness = -1000.000000
Generation 450: Best fitness = -1000.000000
Attempt 987: Current best = 1.848279
Generation 0: Best fitness = -1000.000000
Generation 50: Best fitness = -1000.000000
Generation 100: Best fitness = -1000.000000
Generation 150: Best fitness = -1000.000000
Generation 200: Best fitness = -1000.000000
Generation 250: Best fitness = -1000.000000
Generation 300: Best fitness = -1000.000000
Generation 350: Best fitness = -1000.000000
Generation 400: Best fitness = -1000.000000
Generation 450: Best fitness = -1000.000000
Attempt 988: Current best = 1.848279
Generation 0: Best fitness = -1000.000000
Generation 50: Best fitness = -1000.000000
Generation 100: Best fitness = -1000.000000
Generation 150: Best fitness = -1000.000000
Generation 200: Best fitness = -1000.000000
Generation 250: Best fitness = -1000.000000
Generation 300: Best fitness = -1000.000000
Generation 350: Best fitness = -1000.000000
Generation 400: Best fitness = -1000.000000
Generation 450: Best fitness = -1000.000000
Attempt 989: Current best = 1.848279
Generation 0: Best fitness = -1000.000000
Generation 50: Best fitness = -1000.000000
Generation 100: Best fitness = -1000.000000
Generation 150: Best fitness = -1000.000000
Generation 200: Best fitness = -1000.000000
Generation 250: Best fitness = -1000.000000
Generation 300: Best fitness = -1000.000000
Generation 350: Best fitness = -1000.000000
Generation 400: Best fitness = -1000.000000
Generation 450: Best fitness = -1000.000000
Attempt 990: Current best = 1.848279
Generation 0: Best fitness = -1000.000000
Generation 50: Best fitness = -1000.000000
Generation 100: Best fitness = -1000.000000
Generation 150: Best fitness = -1000.000000
Generation 200: Best fitness = -1000.000000
Generation 250: Best fitness = -1000.000000
Generation 300: Best fitness = -1000.000000
Generation 350: Best fitness = -1000.000000
Generation 400: Best fitness = -1000.000000
Generation 450: Best fitness = -1000.000000
Attempt 991: Current best = 1.848279
Generation 0: Best fitness = -1000.000000
Generation 50: Best fitness = -1000.000000
Generation 100: Best fitness = -1000.000000
Generation 150: Best fitness = -1000.000000
Generation 200: Best fitness = -1000.000000
Generation 250: Best fitness = -1000.000000
Generation 300: Best fitness = -1000.000000
Generation 350: Best fitness = -1000.000000
Generation 400: Best fitness = -1000.000000
Generation 450: Best fitness = -1000.000000
Attempt 992: Current best = 1.848279
Generation 0: Best fitness = -1000.000000
Generation 50: Best fitness = -1000.000000
Generation 100: Best fitness = -1000.000000
Generation 150: Best fitness = -1000.000000
Generation 200: Best fitness = -1000.000000
Generation 250: Best fitness = -1000.000000
Generation 300: Best fitness = -1000.000000
Generation 350: Best fitness = -1000.000000
Generation 400: Best fitness = -1000.000000
Generation 450: Best fitness = -1000.000000
Attempt 993: Current best = 1.848279
Generation 0: Best fitness = -1000.000000
Generation 50: Best fitness = -1000.000000
Generation 100: Best fitness = -1000.000000
Generation 150: Best fitness = -1000.000000
Generation 200: Best fitness = -1000.000000
Generation 250: Best fitness = -1000.000000
Generation 300: Best fitness = -1000.000000
Generation 350: Best fitness = -1000.000000
Generation 400: Best fitness = -1000.000000
Generation 450: Best fitness = -1000.000000
Attempt 994: Current best = 1.848279
Generation 0: Best fitness = -1000.000000
Generation 50: Best fitness = -1000.000000
Generation 100: Best fitness = -1000.000000
Generation 150: Best fitness = -1000.000000
Generation 200: Best fitness = -1000.000000
Generation 250: Best fitness = -1000.000000
Generation 300: Best fitness = -1000.000000
Generation 350: Best fitness = -1000.000000
Generation 400: Best fitness = -1000.000000
Generation 450: Best fitness = -1000.000000
Attempt 995: Current best = 1.848279
Generation 0: Best fitness = -1000.000000
Generation 50: Best fitness = -1000.000000
Generation 100: Best fitness = -1000.000000
Generation 150: Best fitness = -1000.000000
Generation 200: Best fitness = -1000.000000
Generation 250: Best fitness = -1000.000000
Generation 300: Best fitness = -1000.000000
Generation 350: Best fitness = -1000.000000
Generation 400: Best fitness = -1000.000000
Generation 450: Best fitness = -1000.000000
Attempt 996: Current best = 1.848279
Generation 0: Best fitness = -1000.000000
Generation 50: Best fitness = -1000.000000
Generation 100: Best fitness = -1000.000000
Generation 150: Best fitness = -1000.000000
Generation 200: Best fitness = -1000.000000
Generation 250: Best fitness = -1000.000000
Generation 300: Best fitness = -1000.000000
Generation 350: Best fitness = -1000.000000
Generation 400: Best fitness = -1000.000000
Generation 450: Best fitness = -1000.000000
Attempt 997: Current best = 1.848279
Generation 0: Best fitness = -1000.000000
Generation 50: Best fitness = -1000.000000
Generation 100: Best fitness = -1000.000000
Generation 150: Best fitness = -1000.000000
Generation 200: Best fitness = -1000.000000
Generation 250: Best fitness = -1000.000000
Generation 300: Best fitness = -1000.000000
Generation 350: Best fitness = -1000.000000
Generation 400: Best fitness = -1000.000000
Generation 450: Best fitness = -1000.000000
Attempt 998: Current best = 1.848279
Generation 0: Best fitness = -1000.000000
Generation 50: Best fitness = -1000.000000
Generation 100: Best fitness = -1000.000000
Generation 150: Best fitness = -1000.000000
Generation 200: Best fitness = -1000.000000
Generation 250: Best fitness = -1000.000000
Generation 300: Best fitness = -1000.000000
Generation 350: Best fitness = -1000.000000
Generation 400: Best fitness = -1000.000000
Generation 450: Best fitness = -1000.000000
Attempt 999: Current best = 1.848279
Run 1/1 completed in 10988.53 seconds
Correctness and error status saved to /home/sagemaker-user/ShinkaEvolve/results/benchmark/qwen/1/circle_packing_square_26/gen_5/results/correct.json
Metrics saved to /home/sagemaker-user/ShinkaEvolve/results/benchmark/qwen/1/circle_packing_square_26/gen_5/results/metrics.json
Evaluation and Validation completed successfully.
