/home/sagemaker-user/ShinkaEvolve
Launching evaluation of function:
_target_: problems.alphaevolve_math_problems.packing_problems.circle_packing_square.32.evaluate.main
program_path: /home/sagemaker-user/ShinkaEvolve/results/benchmark/qwen/1/circle_packing_square_32/gen_73/main.py
results_dir: /home/sagemaker-user/ShinkaEvolve/results/benchmark/qwen/1/circle_packing_square_32/gen_73/results

Evaluating program: /home/sagemaker-user/ShinkaEvolve/results/benchmark/qwen/1/circle_packing_square_32/gen_73/main.py
Saving results to: /home/sagemaker-user/ShinkaEvolve/results/benchmark/qwen/1/circle_packing_square_32/gen_73/results
Generation 0: Best fitness = 1.541960
Stagnation detected at generation 4, restarting...
Stagnation detected at generation 8, restarting...
Stagnation detected at generation 12, restarting...
Stagnation detected at generation 16, restarting...
Stagnation detected at generation 20, restarting...
Stagnation detected at generation 24, restarting...
Stagnation detected at generation 28, restarting...
Stagnation detected at generation 32, restarting...
Stagnation detected at generation 36, restarting...
Stagnation detected at generation 40, restarting...
Stagnation detected at generation 44, restarting...
Stagnation detected at generation 48, restarting...
Stagnation detected at generation 52, restarting...
Stagnation detected at generation 56, restarting...
Stagnation detected at generation 60, restarting...
Stagnation detected at generation 64, restarting...
Stagnation detected at generation 68, restarting...
Stagnation detected at generation 72, restarting...
Stagnation detected at generation 76, restarting...
Stagnation detected at generation 80, restarting...
Stagnation detected at generation 84, restarting...
Stagnation detected at generation 88, restarting...
Stagnation detected at generation 92, restarting...
Stagnation detected at generation 96, restarting...
Stagnation detected at generation 100, restarting...
Stagnation detected at generation 104, restarting...
Stagnation detected at generation 108, restarting...
Stagnation detected at generation 112, restarting...
Stagnation detected at generation 116, restarting...
Stagnation detected at generation 120, restarting...
Stagnation detected at generation 124, restarting...
Stagnation detected at generation 128, restarting...
Stagnation detected at generation 132, restarting...
Stagnation detected at generation 136, restarting...
Stagnation detected at generation 140, restarting...
Stagnation detected at generation 144, restarting...
Stagnation detected at generation 148, restarting...
Stagnation detected at generation 152, restarting...
Stagnation detected at generation 156, restarting...
Stagnation detected at generation 160, restarting...
Stagnation detected at generation 164, restarting...
Stagnation detected at generation 168, restarting...
Stagnation detected at generation 172, restarting...
Stagnation detected at generation 176, restarting...
Stagnation detected at generation 180, restarting...
Stagnation detected at generation 184, restarting...
Stagnation detected at generation 188, restarting...
Stagnation detected at generation 192, restarting...
Stagnation detected at generation 196, restarting...
Stagnation detected at generation 200, restarting...
Stagnation detected at generation 204, restarting...
Stagnation detected at generation 208, restarting...
Stagnation detected at generation 212, restarting...
Stagnation detected at generation 216, restarting...
Stagnation detected at generation 220, restarting...
Stagnation detected at generation 224, restarting...
Stagnation detected at generation 228, restarting...
Stagnation detected at generation 232, restarting...
Stagnation detected at generation 236, restarting...
Stagnation detected at generation 240, restarting...
Stagnation detected at generation 244, restarting...
Stagnation detected at generation 248, restarting...
Stagnation detected at generation 252, restarting...
Stagnation detected at generation 256, restarting...
Stagnation detected at generation 260, restarting...
Stagnation detected at generation 264, restarting...
Stagnation detected at generation 268, restarting...
Stagnation detected at generation 272, restarting...
Stagnation detected at generation 276, restarting...
Stagnation detected at generation 280, restarting...
Stagnation detected at generation 284, restarting...
Stagnation detected at generation 288, restarting...
Stagnation detected at generation 292, restarting...
Stagnation detected at generation 296, restarting...
Stagnation detected at generation 300, restarting...
Stagnation detected at generation 304, restarting...
Stagnation detected at generation 308, restarting...
Stagnation detected at generation 312, restarting...
Stagnation detected at generation 316, restarting...
Stagnation detected at generation 320, restarting...
Stagnation detected at generation 324, restarting...
Stagnation detected at generation 328, restarting...
Stagnation detected at generation 332, restarting...
Stagnation detected at generation 336, restarting...
Stagnation detected at generation 340, restarting...
Stagnation detected at generation 344, restarting...
Stagnation detected at generation 348, restarting...
Stagnation detected at generation 352, restarting...
Stagnation detected at generation 356, restarting...
Stagnation detected at generation 360, restarting...
Stagnation detected at generation 364, restarting...
Stagnation detected at generation 368, restarting...
Stagnation detected at generation 372, restarting...
Stagnation detected at generation 376, restarting...
Stagnation detected at generation 380, restarting...
Stagnation detected at generation 384, restarting...
Stagnation detected at generation 388, restarting...
Stagnation detected at generation 392, restarting...
Stagnation detected at generation 396, restarting...
Stagnation detected at generation 400, restarting...
Stagnation detected at generation 404, restarting...
Stagnation detected at generation 408, restarting...
Stagnation detected at generation 412, restarting...
Stagnation detected at generation 416, restarting...
Stagnation detected at generation 420, restarting...
Stagnation detected at generation 424, restarting...
Stagnation detected at generation 428, restarting...
Stagnation detected at generation 432, restarting...
Stagnation detected at generation 436, restarting...
Stagnation detected at generation 440, restarting...
Stagnation detected at generation 444, restarting...
Stagnation detected at generation 448, restarting...
Stagnation detected at generation 452, restarting...
Stagnation detected at generation 456, restarting...
Stagnation detected at generation 460, restarting...
Stagnation detected at generation 464, restarting...
Stagnation detected at generation 468, restarting...
Stagnation detected at generation 472, restarting...
Stagnation detected at generation 476, restarting...
Stagnation detected at generation 480, restarting...
Stagnation detected at generation 484, restarting...
Stagnation detected at generation 488, restarting...
Stagnation detected at generation 492, restarting...
Stagnation detected at generation 496, restarting...
Stagnation detected at generation 500, restarting...
Stagnation detected at generation 504, restarting...
Stagnation detected at generation 508, restarting...
Stagnation detected at generation 512, restarting...
Stagnation detected at generation 516, restarting...
Stagnation detected at generation 520, restarting...
Stagnation detected at generation 524, restarting...
Stagnation detected at generation 528, restarting...
Stagnation detected at generation 532, restarting...
Stagnation detected at generation 536, restarting...
Stagnation detected at generation 540, restarting...
Stagnation detected at generation 544, restarting...
Stagnation detected at generation 548, restarting...
Stagnation detected at generation 552, restarting...
Stagnation detected at generation 556, restarting...
Stagnation detected at generation 560, restarting...
Stagnation detected at generation 564, restarting...
Stagnation detected at generation 568, restarting...
Stagnation detected at generation 572, restarting...
Stagnation detected at generation 576, restarting...
Stagnation detected at generation 580, restarting...
Stagnation detected at generation 584, restarting...
Stagnation detected at generation 588, restarting...
Stagnation detected at generation 592, restarting...
Stagnation detected at generation 596, restarting...
Stagnation detected at generation 600, restarting...
Stagnation detected at generation 604, restarting...
Stagnation detected at generation 608, restarting...
Stagnation detected at generation 612, restarting...
Stagnation detected at generation 616, restarting...
Stagnation detected at generation 620, restarting...
Stagnation detected at generation 624, restarting...
Stagnation detected at generation 628, restarting...
Stagnation detected at generation 632, restarting...
Stagnation detected at generation 636, restarting...
Stagnation detected at generation 640, restarting...
Stagnation detected at generation 644, restarting...
Stagnation detected at generation 648, restarting...
Stagnation detected at generation 652, restarting...
Stagnation detected at generation 656, restarting...
Stagnation detected at generation 660, restarting...
Stagnation detected at generation 664, restarting...
Stagnation detected at generation 668, restarting...
Stagnation detected at generation 672, restarting...
Stagnation detected at generation 676, restarting...
Stagnation detected at generation 680, restarting...
Stagnation detected at generation 684, restarting...
Stagnation detected at generation 688, restarting...
Stagnation detected at generation 692, restarting...
Stagnation detected at generation 696, restarting...
Stagnation detected at generation 700, restarting...
Stagnation detected at generation 704, restarting...
Stagnation detected at generation 708, restarting...
Stagnation detected at generation 712, restarting...
Stagnation detected at generation 716, restarting...
Stagnation detected at generation 720, restarting...
Stagnation detected at generation 724, restarting...
Stagnation detected at generation 728, restarting...
Stagnation detected at generation 732, restarting...
Stagnation detected at generation 736, restarting...
Stagnation detected at generation 740, restarting...
Stagnation detected at generation 744, restarting...
Stagnation detected at generation 748, restarting...
Stagnation detected at generation 752, restarting...
Stagnation detected at generation 756, restarting...
Stagnation detected at generation 760, restarting...
Stagnation detected at generation 764, restarting...
Stagnation detected at generation 768, restarting...
Stagnation detected at generation 772, restarting...
Stagnation detected at generation 776, restarting...
Stagnation detected at generation 780, restarting...
Stagnation detected at generation 784, restarting...
Stagnation detected at generation 788, restarting...
Stagnation detected at generation 792, restarting...
Stagnation detected at generation 796, restarting...
Stagnation detected at generation 800, restarting...
Stagnation detected at generation 804, restarting...
Stagnation detected at generation 808, restarting...
Stagnation detected at generation 812, restarting...
Stagnation detected at generation 816, restarting...
Stagnation detected at generation 820, restarting...
Stagnation detected at generation 824, restarting...
Stagnation detected at generation 828, restarting...
Stagnation detected at generation 832, restarting...
Stagnation detected at generation 836, restarting...
Stagnation detected at generation 840, restarting...
Stagnation detected at generation 844, restarting...
Stagnation detected at generation 848, restarting...
Stagnation detected at generation 852, restarting...
Stagnation detected at generation 856, restarting...
Stagnation detected at generation 860, restarting...
Stagnation detected at generation 864, restarting...
Stagnation detected at generation 868, restarting...
Stagnation detected at generation 872, restarting...
Stagnation detected at generation 876, restarting...
Stagnation detected at generation 880, restarting...
Stagnation detected at generation 884, restarting...
Stagnation detected at generation 888, restarting...
Stagnation detected at generation 892, restarting...
Stagnation detected at generation 896, restarting...
Stagnation detected at generation 900, restarting...
Stagnation detected at generation 904, restarting...
Stagnation detected at generation 908, restarting...
Stagnation detected at generation 912, restarting...
Stagnation detected at generation 916, restarting...
Stagnation detected at generation 920, restarting...
Stagnation detected at generation 924, restarting...
Stagnation detected at generation 928, restarting...
Stagnation detected at generation 932, restarting...
Stagnation detected at generation 936, restarting...
Stagnation detected at generation 940, restarting...
Stagnation detected at generation 944, restarting...
Stagnation detected at generation 948, restarting...
Stagnation detected at generation 952, restarting...
Stagnation detected at generation 956, restarting...
Stagnation detected at generation 960, restarting...
Stagnation detected at generation 964, restarting...
Stagnation detected at generation 968, restarting...
Stagnation detected at generation 972, restarting...
Stagnation detected at generation 976, restarting...
Stagnation detected at generation 980, restarting...
Stagnation detected at generation 984, restarting...
Stagnation detected at generation 988, restarting...
Stagnation detected at generation 992, restarting...
Stagnation detected at generation 996, restarting...
Stagnation detected at generation 1000, restarting...
Stagnation detected at generation 1004, restarting...
Stagnation detected at generation 1008, restarting...
Stagnation detected at generation 1012, restarting...
Stagnation detected at generation 1016, restarting...
Stagnation detected at generation 1020, restarting...
Stagnation detected at generation 1024, restarting...
Stagnation detected at generation 1028, restarting...
Stagnation detected at generation 1032, restarting...
Stagnation detected at generation 1036, restarting...
Stagnation detected at generation 1040, restarting...
Stagnation detected at generation 1044, restarting...
Stagnation detected at generation 1048, restarting...
Stagnation detected at generation 1052, restarting...
Stagnation detected at generation 1056, restarting...
Stagnation detected at generation 1060, restarting...
Stagnation detected at generation 1064, restarting...
Stagnation detected at generation 1068, restarting...
Stagnation detected at generation 1072, restarting...
Stagnation detected at generation 1076, restarting...
Stagnation detected at generation 1080, restarting...
Stagnation detected at generation 1084, restarting...
Stagnation detected at generation 1088, restarting...
Stagnation detected at generation 1092, restarting...
Stagnation detected at generation 1096, restarting...
Stagnation detected at generation 1100, restarting...
Stagnation detected at generation 1104, restarting...
Stagnation detected at generation 1108, restarting...
Stagnation detected at generation 1112, restarting...
Stagnation detected at generation 1116, restarting...
Stagnation detected at generation 1120, restarting...
Stagnation detected at generation 1124, restarting...
Stagnation detected at generation 1128, restarting...
Stagnation detected at generation 1132, restarting...
Stagnation detected at generation 1136, restarting...
Stagnation detected at generation 1140, restarting...
Stagnation detected at generation 1144, restarting...
Stagnation detected at generation 1148, restarting...
Stagnation detected at generation 1152, restarting...
Stagnation detected at generation 1156, restarting...
Stagnation detected at generation 1160, restarting...
Stagnation detected at generation 1164, restarting...
Stagnation detected at generation 1168, restarting...
Stagnation detected at generation 1172, restarting...
Stagnation detected at generation 1176, restarting...
Stagnation detected at generation 1180, restarting...
Stagnation detected at generation 1184, restarting...
Stagnation detected at generation 1188, restarting...
Stagnation detected at generation 1192, restarting...
Stagnation detected at generation 1196, restarting...
Stagnation detected at generation 1200, restarting...
Stagnation detected at generation 1204, restarting...
Stagnation detected at generation 1208, restarting...
Stagnation detected at generation 1212, restarting...
Stagnation detected at generation 1216, restarting...
Stagnation detected at generation 1220, restarting...
Stagnation detected at generation 1224, restarting...
Stagnation detected at generation 1228, restarting...
Stagnation detected at generation 1232, restarting...
Stagnation detected at generation 1236, restarting...
Stagnation detected at generation 1240, restarting...
Stagnation detected at generation 1244, restarting...
Stagnation detected at generation 1248, restarting...
Stagnation detected at generation 1252, restarting...
Stagnation detected at generation 1256, restarting...
Stagnation detected at generation 1260, restarting...
Stagnation detected at generation 1264, restarting...
Stagnation detected at generation 1268, restarting...
Stagnation detected at generation 1272, restarting...
Stagnation detected at generation 1276, restarting...
Stagnation detected at generation 1280, restarting...
Stagnation detected at generation 1284, restarting...
Stagnation detected at generation 1288, restarting...
Stagnation detected at generation 1292, restarting...
Stagnation detected at generation 1296, restarting...
Stagnation detected at generation 1300, restarting...
Stagnation detected at generation 1304, restarting...
Stagnation detected at generation 1308, restarting...
Stagnation detected at generation 1312, restarting...
Stagnation detected at generation 1316, restarting...
Stagnation detected at generation 1320, restarting...
Stagnation detected at generation 1324, restarting...
Stagnation detected at generation 1328, restarting...
Stagnation detected at generation 1332, restarting...
Stagnation detected at generation 1336, restarting...
Stagnation detected at generation 1340, restarting...
Stagnation detected at generation 1344, restarting...
Stagnation detected at generation 1348, restarting...
Stagnation detected at generation 1352, restarting...
Stagnation detected at generation 1356, restarting...
Stagnation detected at generation 1360, restarting...
Stagnation detected at generation 1364, restarting...
Stagnation detected at generation 1368, restarting...
Stagnation detected at generation 1372, restarting...
Stagnation detected at generation 1376, restarting...
Stagnation detected at generation 1380, restarting...
Stagnation detected at generation 1384, restarting...
Stagnation detected at generation 1388, restarting...
Stagnation detected at generation 1392, restarting...
Stagnation detected at generation 1396, restarting...
Stagnation detected at generation 1400, restarting...
Stagnation detected at generation 1404, restarting...
Stagnation detected at generation 1408, restarting...
Stagnation detected at generation 1412, restarting...
Stagnation detected at generation 1416, restarting...
Stagnation detected at generation 1420, restarting...
Stagnation detected at generation 1424, restarting...
Stagnation detected at generation 1428, restarting...
Stagnation detected at generation 1432, restarting...
Stagnation detected at generation 1436, restarting...
Stagnation detected at generation 1440, restarting...
Stagnation detected at generation 1444, restarting...
Stagnation detected at generation 1448, restarting...
Stagnation detected at generation 1452, restarting...
Stagnation detected at generation 1456, restarting...
Stagnation detected at generation 1460, restarting...
Stagnation detected at generation 1464, restarting...
Stagnation detected at generation 1468, restarting...
Stagnation detected at generation 1472, restarting...
Stagnation detected at generation 1476, restarting...
Stagnation detected at generation 1480, restarting...
Stagnation detected at generation 1484, restarting...
Stagnation detected at generation 1488, restarting...
Stagnation detected at generation 1492, restarting...
Stagnation detected at generation 1496, restarting...
Stagnation detected at generation 1500, restarting...
Stagnation detected at generation 1504, restarting...
Stagnation detected at generation 1508, restarting...
Stagnation detected at generation 1512, restarting...
Stagnation detected at generation 1516, restarting...
Stagnation detected at generation 1520, restarting...
Stagnation detected at generation 1524, restarting...
Stagnation detected at generation 1528, restarting...
Stagnation detected at generation 1532, restarting...
Stagnation detected at generation 1536, restarting...
Stagnation detected at generation 1540, restarting...
Stagnation detected at generation 1544, restarting...
Stagnation detected at generation 1548, restarting...
Stagnation detected at generation 1552, restarting...
Stagnation detected at generation 1556, restarting...
Stagnation detected at generation 1560, restarting...
Stagnation detected at generation 1564, restarting...
Stagnation detected at generation 1568, restarting...
Stagnation detected at generation 1572, restarting...
Stagnation detected at generation 1576, restarting...
Stagnation detected at generation 1580, restarting...
Stagnation detected at generation 1584, restarting...
Stagnation detected at generation 1588, restarting...
Stagnation detected at generation 1592, restarting...
Stagnation detected at generation 1596, restarting...
Stagnation detected at generation 1600, restarting...
Stagnation detected at generation 1604, restarting...
Stagnation detected at generation 1608, restarting...
Stagnation detected at generation 1612, restarting...
Stagnation detected at generation 1616, restarting...
Stagnation detected at generation 1620, restarting...
Stagnation detected at generation 1624, restarting...
Stagnation detected at generation 1628, restarting...
Stagnation detected at generation 1632, restarting...
Stagnation detected at generation 1636, restarting...
Stagnation detected at generation 1640, restarting...
Stagnation detected at generation 1644, restarting...
Stagnation detected at generation 1648, restarting...
Stagnation detected at generation 1652, restarting...
Stagnation detected at generation 1656, restarting...
Stagnation detected at generation 1660, restarting...
Stagnation detected at generation 1664, restarting...
Stagnation detected at generation 1668, restarting...
Stagnation detected at generation 1672, restarting...
Stagnation detected at generation 1676, restarting...
Stagnation detected at generation 1680, restarting...
Stagnation detected at generation 1684, restarting...
Stagnation detected at generation 1688, restarting...
Stagnation detected at generation 1692, restarting...
Stagnation detected at generation 1696, restarting...
Stagnation detected at generation 1700, restarting...
Stagnation detected at generation 1704, restarting...
Stagnation detected at generation 1708, restarting...
Stagnation detected at generation 1712, restarting...
Stagnation detected at generation 1716, restarting...
Stagnation detected at generation 1720, restarting...
Stagnation detected at generation 1724, restarting...
Stagnation detected at generation 1728, restarting...
Stagnation detected at generation 1732, restarting...
Stagnation detected at generation 1736, restarting...
Stagnation detected at generation 1740, restarting...
Stagnation detected at generation 1744, restarting...
Stagnation detected at generation 1748, restarting...
Stagnation detected at generation 1752, restarting...
Stagnation detected at generation 1756, restarting...
Stagnation detected at generation 1760, restarting...
Stagnation detected at generation 1764, restarting...
Stagnation detected at generation 1768, restarting...
Stagnation detected at generation 1772, restarting...
Stagnation detected at generation 1776, restarting...
Stagnation detected at generation 1780, restarting...
Stagnation detected at generation 1784, restarting...
Stagnation detected at generation 1788, restarting...
Stagnation detected at generation 1792, restarting...
Stagnation detected at generation 1796, restarting...
Stagnation detected at generation 1800, restarting...
Stagnation detected at generation 1804, restarting...
Stagnation detected at generation 1808, restarting...
Stagnation detected at generation 1812, restarting...
Stagnation detected at generation 1816, restarting...
Stagnation detected at generation 1820, restarting...
Stagnation detected at generation 1824, restarting...
Stagnation detected at generation 1828, restarting...
Stagnation detected at generation 1832, restarting...
Stagnation detected at generation 1836, restarting...
Stagnation detected at generation 1840, restarting...
Stagnation detected at generation 1844, restarting...
Stagnation detected at generation 1848, restarting...
Stagnation detected at generation 1852, restarting...
Stagnation detected at generation 1856, restarting...
Stagnation detected at generation 1860, restarting...
Stagnation detected at generation 1864, restarting...
Stagnation detected at generation 1868, restarting...
Stagnation detected at generation 1872, restarting...
Stagnation detected at generation 1876, restarting...
Stagnation detected at generation 1880, restarting...
Stagnation detected at generation 1884, restarting...
Stagnation detected at generation 1888, restarting...
Stagnation detected at generation 1892, restarting...
Stagnation detected at generation 1896, restarting...
Stagnation detected at generation 1900, restarting...
Stagnation detected at generation 1904, restarting...
Stagnation detected at generation 1908, restarting...
Stagnation detected at generation 1912, restarting...
Stagnation detected at generation 1916, restarting...
Stagnation detected at generation 1920, restarting...
Stagnation detected at generation 1924, restarting...
Stagnation detected at generation 1928, restarting...
Stagnation detected at generation 1932, restarting...
Stagnation detected at generation 1936, restarting...
Stagnation detected at generation 1940, restarting...
Stagnation detected at generation 1944, restarting...
Stagnation detected at generation 1948, restarting...
Stagnation detected at generation 1952, restarting...
Stagnation detected at generation 1956, restarting...
Stagnation detected at generation 1960, restarting...
Stagnation detected at generation 1964, restarting...
Stagnation detected at generation 1968, restarting...
Stagnation detected at generation 1972, restarting...
Stagnation detected at generation 1976, restarting...
Stagnation detected at generation 1980, restarting...
Stagnation detected at generation 1984, restarting...
Stagnation detected at generation 1988, restarting...
Stagnation detected at generation 1992, restarting...
Stagnation detected at generation 1996, restarting...
Stagnation detected at generation 2000, restarting...
Stagnation detected at generation 2004, restarting...
Stagnation detected at generation 2008, restarting...
Stagnation detected at generation 2012, restarting...
Stagnation detected at generation 2016, restarting...
Stagnation detected at generation 2020, restarting...
Stagnation detected at generation 2024, restarting...
Stagnation detected at generation 2028, restarting...
Stagnation detected at generation 2032, restarting...
Stagnation detected at generation 2036, restarting...
Stagnation detected at generation 2040, restarting...
Stagnation detected at generation 2044, restarting...
Stagnation detected at generation 2048, restarting...
Stagnation detected at generation 2052, restarting...
Stagnation detected at generation 2056, restarting...
Stagnation detected at generation 2060, restarting...
Stagnation detected at generation 2064, restarting...
Stagnation detected at generation 2068, restarting...
Stagnation detected at generation 2072, restarting...
Stagnation detected at generation 2076, restarting...
Stagnation detected at generation 2080, restarting...
Stagnation detected at generation 2084, restarting...
Stagnation detected at generation 2088, restarting...
Stagnation detected at generation 2092, restarting...
Stagnation detected at generation 2096, restarting...
Stagnation detected at generation 2100, restarting...
Stagnation detected at generation 2104, restarting...
Stagnation detected at generation 2108, restarting...
Stagnation detected at generation 2112, restarting...
Stagnation detected at generation 2116, restarting...
Stagnation detected at generation 2120, restarting...
Stagnation detected at generation 2124, restarting...
Stagnation detected at generation 2128, restarting...
Stagnation detected at generation 2132, restarting...
Stagnation detected at generation 2136, restarting...
Stagnation detected at generation 2140, restarting...
Stagnation detected at generation 2144, restarting...
Stagnation detected at generation 2148, restarting...
Stagnation detected at generation 2152, restarting...
Stagnation detected at generation 2156, restarting...
Stagnation detected at generation 2160, restarting...
Stagnation detected at generation 2164, restarting...
Stagnation detected at generation 2168, restarting...
Stagnation detected at generation 2172, restarting...
Stagnation detected at generation 2176, restarting...
Stagnation detected at generation 2180, restarting...
Stagnation detected at generation 2184, restarting...
Stagnation detected at generation 2188, restarting...
Stagnation detected at generation 2192, restarting...
Stagnation detected at generation 2196, restarting...
Stagnation detected at generation 2200, restarting...
Stagnation detected at generation 2204, restarting...
Stagnation detected at generation 2208, restarting...
Stagnation detected at generation 2212, restarting...
Stagnation detected at generation 2216, restarting...
Stagnation detected at generation 2220, restarting...
Stagnation detected at generation 2224, restarting...
Stagnation detected at generation 2228, restarting...
Stagnation detected at generation 2232, restarting...
Stagnation detected at generation 2236, restarting...
Stagnation detected at generation 2240, restarting...
Stagnation detected at generation 2244, restarting...
Stagnation detected at generation 2248, restarting...
Stagnation detected at generation 2252, restarting...
Stagnation detected at generation 2256, restarting...
Stagnation detected at generation 2260, restarting...
Stagnation detected at generation 2264, restarting...
Stagnation detected at generation 2268, restarting...
Stagnation detected at generation 2272, restarting...
Stagnation detected at generation 2276, restarting...
Stagnation detected at generation 2280, restarting...
Stagnation detected at generation 2284, restarting...
Stagnation detected at generation 2288, restarting...
Stagnation detected at generation 2292, restarting...
Stagnation detected at generation 2296, restarting...
Stagnation detected at generation 2300, restarting...
Stagnation detected at generation 2304, restarting...
Stagnation detected at generation 2308, restarting...
Stagnation detected at generation 2312, restarting...
Stagnation detected at generation 2316, restarting...
Stagnation detected at generation 2320, restarting...
Stagnation detected at generation 2324, restarting...
Stagnation detected at generation 2328, restarting...
Stagnation detected at generation 2332, restarting...
Stagnation detected at generation 2336, restarting...
Stagnation detected at generation 2340, restarting...
Stagnation detected at generation 2344, restarting...
Stagnation detected at generation 2348, restarting...
Stagnation detected at generation 2352, restarting...
Stagnation detected at generation 2356, restarting...
Stagnation detected at generation 2360, restarting...
Stagnation detected at generation 2364, restarting...
Stagnation detected at generation 2368, restarting...
Stagnation detected at generation 2372, restarting...
Stagnation detected at generation 2376, restarting...
Stagnation detected at generation 2380, restarting...
Stagnation detected at generation 2384, restarting...
Stagnation detected at generation 2388, restarting...
Stagnation detected at generation 2392, restarting...
Stagnation detected at generation 2396, restarting...
Stagnation detected at generation 2400, restarting...
Stagnation detected at generation 2404, restarting...
Stagnation detected at generation 2408, restarting...
Stagnation detected at generation 2412, restarting...
Stagnation detected at generation 2416, restarting...
Stagnation detected at generation 2420, restarting...
Stagnation detected at generation 2424, restarting...
Stagnation detected at generation 2428, restarting...
Stagnation detected at generation 2432, restarting...
Stagnation detected at generation 2436, restarting...
Stagnation detected at generation 2440, restarting...
Stagnation detected at generation 2444, restarting...
Stagnation detected at generation 2448, restarting...
Stagnation detected at generation 2452, restarting...
Stagnation detected at generation 2456, restarting...
Stagnation detected at generation 2460, restarting...
Stagnation detected at generation 2464, restarting...
Stagnation detected at generation 2468, restarting...
Stagnation detected at generation 2472, restarting...
Stagnation detected at generation 2476, restarting...
Stagnation detected at generation 2480, restarting...
Stagnation detected at generation 2484, restarting...
Stagnation detected at generation 2488, restarting...
Stagnation detected at generation 2492, restarting...
Stagnation detected at generation 2496, restarting...
Stagnation detected at generation 2500, restarting...
Stagnation detected at generation 2504, restarting...
Stagnation detected at generation 2508, restarting...
Stagnation detected at generation 2512, restarting...
Stagnation detected at generation 2516, restarting...
Stagnation detected at generation 2520, restarting...
Stagnation detected at generation 2524, restarting...
Stagnation detected at generation 2528, restarting...
Stagnation detected at generation 2532, restarting...
Stagnation detected at generation 2536, restarting...
Stagnation detected at generation 2540, restarting...
Stagnation detected at generation 2544, restarting...
Stagnation detected at generation 2548, restarting...
Stagnation detected at generation 2552, restarting...
Stagnation detected at generation 2556, restarting...
Stagnation detected at generation 2560, restarting...
Stagnation detected at generation 2564, restarting...
Stagnation detected at generation 2568, restarting...
Stagnation detected at generation 2572, restarting...
Stagnation detected at generation 2576, restarting...
Stagnation detected at generation 2580, restarting...
Stagnation detected at generation 2584, restarting...
Stagnation detected at generation 2588, restarting...
Stagnation detected at generation 2592, restarting...
Stagnation detected at generation 2596, restarting...
Stagnation detected at generation 2600, restarting...
Stagnation detected at generation 2604, restarting...
Stagnation detected at generation 2608, restarting...
Stagnation detected at generation 2612, restarting...
Stagnation detected at generation 2616, restarting...
Stagnation detected at generation 2620, restarting...
Stagnation detected at generation 2624, restarting...
Stagnation detected at generation 2628, restarting...
Stagnation detected at generation 2632, restarting...
Stagnation detected at generation 2636, restarting...
Stagnation detected at generation 2640, restarting...
Stagnation detected at generation 2644, restarting...
Stagnation detected at generation 2648, restarting...
Stagnation detected at generation 2652, restarting...
Stagnation detected at generation 2656, restarting...
Stagnation detected at generation 2660, restarting...
Stagnation detected at generation 2664, restarting...
Stagnation detected at generation 2668, restarting...
Stagnation detected at generation 2672, restarting...
Stagnation detected at generation 2676, restarting...
Stagnation detected at generation 2680, restarting...
Stagnation detected at generation 2684, restarting...
Stagnation detected at generation 2688, restarting...
Stagnation detected at generation 2692, restarting...
Stagnation detected at generation 2696, restarting...
Stagnation detected at generation 2700, restarting...
Stagnation detected at generation 2704, restarting...
Stagnation detected at generation 2708, restarting...
Stagnation detected at generation 2712, restarting...
Stagnation detected at generation 2716, restarting...
Stagnation detected at generation 2720, restarting...
Stagnation detected at generation 2724, restarting...
Stagnation detected at generation 2728, restarting...
Stagnation detected at generation 2732, restarting...
Stagnation detected at generation 2736, restarting...
Stagnation detected at generation 2740, restarting...
Stagnation detected at generation 2744, restarting...
Stagnation detected at generation 2748, restarting...
Stagnation detected at generation 2752, restarting...
Stagnation detected at generation 2756, restarting...
Stagnation detected at generation 2760, restarting...
Stagnation detected at generation 2764, restarting...
Stagnation detected at generation 2768, restarting...
Stagnation detected at generation 2772, restarting...
Stagnation detected at generation 2776, restarting...
Stagnation detected at generation 2780, restarting...
Stagnation detected at generation 2784, restarting...
Stagnation detected at generation 2788, restarting...
Stagnation detected at generation 2792, restarting...
Stagnation detected at generation 2796, restarting...
Stagnation detected at generation 2800, restarting...
Stagnation detected at generation 2804, restarting...
Stagnation detected at generation 2808, restarting...
Stagnation detected at generation 2812, restarting...
Stagnation detected at generation 2816, restarting...
Stagnation detected at generation 2820, restarting...
Stagnation detected at generation 2824, restarting...
Stagnation detected at generation 2828, restarting...
Stagnation detected at generation 2832, restarting...
Stagnation detected at generation 2836, restarting...
Stagnation detected at generation 2840, restarting...
Stagnation detected at generation 2844, restarting...
Stagnation detected at generation 2848, restarting...
Stagnation detected at generation 2852, restarting...
Stagnation detected at generation 2856, restarting...
Stagnation detected at generation 2860, restarting...
Stagnation detected at generation 2864, restarting...
Stagnation detected at generation 2868, restarting...
Stagnation detected at generation 2872, restarting...
Stagnation detected at generation 2876, restarting...
Stagnation detected at generation 2880, restarting...
Stagnation detected at generation 2884, restarting...
Stagnation detected at generation 2888, restarting...
Stagnation detected at generation 2892, restarting...
Stagnation detected at generation 2896, restarting...
Stagnation detected at generation 2900, restarting...
Stagnation detected at generation 2904, restarting...
Stagnation detected at generation 2908, restarting...
Stagnation detected at generation 2912, restarting...
Stagnation detected at generation 2916, restarting...
Stagnation detected at generation 2920, restarting...
Stagnation detected at generation 2924, restarting...
Stagnation detected at generation 2928, restarting...
Stagnation detected at generation 2932, restarting...
Stagnation detected at generation 2936, restarting...
Stagnation detected at generation 2940, restarting...
Stagnation detected at generation 2944, restarting...
Stagnation detected at generation 2948, restarting...
Stagnation detected at generation 2952, restarting...
Stagnation detected at generation 2956, restarting...
Stagnation detected at generation 2960, restarting...
Stagnation detected at generation 2964, restarting...
Stagnation detected at generation 2968, restarting...
Stagnation detected at generation 2972, restarting...
Stagnation detected at generation 2976, restarting...
Stagnation detected at generation 2980, restarting...
Stagnation detected at generation 2984, restarting...
Stagnation detected at generation 2988, restarting...
Stagnation detected at generation 2992, restarting...
Stagnation detected at generation 2996, restarting...
Stagnation detected at generation 3000, restarting...
Stagnation detected at generation 3004, restarting...
Stagnation detected at generation 3008, restarting...
Stagnation detected at generation 3012, restarting...
Stagnation detected at generation 3016, restarting...
Stagnation detected at generation 3020, restarting...
Stagnation detected at generation 3024, restarting...
Stagnation detected at generation 3028, restarting...
Stagnation detected at generation 3032, restarting...
Stagnation detected at generation 3036, restarting...
Stagnation detected at generation 3040, restarting...
Stagnation detected at generation 3044, restarting...
Stagnation detected at generation 3048, restarting...
Stagnation detected at generation 3052, restarting...
Stagnation detected at generation 3056, restarting...
Stagnation detected at generation 3060, restarting...
Stagnation detected at generation 3064, restarting...
Stagnation detected at generation 3068, restarting...
Stagnation detected at generation 3072, restarting...
Stagnation detected at generation 3076, restarting...
Stagnation detected at generation 3080, restarting...
Stagnation detected at generation 3084, restarting...
Stagnation detected at generation 3088, restarting...
Stagnation detected at generation 3092, restarting...
Stagnation detected at generation 3096, restarting...
Stagnation detected at generation 3100, restarting...
Stagnation detected at generation 3104, restarting...
Stagnation detected at generation 3108, restarting...
Stagnation detected at generation 3112, restarting...
Stagnation detected at generation 3116, restarting...
Stagnation detected at generation 3120, restarting...
Stagnation detected at generation 3124, restarting...
Stagnation detected at generation 3128, restarting...
Stagnation detected at generation 3132, restarting...
Stagnation detected at generation 3136, restarting...
Stagnation detected at generation 3140, restarting...
Stagnation detected at generation 3144, restarting...
Stagnation detected at generation 3148, restarting...
Stagnation detected at generation 3152, restarting...
Stagnation detected at generation 3156, restarting...
Stagnation detected at generation 3160, restarting...
Stagnation detected at generation 3164, restarting...
Stagnation detected at generation 3168, restarting...
Stagnation detected at generation 3172, restarting...
Stagnation detected at generation 3176, restarting...
Stagnation detected at generation 3180, restarting...
Stagnation detected at generation 3184, restarting...
Stagnation detected at generation 3188, restarting...
Stagnation detected at generation 3192, restarting...
Stagnation detected at generation 3196, restarting...
Stagnation detected at generation 3200, restarting...
Stagnation detected at generation 3204, restarting...
Stagnation detected at generation 3208, restarting...
Stagnation detected at generation 3212, restarting...
Stagnation detected at generation 3216, restarting...
Stagnation detected at generation 3220, restarting...
Stagnation detected at generation 3224, restarting...
Stagnation detected at generation 3228, restarting...
Stagnation detected at generation 3232, restarting...
Stagnation detected at generation 3236, restarting...
Stagnation detected at generation 3240, restarting...
Stagnation detected at generation 3244, restarting...
Stagnation detected at generation 3248, restarting...
Stagnation detected at generation 3252, restarting...
Stagnation detected at generation 3256, restarting...
Stagnation detected at generation 3260, restarting...
Stagnation detected at generation 3264, restarting...
Stagnation detected at generation 3268, restarting...
Stagnation detected at generation 3272, restarting...
Stagnation detected at generation 3276, restarting...
Stagnation detected at generation 3280, restarting...
Stagnation detected at generation 3284, restarting...
Stagnation detected at generation 3288, restarting...
Stagnation detected at generation 3292, restarting...
Stagnation detected at generation 3296, restarting...
Stagnation detected at generation 3300, restarting...
Stagnation detected at generation 3304, restarting...
Stagnation detected at generation 3308, restarting...
Stagnation detected at generation 3312, restarting...
Stagnation detected at generation 3316, restarting...
Stagnation detected at generation 3320, restarting...
Stagnation detected at generation 3324, restarting...
Stagnation detected at generation 3328, restarting...
Stagnation detected at generation 3332, restarting...
Stagnation detected at generation 3336, restarting...
Stagnation detected at generation 3340, restarting...
Stagnation detected at generation 3344, restarting...
Stagnation detected at generation 3348, restarting...
Stagnation detected at generation 3352, restarting...
Stagnation detected at generation 3356, restarting...
Stagnation detected at generation 3360, restarting...
Stagnation detected at generation 3364, restarting...
Stagnation detected at generation 3368, restarting...
Stagnation detected at generation 3372, restarting...
Stagnation detected at generation 3376, restarting...
Stagnation detected at generation 3380, restarting...
Stagnation detected at generation 3384, restarting...
Stagnation detected at generation 3388, restarting...
Stagnation detected at generation 3392, restarting...
Stagnation detected at generation 3396, restarting...
Stagnation detected at generation 3400, restarting...
Stagnation detected at generation 3404, restarting...
Stagnation detected at generation 3408, restarting...
Stagnation detected at generation 3412, restarting...
Stagnation detected at generation 3416, restarting...
Stagnation detected at generation 3420, restarting...
Stagnation detected at generation 3424, restarting...
Stagnation detected at generation 3428, restarting...
Stagnation detected at generation 3432, restarting...
Stagnation detected at generation 3436, restarting...
Stagnation detected at generation 3440, restarting...
Stagnation detected at generation 3444, restarting...
Stagnation detected at generation 3448, restarting...
Stagnation detected at generation 3452, restarting...
Stagnation detected at generation 3456, restarting...
Stagnation detected at generation 3460, restarting...
Stagnation detected at generation 3464, restarting...
Stagnation detected at generation 3468, restarting...
Stagnation detected at generation 3472, restarting...
Stagnation detected at generation 3476, restarting...
Stagnation detected at generation 3480, restarting...
Stagnation detected at generation 3484, restarting...
Stagnation detected at generation 3488, restarting...
Stagnation detected at generation 3492, restarting...
Stagnation detected at generation 3496, restarting...
Stagnation detected at generation 3500, restarting...
Stagnation detected at generation 3504, restarting...
Stagnation detected at generation 3508, restarting...
Stagnation detected at generation 3512, restarting...
Stagnation detected at generation 3516, restarting...
Stagnation detected at generation 3520, restarting...
Stagnation detected at generation 3524, restarting...
Stagnation detected at generation 3528, restarting...
Stagnation detected at generation 3532, restarting...
Stagnation detected at generation 3536, restarting...
Stagnation detected at generation 3540, restarting...
Stagnation detected at generation 3544, restarting...
Stagnation detected at generation 3548, restarting...
Stagnation detected at generation 3552, restarting...
Stagnation detected at generation 3556, restarting...
Stagnation detected at generation 3560, restarting...
Stagnation detected at generation 3564, restarting...
Stagnation detected at generation 3568, restarting...
Stagnation detected at generation 3572, restarting...
Stagnation detected at generation 3576, restarting...
Stagnation detected at generation 3580, restarting...
Stagnation detected at generation 3584, restarting...
Stagnation detected at generation 3588, restarting...
Stagnation detected at generation 3592, restarting...
Stagnation detected at generation 3596, restarting...
Stagnation detected at generation 3600, restarting...
Stagnation detected at generation 3604, restarting...
Stagnation detected at generation 3608, restarting...
Stagnation detected at generation 3612, restarting...
Stagnation detected at generation 3616, restarting...
Stagnation detected at generation 3620, restarting...
Stagnation detected at generation 3624, restarting...
Stagnation detected at generation 3628, restarting...
Stagnation detected at generation 3632, restarting...
Stagnation detected at generation 3636, restarting...
Stagnation detected at generation 3640, restarting...
Stagnation detected at generation 3644, restarting...
Stagnation detected at generation 3648, restarting...
Stagnation detected at generation 3652, restarting...
Stagnation detected at generation 3656, restarting...
Stagnation detected at generation 3660, restarting...
Stagnation detected at generation 3664, restarting...
Stagnation detected at generation 3668, restarting...
Stagnation detected at generation 3672, restarting...
Stagnation detected at generation 3676, restarting...
Stagnation detected at generation 3680, restarting...
Stagnation detected at generation 3684, restarting...
Stagnation detected at generation 3688, restarting...
Stagnation detected at generation 3692, restarting...
Stagnation detected at generation 3696, restarting...
Stagnation detected at generation 3700, restarting...
Stagnation detected at generation 3704, restarting...
Stagnation detected at generation 3708, restarting...
Stagnation detected at generation 3712, restarting...
Stagnation detected at generation 3716, restarting...
Stagnation detected at generation 3720, restarting...
Stagnation detected at generation 3724, restarting...
Stagnation detected at generation 3728, restarting...
Stagnation detected at generation 3732, restarting...
Stagnation detected at generation 3736, restarting...
Stagnation detected at generation 3740, restarting...
Stagnation detected at generation 3744, restarting...
Stagnation detected at generation 3748, restarting...
Stagnation detected at generation 3752, restarting...
Stagnation detected at generation 3756, restarting...
Stagnation detected at generation 3760, restarting...
Stagnation detected at generation 3764, restarting...
Stagnation detected at generation 3768, restarting...
Stagnation detected at generation 3772, restarting...
Stagnation detected at generation 3776, restarting...
Stagnation detected at generation 3780, restarting...
Stagnation detected at generation 3784, restarting...
Stagnation detected at generation 3788, restarting...
Stagnation detected at generation 3792, restarting...
Stagnation detected at generation 3796, restarting...
Stagnation detected at generation 3800, restarting...
Stagnation detected at generation 3804, restarting...
Stagnation detected at generation 3808, restarting...
Stagnation detected at generation 3812, restarting...
Stagnation detected at generation 3816, restarting...
Stagnation detected at generation 3820, restarting...
Stagnation detected at generation 3824, restarting...
Stagnation detected at generation 3828, restarting...
Stagnation detected at generation 3832, restarting...
Stagnation detected at generation 3836, restarting...
Stagnation detected at generation 3840, restarting...
Stagnation detected at generation 3844, restarting...
Stagnation detected at generation 3848, restarting...
Stagnation detected at generation 3852, restarting...
Stagnation detected at generation 3856, restarting...
Stagnation detected at generation 3860, restarting...
Stagnation detected at generation 3864, restarting...
Stagnation detected at generation 3868, restarting...
Stagnation detected at generation 3872, restarting...
Stagnation detected at generation 3876, restarting...
Stagnation detected at generation 3880, restarting...
Stagnation detected at generation 3884, restarting...
Stagnation detected at generation 3888, restarting...
Stagnation detected at generation 3892, restarting...
Stagnation detected at generation 3896, restarting...
Stagnation detected at generation 3900, restarting...
Stagnation detected at generation 3904, restarting...
Stagnation detected at generation 3908, restarting...
Stagnation detected at generation 3912, restarting...
Stagnation detected at generation 3916, restarting...
Stagnation detected at generation 3920, restarting...
Stagnation detected at generation 3924, restarting...
Stagnation detected at generation 3928, restarting...
Stagnation detected at generation 3932, restarting...
Stagnation detected at generation 3936, restarting...
Stagnation detected at generation 3940, restarting...
Stagnation detected at generation 3944, restarting...
Stagnation detected at generation 3948, restarting...
Stagnation detected at generation 3952, restarting...
Stagnation detected at generation 3956, restarting...
Stagnation detected at generation 3960, restarting...
Stagnation detected at generation 3964, restarting...
Stagnation detected at generation 3968, restarting...
Stagnation detected at generation 3972, restarting...
Stagnation detected at generation 3976, restarting...
Stagnation detected at generation 3980, restarting...
Stagnation detected at generation 3984, restarting...
Stagnation detected at generation 3988, restarting...
Stagnation detected at generation 3992, restarting...
Stagnation detected at generation 3996, restarting...
Stagnation detected at generation 4000, restarting...
Stagnation detected at generation 4004, restarting...
Stagnation detected at generation 4008, restarting...
Stagnation detected at generation 4012, restarting...
Stagnation detected at generation 4016, restarting...
Stagnation detected at generation 4020, restarting...
Stagnation detected at generation 4024, restarting...
Stagnation detected at generation 4028, restarting...
Stagnation detected at generation 4032, restarting...
Stagnation detected at generation 4036, restarting...
Stagnation detected at generation 4040, restarting...
Stagnation detected at generation 4044, restarting...
Stagnation detected at generation 4048, restarting...
Stagnation detected at generation 4052, restarting...
Stagnation detected at generation 4056, restarting...
Stagnation detected at generation 4060, restarting...
Stagnation detected at generation 4064, restarting...
Stagnation detected at generation 4068, restarting...
Stagnation detected at generation 4072, restarting...
Stagnation detected at generation 4076, restarting...
Stagnation detected at generation 4080, restarting...
Stagnation detected at generation 4084, restarting...
Stagnation detected at generation 4088, restarting...
Stagnation detected at generation 4092, restarting...
Stagnation detected at generation 4096, restarting...
Stagnation detected at generation 4100, restarting...
Stagnation detected at generation 4104, restarting...
Stagnation detected at generation 4108, restarting...
Stagnation detected at generation 4112, restarting...
Stagnation detected at generation 4116, restarting...
Stagnation detected at generation 4120, restarting...
Stagnation detected at generation 4124, restarting...
Stagnation detected at generation 4128, restarting...
Stagnation detected at generation 4132, restarting...
Stagnation detected at generation 4136, restarting...
Stagnation detected at generation 4140, restarting...
Stagnation detected at generation 4144, restarting...
Stagnation detected at generation 4148, restarting...
Stagnation detected at generation 4152, restarting...
Stagnation detected at generation 4156, restarting...
Stagnation detected at generation 4160, restarting...
Stagnation detected at generation 4164, restarting...
Stagnation detected at generation 4168, restarting...
Stagnation detected at generation 4172, restarting...
Stagnation detected at generation 4176, restarting...
Stagnation detected at generation 4180, restarting...
Stagnation detected at generation 4184, restarting...
Stagnation detected at generation 4188, restarting...
Stagnation detected at generation 4192, restarting...
Stagnation detected at generation 4196, restarting...
Stagnation detected at generation 4200, restarting...
Stagnation detected at generation 4204, restarting...
Stagnation detected at generation 4208, restarting...
Stagnation detected at generation 4212, restarting...
Stagnation detected at generation 4216, restarting...
Stagnation detected at generation 4220, restarting...
Stagnation detected at generation 4224, restarting...
Stagnation detected at generation 4228, restarting...
Stagnation detected at generation 4232, restarting...
Stagnation detected at generation 4236, restarting...
Stagnation detected at generation 4240, restarting...
Stagnation detected at generation 4244, restarting...
Stagnation detected at generation 4248, restarting...
Stagnation detected at generation 4252, restarting...
Stagnation detected at generation 4256, restarting...
Stagnation detected at generation 4260, restarting...
Stagnation detected at generation 4264, restarting...
Stagnation detected at generation 4268, restarting...
Stagnation detected at generation 4272, restarting...
Stagnation detected at generation 4276, restarting...
Stagnation detected at generation 4280, restarting...
Stagnation detected at generation 4284, restarting...
Stagnation detected at generation 4288, restarting...
Stagnation detected at generation 4292, restarting...
Stagnation detected at generation 4296, restarting...
Stagnation detected at generation 4300, restarting...
Stagnation detected at generation 4304, restarting...
Stagnation detected at generation 4308, restarting...
Stagnation detected at generation 4312, restarting...
Stagnation detected at generation 4316, restarting...
Stagnation detected at generation 4320, restarting...
Stagnation detected at generation 4324, restarting...
Stagnation detected at generation 4328, restarting...
Stagnation detected at generation 4332, restarting...
Stagnation detected at generation 4336, restarting...
Stagnation detected at generation 4340, restarting...
Stagnation detected at generation 4344, restarting...
Stagnation detected at generation 4348, restarting...
Stagnation detected at generation 4352, restarting...
Stagnation detected at generation 4356, restarting...
Stagnation detected at generation 4360, restarting...
Stagnation detected at generation 4364, restarting...
Stagnation detected at generation 4368, restarting...
Stagnation detected at generation 4372, restarting...
Stagnation detected at generation 4376, restarting...
Stagnation detected at generation 4380, restarting...
Stagnation detected at generation 4384, restarting...
Stagnation detected at generation 4388, restarting...
Stagnation detected at generation 4392, restarting...
Stagnation detected at generation 4396, restarting...
Stagnation detected at generation 4400, restarting...
Stagnation detected at generation 4404, restarting...
Stagnation detected at generation 4408, restarting...
Stagnation detected at generation 4412, restarting...
Stagnation detected at generation 4416, restarting...
Stagnation detected at generation 4420, restarting...
Stagnation detected at generation 4424, restarting...
Stagnation detected at generation 4428, restarting...
Stagnation detected at generation 4432, restarting...
Stagnation detected at generation 4436, restarting...
Stagnation detected at generation 4440, restarting...
Stagnation detected at generation 4444, restarting...
Stagnation detected at generation 4448, restarting...
Stagnation detected at generation 4452, restarting...
Stagnation detected at generation 4456, restarting...
Stagnation detected at generation 4460, restarting...
Stagnation detected at generation 4464, restarting...
Stagnation detected at generation 4468, restarting...
Stagnation detected at generation 4472, restarting...
Stagnation detected at generation 4476, restarting...
Stagnation detected at generation 4480, restarting...
Stagnation detected at generation 4484, restarting...
Stagnation detected at generation 4488, restarting...
Stagnation detected at generation 4492, restarting...
Stagnation detected at generation 4496, restarting...
Stagnation detected at generation 4500, restarting...
Stagnation detected at generation 4504, restarting...
Stagnation detected at generation 4508, restarting...
Stagnation detected at generation 4512, restarting...
Stagnation detected at generation 4516, restarting...
Stagnation detected at generation 4520, restarting...
Stagnation detected at generation 4524, restarting...
Stagnation detected at generation 4528, restarting...
Stagnation detected at generation 4532, restarting...
Stagnation detected at generation 4536, restarting...
Stagnation detected at generation 4540, restarting...
Stagnation detected at generation 4544, restarting...
Stagnation detected at generation 4548, restarting...
Stagnation detected at generation 4552, restarting...
Stagnation detected at generation 4556, restarting...
Stagnation detected at generation 4560, restarting...
Stagnation detected at generation 4564, restarting...
Stagnation detected at generation 4568, restarting...
Stagnation detected at generation 4572, restarting...
Stagnation detected at generation 4576, restarting...
Stagnation detected at generation 4580, restarting...
Stagnation detected at generation 4584, restarting...
Stagnation detected at generation 4588, restarting...
Stagnation detected at generation 4592, restarting...
Stagnation detected at generation 4596, restarting...
Stagnation detected at generation 4600, restarting...
Stagnation detected at generation 4604, restarting...
Stagnation detected at generation 4608, restarting...
Stagnation detected at generation 4612, restarting...
Stagnation detected at generation 4616, restarting...
Stagnation detected at generation 4620, restarting...
Stagnation detected at generation 4624, restarting...
Stagnation detected at generation 4628, restarting...
Stagnation detected at generation 4632, restarting...
Stagnation detected at generation 4636, restarting...
Stagnation detected at generation 4640, restarting...
Stagnation detected at generation 4644, restarting...
Stagnation detected at generation 4648, restarting...
Stagnation detected at generation 4652, restarting...
Stagnation detected at generation 4656, restarting...
Stagnation detected at generation 4660, restarting...
Stagnation detected at generation 4664, restarting...
Stagnation detected at generation 4668, restarting...
Stagnation detected at generation 4672, restarting...
Stagnation detected at generation 4676, restarting...
Stagnation detected at generation 4680, restarting...
Stagnation detected at generation 4684, restarting...
Stagnation detected at generation 4688, restarting...
Stagnation detected at generation 4692, restarting...
Stagnation detected at generation 4696, restarting...
Stagnation detected at generation 4700, restarting...
Stagnation detected at generation 4704, restarting...
Stagnation detected at generation 4708, restarting...
Stagnation detected at generation 4712, restarting...
Stagnation detected at generation 4716, restarting...
Stagnation detected at generation 4720, restarting...
Stagnation detected at generation 4724, restarting...
Stagnation detected at generation 4728, restarting...
Stagnation detected at generation 4732, restarting...
Stagnation detected at generation 4736, restarting...
Stagnation detected at generation 4740, restarting...
Stagnation detected at generation 4744, restarting...
Stagnation detected at generation 4748, restarting...
Stagnation detected at generation 4752, restarting...
Stagnation detected at generation 4756, restarting...
Stagnation detected at generation 4760, restarting...
Stagnation detected at generation 4764, restarting...
Stagnation detected at generation 4768, restarting...
Stagnation detected at generation 4772, restarting...
Stagnation detected at generation 4776, restarting...
Stagnation detected at generation 4780, restarting...
Stagnation detected at generation 4784, restarting...
Stagnation detected at generation 4788, restarting...
Stagnation detected at generation 4792, restarting...
Stagnation detected at generation 4796, restarting...
Stagnation detected at generation 4800, restarting...
Stagnation detected at generation 4804, restarting...
Stagnation detected at generation 4808, restarting...
Stagnation detected at generation 4812, restarting...
Stagnation detected at generation 4816, restarting...
Stagnation detected at generation 4820, restarting...
Stagnation detected at generation 4824, restarting...
Stagnation detected at generation 4828, restarting...
Stagnation detected at generation 4832, restarting...
Stagnation detected at generation 4836, restarting...
Stagnation detected at generation 4840, restarting...
Stagnation detected at generation 4844, restarting...
Stagnation detected at generation 4848, restarting...
Stagnation detected at generation 4852, restarting...
Stagnation detected at generation 4856, restarting...
Stagnation detected at generation 4860, restarting...
Stagnation detected at generation 4864, restarting...
Stagnation detected at generation 4868, restarting...
Stagnation detected at generation 4872, restarting...
Stagnation detected at generation 4876, restarting...
Stagnation detected at generation 4880, restarting...
Stagnation detected at generation 4884, restarting...
Stagnation detected at generation 4888, restarting...
Stagnation detected at generation 4892, restarting...
Stagnation detected at generation 4896, restarting...
Stagnation detected at generation 4900, restarting...
Stagnation detected at generation 4904, restarting...
Stagnation detected at generation 4908, restarting...
Stagnation detected at generation 4912, restarting...
Stagnation detected at generation 4916, restarting...
Stagnation detected at generation 4920, restarting...
Stagnation detected at generation 4924, restarting...
Stagnation detected at generation 4928, restarting...
Stagnation detected at generation 4932, restarting...
Stagnation detected at generation 4936, restarting...
Stagnation detected at generation 4940, restarting...
Stagnation detected at generation 4944, restarting...
Stagnation detected at generation 4948, restarting...
Stagnation detected at generation 4952, restarting...
Stagnation detected at generation 4956, restarting...
Stagnation detected at generation 4960, restarting...
Stagnation detected at generation 4964, restarting...
Stagnation detected at generation 4968, restarting...
Stagnation detected at generation 4972, restarting...
Stagnation detected at generation 4976, restarting...
Stagnation detected at generation 4980, restarting...
Stagnation detected at generation 4984, restarting...
Stagnation detected at generation 4988, restarting...
Stagnation detected at generation 4992, restarting...
Stagnation detected at generation 4996, restarting...
Stagnation detected at generation 5000, restarting...
Stagnation detected at generation 5004, restarting...
Stagnation detected at generation 5008, restarting...
Stagnation detected at generation 5012, restarting...
Stagnation detected at generation 5016, restarting...
Stagnation detected at generation 5020, restarting...
Stagnation detected at generation 5024, restarting...
Stagnation detected at generation 5028, restarting...
Stagnation detected at generation 5032, restarting...
Stagnation detected at generation 5036, restarting...
Stagnation detected at generation 5040, restarting...
Stagnation detected at generation 5044, restarting...
Stagnation detected at generation 5048, restarting...
Stagnation detected at generation 5052, restarting...
Stagnation detected at generation 5056, restarting...
Stagnation detected at generation 5060, restarting...
Stagnation detected at generation 5064, restarting...
Stagnation detected at generation 5068, restarting...
Stagnation detected at generation 5072, restarting...
Stagnation detected at generation 5076, restarting...
Stagnation detected at generation 5080, restarting...
Stagnation detected at generation 5084, restarting...
Stagnation detected at generation 5088, restarting...
Stagnation detected at generation 5092, restarting...
Stagnation detected at generation 5096, restarting...
Stagnation detected at generation 5100, restarting...
Stagnation detected at generation 5104, restarting...
Stagnation detected at generation 5108, restarting...
Stagnation detected at generation 5112, restarting...
Stagnation detected at generation 5116, restarting...
Stagnation detected at generation 5120, restarting...
Stagnation detected at generation 5124, restarting...
Stagnation detected at generation 5128, restarting...
Stagnation detected at generation 5132, restarting...
Stagnation detected at generation 5136, restarting...
Stagnation detected at generation 5140, restarting...
Stagnation detected at generation 5144, restarting...
Stagnation detected at generation 5148, restarting...
Stagnation detected at generation 5152, restarting...
Stagnation detected at generation 5156, restarting...
Stagnation detected at generation 5160, restarting...
Stagnation detected at generation 5164, restarting...
Stagnation detected at generation 5168, restarting...
Stagnation detected at generation 5172, restarting...
Stagnation detected at generation 5176, restarting...
Stagnation detected at generation 5180, restarting...
Stagnation detected at generation 5184, restarting...
Stagnation detected at generation 5188, restarting...
Stagnation detected at generation 5192, restarting...
Stagnation detected at generation 5196, restarting...
Stagnation detected at generation 5200, restarting...
Stagnation detected at generation 5204, restarting...
Stagnation detected at generation 5208, restarting...
Stagnation detected at generation 5212, restarting...
Stagnation detected at generation 5216, restarting...
Stagnation detected at generation 5220, restarting...
Stagnation detected at generation 5224, restarting...
Stagnation detected at generation 5228, restarting...
Stagnation detected at generation 5232, restarting...
Stagnation detected at generation 5236, restarting...
Stagnation detected at generation 5240, restarting...
Stagnation detected at generation 5244, restarting...
Stagnation detected at generation 5248, restarting...
Stagnation detected at generation 5252, restarting...
Stagnation detected at generation 5256, restarting...
Stagnation detected at generation 5260, restarting...
Stagnation detected at generation 5264, restarting...
Stagnation detected at generation 5268, restarting...
Stagnation detected at generation 5272, restarting...
Stagnation detected at generation 5276, restarting...
Stagnation detected at generation 5280, restarting...
Stagnation detected at generation 5284, restarting...
Stagnation detected at generation 5288, restarting...
Stagnation detected at generation 5292, restarting...
Stagnation detected at generation 5296, restarting...
Stagnation detected at generation 5300, restarting...
Stagnation detected at generation 5304, restarting...
Stagnation detected at generation 5308, restarting...
Stagnation detected at generation 5312, restarting...
Stagnation detected at generation 5316, restarting...
Stagnation detected at generation 5320, restarting...
Stagnation detected at generation 5324, restarting...
Stagnation detected at generation 5328, restarting...
Stagnation detected at generation 5332, restarting...
Stagnation detected at generation 5336, restarting...
Stagnation detected at generation 5340, restarting...
Stagnation detected at generation 5344, restarting...
Stagnation detected at generation 5348, restarting...
Stagnation detected at generation 5352, restarting...
Stagnation detected at generation 5356, restarting...
Stagnation detected at generation 5360, restarting...
Stagnation detected at generation 5364, restarting...
Stagnation detected at generation 5368, restarting...
Stagnation detected at generation 5372, restarting...
Stagnation detected at generation 5376, restarting...
Stagnation detected at generation 5380, restarting...
Stagnation detected at generation 5384, restarting...
Stagnation detected at generation 5388, restarting...
Stagnation detected at generation 5392, restarting...
Stagnation detected at generation 5396, restarting...
Stagnation detected at generation 5400, restarting...
Stagnation detected at generation 5404, restarting...
Stagnation detected at generation 5408, restarting...
Stagnation detected at generation 5412, restarting...
Stagnation detected at generation 5416, restarting...
Stagnation detected at generation 5420, restarting...
Stagnation detected at generation 5424, restarting...
Stagnation detected at generation 5428, restarting...
Stagnation detected at generation 5432, restarting...
Stagnation detected at generation 5436, restarting...
Stagnation detected at generation 5440, restarting...
Stagnation detected at generation 5444, restarting...
Stagnation detected at generation 5448, restarting...
Stagnation detected at generation 5452, restarting...
Stagnation detected at generation 5456, restarting...
Stagnation detected at generation 5460, restarting...
Stagnation detected at generation 5464, restarting...
Stagnation detected at generation 5468, restarting...
Stagnation detected at generation 5472, restarting...
Stagnation detected at generation 5476, restarting...
Stagnation detected at generation 5480, restarting...
Stagnation detected at generation 5484, restarting...
Stagnation detected at generation 5488, restarting...
Stagnation detected at generation 5492, restarting...
Stagnation detected at generation 5496, restarting...
Stagnation detected at generation 5500, restarting...
Stagnation detected at generation 5504, restarting...
Stagnation detected at generation 5508, restarting...
Stagnation detected at generation 5512, restarting...
Stagnation detected at generation 5516, restarting...
Stagnation detected at generation 5520, restarting...
Stagnation detected at generation 5524, restarting...
Stagnation detected at generation 5528, restarting...
Stagnation detected at generation 5532, restarting...
Stagnation detected at generation 5536, restarting...
Stagnation detected at generation 5540, restarting...
Stagnation detected at generation 5544, restarting...
Stagnation detected at generation 5548, restarting...
Stagnation detected at generation 5552, restarting...
Stagnation detected at generation 5556, restarting...
Stagnation detected at generation 5560, restarting...
Stagnation detected at generation 5564, restarting...
Stagnation detected at generation 5568, restarting...
Stagnation detected at generation 5572, restarting...
Stagnation detected at generation 5576, restarting...
Stagnation detected at generation 5580, restarting...
Stagnation detected at generation 5584, restarting...
Stagnation detected at generation 5588, restarting...
Stagnation detected at generation 5592, restarting...
Stagnation detected at generation 5596, restarting...
Stagnation detected at generation 5600, restarting...
Stagnation detected at generation 5604, restarting...
Stagnation detected at generation 5608, restarting...
Stagnation detected at generation 5612, restarting...
Stagnation detected at generation 5616, restarting...
Stagnation detected at generation 5620, restarting...
Stagnation detected at generation 5624, restarting...
Stagnation detected at generation 5628, restarting...
Stagnation detected at generation 5632, restarting...
Stagnation detected at generation 5636, restarting...
Stagnation detected at generation 5640, restarting...
Stagnation detected at generation 5644, restarting...
Stagnation detected at generation 5648, restarting...
Stagnation detected at generation 5652, restarting...
Stagnation detected at generation 5656, restarting...
Stagnation detected at generation 5660, restarting...
Stagnation detected at generation 5664, restarting...
Stagnation detected at generation 5668, restarting...
Stagnation detected at generation 5672, restarting...
Stagnation detected at generation 5676, restarting...
Stagnation detected at generation 5680, restarting...
Stagnation detected at generation 5684, restarting...
Stagnation detected at generation 5688, restarting...
Stagnation detected at generation 5692, restarting...
Stagnation detected at generation 5696, restarting...
Stagnation detected at generation 5700, restarting...
Stagnation detected at generation 5704, restarting...
Stagnation detected at generation 5708, restarting...
Stagnation detected at generation 5712, restarting...
Stagnation detected at generation 5716, restarting...
Stagnation detected at generation 5720, restarting...
Stagnation detected at generation 5724, restarting...
Stagnation detected at generation 5728, restarting...
Stagnation detected at generation 5732, restarting...
Stagnation detected at generation 5736, restarting...
Stagnation detected at generation 5740, restarting...
Stagnation detected at generation 5744, restarting...
Stagnation detected at generation 5748, restarting...
Stagnation detected at generation 5752, restarting...
Stagnation detected at generation 5756, restarting...
Stagnation detected at generation 5760, restarting...
Stagnation detected at generation 5764, restarting...
Stagnation detected at generation 5768, restarting...
Stagnation detected at generation 5772, restarting...
Stagnation detected at generation 5776, restarting...
Stagnation detected at generation 5780, restarting...
Stagnation detected at generation 5784, restarting...
Stagnation detected at generation 5788, restarting...
Stagnation detected at generation 5792, restarting...
Stagnation detected at generation 5796, restarting...
Stagnation detected at generation 5800, restarting...
Stagnation detected at generation 5804, restarting...
Stagnation detected at generation 5808, restarting...
Stagnation detected at generation 5812, restarting...
Stagnation detected at generation 5816, restarting...
Stagnation detected at generation 5820, restarting...
Stagnation detected at generation 5824, restarting...
Stagnation detected at generation 5828, restarting...
Stagnation detected at generation 5832, restarting...
Stagnation detected at generation 5836, restarting...
Stagnation detected at generation 5840, restarting...
Stagnation detected at generation 5844, restarting...
Stagnation detected at generation 5848, restarting...
Stagnation detected at generation 5852, restarting...
Stagnation detected at generation 5856, restarting...
Stagnation detected at generation 5860, restarting...
Stagnation detected at generation 5864, restarting...
Stagnation detected at generation 5868, restarting...
Stagnation detected at generation 5872, restarting...
Stagnation detected at generation 5876, restarting...
Stagnation detected at generation 5880, restarting...
Stagnation detected at generation 5884, restarting...
Stagnation detected at generation 5888, restarting...
Stagnation detected at generation 5892, restarting...
Stagnation detected at generation 5896, restarting...
Stagnation detected at generation 5900, restarting...
Stagnation detected at generation 5904, restarting...
Stagnation detected at generation 5908, restarting...
Stagnation detected at generation 5912, restarting...
Stagnation detected at generation 5916, restarting...
Stagnation detected at generation 5920, restarting...
Stagnation detected at generation 5924, restarting...
Stagnation detected at generation 5928, restarting...
Stagnation detected at generation 5932, restarting...
Stagnation detected at generation 5936, restarting...
Stagnation detected at generation 5940, restarting...
Stagnation detected at generation 5944, restarting...
Stagnation detected at generation 5948, restarting...
Stagnation detected at generation 5952, restarting...
Stagnation detected at generation 5956, restarting...
Stagnation detected at generation 5960, restarting...
Stagnation detected at generation 5964, restarting...
Stagnation detected at generation 5968, restarting...
Stagnation detected at generation 5972, restarting...
Stagnation detected at generation 5976, restarting...
Stagnation detected at generation 5980, restarting...
Stagnation detected at generation 5984, restarting...
Stagnation detected at generation 5988, restarting...
Stagnation detected at generation 5992, restarting...
Stagnation detected at generation 5996, restarting...
Stagnation detected at generation 6000, restarting...
Stagnation detected at generation 6004, restarting...
Stagnation detected at generation 6008, restarting...
Stagnation detected at generation 6012, restarting...
Stagnation detected at generation 6016, restarting...
Stagnation detected at generation 6020, restarting...
Stagnation detected at generation 6024, restarting...
Stagnation detected at generation 6028, restarting...
Stagnation detected at generation 6032, restarting...
Stagnation detected at generation 6036, restarting...
Stagnation detected at generation 6040, restarting...
Stagnation detected at generation 6044, restarting...
Stagnation detected at generation 6048, restarting...
Stagnation detected at generation 6052, restarting...
Stagnation detected at generation 6056, restarting...
Stagnation detected at generation 6060, restarting...
Stagnation detected at generation 6064, restarting...
Stagnation detected at generation 6068, restarting...
Stagnation detected at generation 6072, restarting...
Stagnation detected at generation 6076, restarting...
Stagnation detected at generation 6080, restarting...
Stagnation detected at generation 6084, restarting...
Stagnation detected at generation 6088, restarting...
Stagnation detected at generation 6092, restarting...
Stagnation detected at generation 6096, restarting...
Stagnation detected at generation 6100, restarting...
Stagnation detected at generation 6104, restarting...
Stagnation detected at generation 6108, restarting...
Stagnation detected at generation 6112, restarting...
Stagnation detected at generation 6116, restarting...
Stagnation detected at generation 6120, restarting...
Stagnation detected at generation 6124, restarting...
Stagnation detected at generation 6128, restarting...
Stagnation detected at generation 6132, restarting...
Stagnation detected at generation 6136, restarting...
Stagnation detected at generation 6140, restarting...
Stagnation detected at generation 6144, restarting...
Stagnation detected at generation 6148, restarting...
Stagnation detected at generation 6152, restarting...
Stagnation detected at generation 6156, restarting...
Stagnation detected at generation 6160, restarting...
Stagnation detected at generation 6164, restarting...
Stagnation detected at generation 6168, restarting...
Stagnation detected at generation 6172, restarting...
Stagnation detected at generation 6176, restarting...
Stagnation detected at generation 6180, restarting...
Stagnation detected at generation 6184, restarting...
Stagnation detected at generation 6188, restarting...
Stagnation detected at generation 6192, restarting...
Stagnation detected at generation 6196, restarting...
Stagnation detected at generation 6200, restarting...
Stagnation detected at generation 6204, restarting...
Stagnation detected at generation 6208, restarting...
Stagnation detected at generation 6212, restarting...
Stagnation detected at generation 6216, restarting...
Stagnation detected at generation 6220, restarting...
Stagnation detected at generation 6224, restarting...
Stagnation detected at generation 6228, restarting...
Stagnation detected at generation 6232, restarting...
Stagnation detected at generation 6236, restarting...
Stagnation detected at generation 6240, restarting...
Stagnation detected at generation 6244, restarting...
Stagnation detected at generation 6248, restarting...
Stagnation detected at generation 6252, restarting...
Stagnation detected at generation 6256, restarting...
Stagnation detected at generation 6260, restarting...
Stagnation detected at generation 6264, restarting...
Stagnation detected at generation 6268, restarting...
Stagnation detected at generation 6272, restarting...
Stagnation detected at generation 6276, restarting...
Stagnation detected at generation 6280, restarting...
Stagnation detected at generation 6284, restarting...
Stagnation detected at generation 6288, restarting...
Stagnation detected at generation 6292, restarting...
Stagnation detected at generation 6296, restarting...
Stagnation detected at generation 6300, restarting...
Stagnation detected at generation 6304, restarting...
Stagnation detected at generation 6308, restarting...
Stagnation detected at generation 6312, restarting...
Stagnation detected at generation 6316, restarting...
Stagnation detected at generation 6320, restarting...
Stagnation detected at generation 6324, restarting...
Stagnation detected at generation 6328, restarting...
Stagnation detected at generation 6332, restarting...
Stagnation detected at generation 6336, restarting...
Stagnation detected at generation 6340, restarting...
Stagnation detected at generation 6344, restarting...
Stagnation detected at generation 6348, restarting...
Stagnation detected at generation 6352, restarting...
Stagnation detected at generation 6356, restarting...
Stagnation detected at generation 6360, restarting...
Stagnation detected at generation 6364, restarting...
Stagnation detected at generation 6368, restarting...
Stagnation detected at generation 6372, restarting...
Stagnation detected at generation 6376, restarting...
Stagnation detected at generation 6380, restarting...
Stagnation detected at generation 6384, restarting...
Stagnation detected at generation 6388, restarting...
Stagnation detected at generation 6392, restarting...
Stagnation detected at generation 6396, restarting...
Stagnation detected at generation 6400, restarting...
Stagnation detected at generation 6404, restarting...
Stagnation detected at generation 6408, restarting...
Stagnation detected at generation 6412, restarting...
Stagnation detected at generation 6416, restarting...
Stagnation detected at generation 6420, restarting...
Stagnation detected at generation 6424, restarting...
Stagnation detected at generation 6428, restarting...
Stagnation detected at generation 6432, restarting...
Stagnation detected at generation 6436, restarting...
Stagnation detected at generation 6440, restarting...
Stagnation detected at generation 6444, restarting...
Stagnation detected at generation 6448, restarting...
Stagnation detected at generation 6452, restarting...
Stagnation detected at generation 6456, restarting...
Stagnation detected at generation 6460, restarting...
Stagnation detected at generation 6464, restarting...
Stagnation detected at generation 6468, restarting...
Stagnation detected at generation 6472, restarting...
Stagnation detected at generation 6476, restarting...
Stagnation detected at generation 6480, restarting...
Stagnation detected at generation 6484, restarting...
Stagnation detected at generation 6488, restarting...
Stagnation detected at generation 6492, restarting...
Stagnation detected at generation 6496, restarting...
Stagnation detected at generation 6500, restarting...
Stagnation detected at generation 6504, restarting...
Stagnation detected at generation 6508, restarting...
Stagnation detected at generation 6512, restarting...
Stagnation detected at generation 6516, restarting...
Stagnation detected at generation 6520, restarting...
Stagnation detected at generation 6524, restarting...
Stagnation detected at generation 6528, restarting...
Stagnation detected at generation 6532, restarting...
Stagnation detected at generation 6536, restarting...
Stagnation detected at generation 6540, restarting...
Stagnation detected at generation 6544, restarting...
Stagnation detected at generation 6548, restarting...
Stagnation detected at generation 6552, restarting...
Stagnation detected at generation 6556, restarting...
Stagnation detected at generation 6560, restarting...
Stagnation detected at generation 6564, restarting...
Stagnation detected at generation 6568, restarting...
Stagnation detected at generation 6572, restarting...
Stagnation detected at generation 6576, restarting...
Stagnation detected at generation 6580, restarting...
Stagnation detected at generation 6584, restarting...
Stagnation detected at generation 6588, restarting...
Stagnation detected at generation 6592, restarting...
Stagnation detected at generation 6596, restarting...
Stagnation detected at generation 6600, restarting...
Stagnation detected at generation 6604, restarting...
Stagnation detected at generation 6608, restarting...
Stagnation detected at generation 6612, restarting...
Stagnation detected at generation 6616, restarting...
Stagnation detected at generation 6620, restarting...
Stagnation detected at generation 6624, restarting...
Stagnation detected at generation 6628, restarting...
Stagnation detected at generation 6632, restarting...
Stagnation detected at generation 6636, restarting...
Stagnation detected at generation 6640, restarting...
Stagnation detected at generation 6644, restarting...
Stagnation detected at generation 6648, restarting...
Stagnation detected at generation 6652, restarting...
Stagnation detected at generation 6656, restarting...
Stagnation detected at generation 6660, restarting...
Stagnation detected at generation 6664, restarting...
Stagnation detected at generation 6668, restarting...
Stagnation detected at generation 6672, restarting...
Stagnation detected at generation 6676, restarting...
Stagnation detected at generation 6680, restarting...
Stagnation detected at generation 6684, restarting...
Stagnation detected at generation 6688, restarting...
Stagnation detected at generation 6692, restarting...
Stagnation detected at generation 6696, restarting...
Stagnation detected at generation 6700, restarting...
Stagnation detected at generation 6704, restarting...
Stagnation detected at generation 6708, restarting...
Stagnation detected at generation 6712, restarting...
Stagnation detected at generation 6716, restarting...
Stagnation detected at generation 6720, restarting...
Stagnation detected at generation 6724, restarting...
Stagnation detected at generation 6728, restarting...
Stagnation detected at generation 6732, restarting...
Stagnation detected at generation 6736, restarting...
Stagnation detected at generation 6740, restarting...
Stagnation detected at generation 6744, restarting...
Stagnation detected at generation 6748, restarting...
Stagnation detected at generation 6752, restarting...
Stagnation detected at generation 6756, restarting...
Stagnation detected at generation 6760, restarting...
Stagnation detected at generation 6764, restarting...
Stagnation detected at generation 6768, restarting...
Stagnation detected at generation 6772, restarting...
Stagnation detected at generation 6776, restarting...
Stagnation detected at generation 6780, restarting...
Stagnation detected at generation 6784, restarting...
Stagnation detected at generation 6788, restarting...
Stagnation detected at generation 6792, restarting...
Stagnation detected at generation 6796, restarting...
Stagnation detected at generation 6800, restarting...
Stagnation detected at generation 6804, restarting...
Stagnation detected at generation 6808, restarting...
Stagnation detected at generation 6812, restarting...
Stagnation detected at generation 6816, restarting...
Stagnation detected at generation 6820, restarting...
Stagnation detected at generation 6824, restarting...
Stagnation detected at generation 6828, restarting...
Stagnation detected at generation 6832, restarting...
Stagnation detected at generation 6836, restarting...
Stagnation detected at generation 6840, restarting...
Stagnation detected at generation 6844, restarting...
Stagnation detected at generation 6848, restarting...
Stagnation detected at generation 6852, restarting...
Stagnation detected at generation 6856, restarting...
Stagnation detected at generation 6860, restarting...
Stagnation detected at generation 6864, restarting...
Stagnation detected at generation 6868, restarting...
Stagnation detected at generation 6872, restarting...
Stagnation detected at generation 6876, restarting...
Stagnation detected at generation 6880, restarting...
Stagnation detected at generation 6884, restarting...
Stagnation detected at generation 6888, restarting...
Stagnation detected at generation 6892, restarting...
Stagnation detected at generation 6896, restarting...
Stagnation detected at generation 6900, restarting...
Stagnation detected at generation 6904, restarting...
Stagnation detected at generation 6908, restarting...
Stagnation detected at generation 6912, restarting...
Stagnation detected at generation 6916, restarting...
Stagnation detected at generation 6920, restarting...
Stagnation detected at generation 6924, restarting...
Stagnation detected at generation 6928, restarting...
Stagnation detected at generation 6932, restarting...
Stagnation detected at generation 6936, restarting...
Stagnation detected at generation 6940, restarting...
Stagnation detected at generation 6944, restarting...
Stagnation detected at generation 6948, restarting...
Stagnation detected at generation 6952, restarting...
Stagnation detected at generation 6956, restarting...
Stagnation detected at generation 6960, restarting...
Stagnation detected at generation 6964, restarting...
Stagnation detected at generation 6968, restarting...
Stagnation detected at generation 6972, restarting...
Stagnation detected at generation 6976, restarting...
Stagnation detected at generation 6980, restarting...
Stagnation detected at generation 6984, restarting...
Stagnation detected at generation 6988, restarting...
Stagnation detected at generation 6992, restarting...
Stagnation detected at generation 6996, restarting...
Stagnation detected at generation 7000, restarting...
Stagnation detected at generation 7004, restarting...
Stagnation detected at generation 7008, restarting...
Stagnation detected at generation 7012, restarting...
Stagnation detected at generation 7016, restarting...
Stagnation detected at generation 7020, restarting...
Stagnation detected at generation 7024, restarting...
Stagnation detected at generation 7028, restarting...
Stagnation detected at generation 7032, restarting...
Stagnation detected at generation 7036, restarting...
Stagnation detected at generation 7040, restarting...
Stagnation detected at generation 7044, restarting...
Stagnation detected at generation 7048, restarting...
Stagnation detected at generation 7052, restarting...
Stagnation detected at generation 7056, restarting...
Stagnation detected at generation 7060, restarting...
Stagnation detected at generation 7064, restarting...
Stagnation detected at generation 7068, restarting...
Stagnation detected at generation 7072, restarting...
Stagnation detected at generation 7076, restarting...
Stagnation detected at generation 7080, restarting...
Stagnation detected at generation 7084, restarting...
Stagnation detected at generation 7088, restarting...
Stagnation detected at generation 7092, restarting...
Stagnation detected at generation 7096, restarting...
Stagnation detected at generation 7100, restarting...
Stagnation detected at generation 7104, restarting...
Stagnation detected at generation 7108, restarting...
Stagnation detected at generation 7112, restarting...
Stagnation detected at generation 7116, restarting...
Stagnation detected at generation 7120, restarting...
Stagnation detected at generation 7124, restarting...
Stagnation detected at generation 7128, restarting...
Stagnation detected at generation 7132, restarting...
Stagnation detected at generation 7136, restarting...
Stagnation detected at generation 7140, restarting...
Stagnation detected at generation 7144, restarting...
Stagnation detected at generation 7148, restarting...
Stagnation detected at generation 7152, restarting...
Stagnation detected at generation 7156, restarting...
Stagnation detected at generation 7160, restarting...
Stagnation detected at generation 7164, restarting...
Stagnation detected at generation 7168, restarting...
Stagnation detected at generation 7172, restarting...
Stagnation detected at generation 7176, restarting...
Stagnation detected at generation 7180, restarting...
Stagnation detected at generation 7184, restarting...
Stagnation detected at generation 7188, restarting...
Stagnation detected at generation 7192, restarting...
Stagnation detected at generation 7196, restarting...
Stagnation detected at generation 7200, restarting...
Stagnation detected at generation 7204, restarting...
Stagnation detected at generation 7208, restarting...
Stagnation detected at generation 7212, restarting...
Stagnation detected at generation 7216, restarting...
Stagnation detected at generation 7220, restarting...
Stagnation detected at generation 7224, restarting...
Stagnation detected at generation 7228, restarting...
Stagnation detected at generation 7232, restarting...
Stagnation detected at generation 7236, restarting...
Stagnation detected at generation 7240, restarting...
Stagnation detected at generation 7244, restarting...
Stagnation detected at generation 7248, restarting...
Stagnation detected at generation 7252, restarting...
Stagnation detected at generation 7256, restarting...
Stagnation detected at generation 7260, restarting...
Stagnation detected at generation 7264, restarting...
Stagnation detected at generation 7268, restarting...
Stagnation detected at generation 7272, restarting...
Stagnation detected at generation 7276, restarting...
Stagnation detected at generation 7280, restarting...
Stagnation detected at generation 7284, restarting...
Stagnation detected at generation 7288, restarting...
Stagnation detected at generation 7292, restarting...
Stagnation detected at generation 7296, restarting...
Stagnation detected at generation 7300, restarting...
Stagnation detected at generation 7304, restarting...
Stagnation detected at generation 7308, restarting...
Stagnation detected at generation 7312, restarting...
Stagnation detected at generation 7316, restarting...
Stagnation detected at generation 7320, restarting...
Stagnation detected at generation 7324, restarting...
Stagnation detected at generation 7328, restarting...
Stagnation detected at generation 7332, restarting...
Stagnation detected at generation 7336, restarting...
Stagnation detected at generation 7340, restarting...
Stagnation detected at generation 7344, restarting...
Stagnation detected at generation 7348, restarting...
Stagnation detected at generation 7352, restarting...
Stagnation detected at generation 7356, restarting...
Stagnation detected at generation 7360, restarting...
Stagnation detected at generation 7364, restarting...
Stagnation detected at generation 7368, restarting...
Stagnation detected at generation 7372, restarting...
Stagnation detected at generation 7376, restarting...
Stagnation detected at generation 7380, restarting...
Stagnation detected at generation 7384, restarting...
Stagnation detected at generation 7388, restarting...
Stagnation detected at generation 7392, restarting...
Stagnation detected at generation 7396, restarting...
Stagnation detected at generation 7400, restarting...
Stagnation detected at generation 7404, restarting...
Stagnation detected at generation 7408, restarting...
Stagnation detected at generation 7412, restarting...
Stagnation detected at generation 7416, restarting...
Stagnation detected at generation 7420, restarting...
Stagnation detected at generation 7424, restarting...
Stagnation detected at generation 7428, restarting...
Stagnation detected at generation 7432, restarting...
Stagnation detected at generation 7436, restarting...
Stagnation detected at generation 7440, restarting...
Stagnation detected at generation 7444, restarting...
Stagnation detected at generation 7448, restarting...
Stagnation detected at generation 7452, restarting...
Stagnation detected at generation 7456, restarting...
Stagnation detected at generation 7460, restarting...
Stagnation detected at generation 7464, restarting...
Stagnation detected at generation 7468, restarting...
Stagnation detected at generation 7472, restarting...
Stagnation detected at generation 7476, restarting...
Stagnation detected at generation 7480, restarting...
Stagnation detected at generation 7484, restarting...
Stagnation detected at generation 7488, restarting...
Stagnation detected at generation 7492, restarting...
Stagnation detected at generation 7496, restarting...
Stagnation detected at generation 7500, restarting...
Stagnation detected at generation 7504, restarting...
Stagnation detected at generation 7508, restarting...
Stagnation detected at generation 7512, restarting...
Stagnation detected at generation 7516, restarting...
Stagnation detected at generation 7520, restarting...
Stagnation detected at generation 7524, restarting...
Stagnation detected at generation 7528, restarting...
Stagnation detected at generation 7532, restarting...
Stagnation detected at generation 7536, restarting...
Stagnation detected at generation 7540, restarting...
Stagnation detected at generation 7544, restarting...
Stagnation detected at generation 7548, restarting...
Stagnation detected at generation 7552, restarting...
Stagnation detected at generation 7556, restarting...
Stagnation detected at generation 7560, restarting...
Stagnation detected at generation 7564, restarting...
Stagnation detected at generation 7568, restarting...
Stagnation detected at generation 7572, restarting...
Stagnation detected at generation 7576, restarting...
Stagnation detected at generation 7580, restarting...
Stagnation detected at generation 7584, restarting...
Stagnation detected at generation 7588, restarting...
Stagnation detected at generation 7592, restarting...
Stagnation detected at generation 7596, restarting...
Stagnation detected at generation 7600, restarting...
Stagnation detected at generation 7604, restarting...
Stagnation detected at generation 7608, restarting...
Stagnation detected at generation 7612, restarting...
Stagnation detected at generation 7616, restarting...
Stagnation detected at generation 7620, restarting...
Stagnation detected at generation 7624, restarting...
Stagnation detected at generation 7628, restarting...
Stagnation detected at generation 7632, restarting...
Stagnation detected at generation 7636, restarting...
Stagnation detected at generation 7640, restarting...
Stagnation detected at generation 7644, restarting...
Stagnation detected at generation 7648, restarting...
Stagnation detected at generation 7652, restarting...
Stagnation detected at generation 7656, restarting...
Stagnation detected at generation 7660, restarting...
Stagnation detected at generation 7664, restarting...
Stagnation detected at generation 7668, restarting...
Stagnation detected at generation 7672, restarting...
Stagnation detected at generation 7676, restarting...
Stagnation detected at generation 7680, restarting...
Stagnation detected at generation 7684, restarting...
Stagnation detected at generation 7688, restarting...
Stagnation detected at generation 7692, restarting...
Stagnation detected at generation 7696, restarting...
Stagnation detected at generation 7700, restarting...
Stagnation detected at generation 7704, restarting...
Stagnation detected at generation 7708, restarting...
Stagnation detected at generation 7712, restarting...
Stagnation detected at generation 7716, restarting...
Stagnation detected at generation 7720, restarting...
Stagnation detected at generation 7724, restarting...
Stagnation detected at generation 7728, restarting...
Stagnation detected at generation 7732, restarting...
Stagnation detected at generation 7736, restarting...
Stagnation detected at generation 7740, restarting...
Stagnation detected at generation 7744, restarting...
Stagnation detected at generation 7748, restarting...
Stagnation detected at generation 7752, restarting...
Stagnation detected at generation 7756, restarting...
Stagnation detected at generation 7760, restarting...
Stagnation detected at generation 7764, restarting...
Stagnation detected at generation 7768, restarting...
Stagnation detected at generation 7772, restarting...
Stagnation detected at generation 7776, restarting...
Stagnation detected at generation 7780, restarting...
Stagnation detected at generation 7784, restarting...
Stagnation detected at generation 7788, restarting...
Stagnation detected at generation 7792, restarting...
Stagnation detected at generation 7796, restarting...
Stagnation detected at generation 7800, restarting...
Stagnation detected at generation 7804, restarting...
Stagnation detected at generation 7808, restarting...
Stagnation detected at generation 7812, restarting...
Stagnation detected at generation 7816, restarting...
Stagnation detected at generation 7820, restarting...
Stagnation detected at generation 7824, restarting...
Stagnation detected at generation 7828, restarting...
Stagnation detected at generation 7832, restarting...
Stagnation detected at generation 7836, restarting...
Stagnation detected at generation 7840, restarting...
Stagnation detected at generation 7844, restarting...
Stagnation detected at generation 7848, restarting...
Stagnation detected at generation 7852, restarting...
Stagnation detected at generation 7856, restarting...
Stagnation detected at generation 7860, restarting...
Stagnation detected at generation 7864, restarting...
Stagnation detected at generation 7868, restarting...
Stagnation detected at generation 7872, restarting...
Stagnation detected at generation 7876, restarting...
Stagnation detected at generation 7880, restarting...
Stagnation detected at generation 7884, restarting...
Stagnation detected at generation 7888, restarting...
Stagnation detected at generation 7892, restarting...
Stagnation detected at generation 7896, restarting...
Stagnation detected at generation 7900, restarting...
Stagnation detected at generation 7904, restarting...
Stagnation detected at generation 7908, restarting...
Stagnation detected at generation 7912, restarting...
Stagnation detected at generation 7916, restarting...
Stagnation detected at generation 7920, restarting...
Stagnation detected at generation 7924, restarting...
Stagnation detected at generation 7928, restarting...
Stagnation detected at generation 7932, restarting...
Stagnation detected at generation 7936, restarting...
Stagnation detected at generation 7940, restarting...
Stagnation detected at generation 7944, restarting...
Stagnation detected at generation 7948, restarting...
Stagnation detected at generation 7952, restarting...
Stagnation detected at generation 7956, restarting...
Stagnation detected at generation 7960, restarting...
Stagnation detected at generation 7964, restarting...
Stagnation detected at generation 7968, restarting...
Stagnation detected at generation 7972, restarting...
Stagnation detected at generation 7976, restarting...
Stagnation detected at generation 7980, restarting...
Stagnation detected at generation 7984, restarting...
Stagnation detected at generation 7988, restarting...
Stagnation detected at generation 7992, restarting...
Stagnation detected at generation 7996, restarting...
Stagnation detected at generation 8000, restarting...
Stagnation detected at generation 8004, restarting...
Stagnation detected at generation 8008, restarting...
Stagnation detected at generation 8012, restarting...
Stagnation detected at generation 8016, restarting...
Stagnation detected at generation 8020, restarting...
Stagnation detected at generation 8024, restarting...
Stagnation detected at generation 8028, restarting...
Stagnation detected at generation 8032, restarting...
Stagnation detected at generation 8036, restarting...
Stagnation detected at generation 8040, restarting...
Stagnation detected at generation 8044, restarting...
Stagnation detected at generation 8048, restarting...
Stagnation detected at generation 8052, restarting...
Stagnation detected at generation 8056, restarting...
Stagnation detected at generation 8060, restarting...
Stagnation detected at generation 8064, restarting...
Stagnation detected at generation 8068, restarting...
Stagnation detected at generation 8072, restarting...
Stagnation detected at generation 8076, restarting...
Stagnation detected at generation 8080, restarting...
Stagnation detected at generation 8084, restarting...
Stagnation detected at generation 8088, restarting...
Stagnation detected at generation 8092, restarting...
Stagnation detected at generation 8096, restarting...
Stagnation detected at generation 8100, restarting...
Stagnation detected at generation 8104, restarting...
Stagnation detected at generation 8108, restarting...
Stagnation detected at generation 8112, restarting...
Stagnation detected at generation 8116, restarting...
Stagnation detected at generation 8120, restarting...
Stagnation detected at generation 8124, restarting...
Stagnation detected at generation 8128, restarting...
Stagnation detected at generation 8132, restarting...
Stagnation detected at generation 8136, restarting...
Stagnation detected at generation 8140, restarting...
Stagnation detected at generation 8144, restarting...
Stagnation detected at generation 8148, restarting...
Stagnation detected at generation 8152, restarting...
Stagnation detected at generation 8156, restarting...
Stagnation detected at generation 8160, restarting...
Stagnation detected at generation 8164, restarting...
Stagnation detected at generation 8168, restarting...
Stagnation detected at generation 8172, restarting...
Stagnation detected at generation 8176, restarting...
Stagnation detected at generation 8180, restarting...
Stagnation detected at generation 8184, restarting...
Stagnation detected at generation 8188, restarting...
Stagnation detected at generation 8192, restarting...
Stagnation detected at generation 8196, restarting...
Stagnation detected at generation 8200, restarting...
Stagnation detected at generation 8204, restarting...
Stagnation detected at generation 8208, restarting...
Stagnation detected at generation 8212, restarting...
Stagnation detected at generation 8216, restarting...
Stagnation detected at generation 8220, restarting...
Stagnation detected at generation 8224, restarting...
Stagnation detected at generation 8228, restarting...
Stagnation detected at generation 8232, restarting...
Stagnation detected at generation 8236, restarting...
Stagnation detected at generation 8240, restarting...
Stagnation detected at generation 8244, restarting...
Stagnation detected at generation 8248, restarting...
Stagnation detected at generation 8252, restarting...
Stagnation detected at generation 8256, restarting...
Stagnation detected at generation 8260, restarting...
Stagnation detected at generation 8264, restarting...
Stagnation detected at generation 8268, restarting...
Stagnation detected at generation 8272, restarting...
Stagnation detected at generation 8276, restarting...
Stagnation detected at generation 8280, restarting...
Stagnation detected at generation 8284, restarting...
Stagnation detected at generation 8288, restarting...
Stagnation detected at generation 8292, restarting...
Stagnation detected at generation 8296, restarting...
Stagnation detected at generation 8300, restarting...
Stagnation detected at generation 8304, restarting...
Stagnation detected at generation 8308, restarting...
Stagnation detected at generation 8312, restarting...
Stagnation detected at generation 8316, restarting...
Stagnation detected at generation 8320, restarting...
Stagnation detected at generation 8324, restarting...
Stagnation detected at generation 8328, restarting...
Stagnation detected at generation 8332, restarting...
Stagnation detected at generation 8336, restarting...
Stagnation detected at generation 8340, restarting...
Stagnation detected at generation 8344, restarting...
Stagnation detected at generation 8348, restarting...
Stagnation detected at generation 8352, restarting...
Stagnation detected at generation 8356, restarting...
Stagnation detected at generation 8360, restarting...
Stagnation detected at generation 8364, restarting...
Stagnation detected at generation 8368, restarting...
Stagnation detected at generation 8372, restarting...
Stagnation detected at generation 8376, restarting...
Stagnation detected at generation 8380, restarting...
Stagnation detected at generation 8384, restarting...
Stagnation detected at generation 8388, restarting...
Stagnation detected at generation 8392, restarting...
Stagnation detected at generation 8396, restarting...
Stagnation detected at generation 8400, restarting...
Stagnation detected at generation 8404, restarting...
Stagnation detected at generation 8408, restarting...
Stagnation detected at generation 8412, restarting...
Stagnation detected at generation 8416, restarting...
Stagnation detected at generation 8420, restarting...
Stagnation detected at generation 8424, restarting...
Stagnation detected at generation 8428, restarting...
Stagnation detected at generation 8432, restarting...
Stagnation detected at generation 8436, restarting...
Stagnation detected at generation 8440, restarting...
Stagnation detected at generation 8444, restarting...
Stagnation detected at generation 8448, restarting...
Stagnation detected at generation 8452, restarting...
Stagnation detected at generation 8456, restarting...
Stagnation detected at generation 8460, restarting...
Stagnation detected at generation 8464, restarting...
Stagnation detected at generation 8468, restarting...
Stagnation detected at generation 8472, restarting...
Stagnation detected at generation 8476, restarting...
Stagnation detected at generation 8480, restarting...
Stagnation detected at generation 8484, restarting...
Stagnation detected at generation 8488, restarting...
Stagnation detected at generation 8492, restarting...
Stagnation detected at generation 8496, restarting...
Stagnation detected at generation 8500, restarting...
Stagnation detected at generation 8504, restarting...
Stagnation detected at generation 8508, restarting...
Stagnation detected at generation 8512, restarting...
Stagnation detected at generation 8516, restarting...
Stagnation detected at generation 8520, restarting...
Stagnation detected at generation 8524, restarting...
Stagnation detected at generation 8528, restarting...
Stagnation detected at generation 8532, restarting...
Stagnation detected at generation 8536, restarting...
Stagnation detected at generation 8540, restarting...
Stagnation detected at generation 8544, restarting...
Stagnation detected at generation 8548, restarting...
Stagnation detected at generation 8552, restarting...
Stagnation detected at generation 8556, restarting...
Stagnation detected at generation 8560, restarting...
Stagnation detected at generation 8564, restarting...
Stagnation detected at generation 8568, restarting...
Stagnation detected at generation 8572, restarting...
Stagnation detected at generation 8576, restarting...
Stagnation detected at generation 8580, restarting...
Stagnation detected at generation 8584, restarting...
Stagnation detected at generation 8588, restarting...
Stagnation detected at generation 8592, restarting...
Stagnation detected at generation 8596, restarting...
Stagnation detected at generation 8600, restarting...
Stagnation detected at generation 8604, restarting...
Stagnation detected at generation 8608, restarting...
Stagnation detected at generation 8612, restarting...
Stagnation detected at generation 8616, restarting...
Stagnation detected at generation 8620, restarting...
Stagnation detected at generation 8624, restarting...
Stagnation detected at generation 8628, restarting...
Stagnation detected at generation 8632, restarting...
Stagnation detected at generation 8636, restarting...
Stagnation detected at generation 8640, restarting...
Stagnation detected at generation 8644, restarting...
Stagnation detected at generation 8648, restarting...
Stagnation detected at generation 8652, restarting...
Stagnation detected at generation 8656, restarting...
Stagnation detected at generation 8660, restarting...
Stagnation detected at generation 8664, restarting...
Stagnation detected at generation 8668, restarting...
Stagnation detected at generation 8672, restarting...
Stagnation detected at generation 8676, restarting...
Stagnation detected at generation 8680, restarting...
Stagnation detected at generation 8684, restarting...
Stagnation detected at generation 8688, restarting...
Stagnation detected at generation 8692, restarting...
Stagnation detected at generation 8696, restarting...
Stagnation detected at generation 8700, restarting...
Stagnation detected at generation 8704, restarting...
Stagnation detected at generation 8708, restarting...
Stagnation detected at generation 8712, restarting...
Stagnation detected at generation 8716, restarting...
Stagnation detected at generation 8720, restarting...
Stagnation detected at generation 8724, restarting...
Stagnation detected at generation 8728, restarting...
Stagnation detected at generation 8732, restarting...
Stagnation detected at generation 8736, restarting...
Stagnation detected at generation 8740, restarting...
Stagnation detected at generation 8744, restarting...
Stagnation detected at generation 8748, restarting...
Stagnation detected at generation 8752, restarting...
Stagnation detected at generation 8756, restarting...
Stagnation detected at generation 8760, restarting...
Stagnation detected at generation 8764, restarting...
Stagnation detected at generation 8768, restarting...
Stagnation detected at generation 8772, restarting...
Stagnation detected at generation 8776, restarting...
Stagnation detected at generation 8780, restarting...
Stagnation detected at generation 8784, restarting...
Stagnation detected at generation 8788, restarting...
Stagnation detected at generation 8792, restarting...
Stagnation detected at generation 8796, restarting...
Stagnation detected at generation 8800, restarting...
Stagnation detected at generation 8804, restarting...
Stagnation detected at generation 8808, restarting...
Stagnation detected at generation 8812, restarting...
Stagnation detected at generation 8816, restarting...
Stagnation detected at generation 8820, restarting...
Stagnation detected at generation 8824, restarting...
Stagnation detected at generation 8828, restarting...
Stagnation detected at generation 8832, restarting...
Stagnation detected at generation 8836, restarting...
Stagnation detected at generation 8840, restarting...
Stagnation detected at generation 8844, restarting...
Stagnation detected at generation 8848, restarting...
Stagnation detected at generation 8852, restarting...
Stagnation detected at generation 8856, restarting...
Stagnation detected at generation 8860, restarting...
Stagnation detected at generation 8864, restarting...
Stagnation detected at generation 8868, restarting...
Stagnation detected at generation 8872, restarting...
Stagnation detected at generation 8876, restarting...
Stagnation detected at generation 8880, restarting...
Stagnation detected at generation 8884, restarting...
Stagnation detected at generation 8888, restarting...
Stagnation detected at generation 8892, restarting...
Stagnation detected at generation 8896, restarting...
Stagnation detected at generation 8900, restarting...
Stagnation detected at generation 8904, restarting...
Stagnation detected at generation 8908, restarting...
Stagnation detected at generation 8912, restarting...
Stagnation detected at generation 8916, restarting...
Stagnation detected at generation 8920, restarting...
Stagnation detected at generation 8924, restarting...
Stagnation detected at generation 8928, restarting...
Stagnation detected at generation 8932, restarting...
Stagnation detected at generation 8936, restarting...
Stagnation detected at generation 8940, restarting...
Stagnation detected at generation 8944, restarting...
Stagnation detected at generation 8948, restarting...
Stagnation detected at generation 8952, restarting...
Stagnation detected at generation 8956, restarting...
Stagnation detected at generation 8960, restarting...
Stagnation detected at generation 8964, restarting...
Stagnation detected at generation 8968, restarting...
Stagnation detected at generation 8972, restarting...
Stagnation detected at generation 8976, restarting...
Stagnation detected at generation 8980, restarting...
Stagnation detected at generation 8984, restarting...
Stagnation detected at generation 8988, restarting...
Stagnation detected at generation 8992, restarting...
Stagnation detected at generation 8996, restarting...
Stagnation detected at generation 9000, restarting...
Stagnation detected at generation 9004, restarting...
Stagnation detected at generation 9008, restarting...
Stagnation detected at generation 9012, restarting...
Stagnation detected at generation 9016, restarting...
Stagnation detected at generation 9020, restarting...
Stagnation detected at generation 9024, restarting...
Stagnation detected at generation 9028, restarting...
Stagnation detected at generation 9032, restarting...
Stagnation detected at generation 9036, restarting...
Stagnation detected at generation 9040, restarting...
Stagnation detected at generation 9044, restarting...
Stagnation detected at generation 9048, restarting...
Stagnation detected at generation 9052, restarting...
Stagnation detected at generation 9056, restarting...
Stagnation detected at generation 9060, restarting...
Stagnation detected at generation 9064, restarting...
Stagnation detected at generation 9068, restarting...
Stagnation detected at generation 9072, restarting...
Stagnation detected at generation 9076, restarting...
Stagnation detected at generation 9080, restarting...
Stagnation detected at generation 9084, restarting...
Stagnation detected at generation 9088, restarting...
Stagnation detected at generation 9092, restarting...
Stagnation detected at generation 9096, restarting...
Stagnation detected at generation 9100, restarting...
Stagnation detected at generation 9104, restarting...
Stagnation detected at generation 9108, restarting...
Stagnation detected at generation 9112, restarting...
Stagnation detected at generation 9116, restarting...
Stagnation detected at generation 9120, restarting...
Stagnation detected at generation 9124, restarting...
Stagnation detected at generation 9128, restarting...
Stagnation detected at generation 9132, restarting...
Stagnation detected at generation 9136, restarting...
Stagnation detected at generation 9140, restarting...
Stagnation detected at generation 9144, restarting...
Stagnation detected at generation 9148, restarting...
Stagnation detected at generation 9152, restarting...
Stagnation detected at generation 9156, restarting...
Stagnation detected at generation 9160, restarting...
Stagnation detected at generation 9164, restarting...
Stagnation detected at generation 9168, restarting...
Stagnation detected at generation 9172, restarting...
Stagnation detected at generation 9176, restarting...
Stagnation detected at generation 9180, restarting...
Stagnation detected at generation 9184, restarting...
Stagnation detected at generation 9188, restarting...
Stagnation detected at generation 9192, restarting...
Stagnation detected at generation 9196, restarting...
Stagnation detected at generation 9200, restarting...
Stagnation detected at generation 9204, restarting...
Stagnation detected at generation 9208, restarting...
Stagnation detected at generation 9212, restarting...
Stagnation detected at generation 9216, restarting...
Stagnation detected at generation 9220, restarting...
Stagnation detected at generation 9224, restarting...
Stagnation detected at generation 9228, restarting...
Stagnation detected at generation 9232, restarting...
Stagnation detected at generation 9236, restarting...
Stagnation detected at generation 9240, restarting...
Stagnation detected at generation 9244, restarting...
Stagnation detected at generation 9248, restarting...
Stagnation detected at generation 9252, restarting...
Stagnation detected at generation 9256, restarting...
Stagnation detected at generation 9260, restarting...
Stagnation detected at generation 9264, restarting...
Stagnation detected at generation 9268, restarting...
Stagnation detected at generation 9272, restarting...
Stagnation detected at generation 9276, restarting...
Stagnation detected at generation 9280, restarting...
Stagnation detected at generation 9284, restarting...
Stagnation detected at generation 9288, restarting...
Stagnation detected at generation 9292, restarting...
Stagnation detected at generation 9296, restarting...
Stagnation detected at generation 9300, restarting...
Stagnation detected at generation 9304, restarting...
Stagnation detected at generation 9308, restarting...
Stagnation detected at generation 9312, restarting...
Stagnation detected at generation 9316, restarting...
Stagnation detected at generation 9320, restarting...
Stagnation detected at generation 9324, restarting...
Stagnation detected at generation 9328, restarting...
Stagnation detected at generation 9332, restarting...
Stagnation detected at generation 9336, restarting...
Stagnation detected at generation 9340, restarting...
Stagnation detected at generation 9344, restarting...
Stagnation detected at generation 9348, restarting...
Stagnation detected at generation 9352, restarting...
Stagnation detected at generation 9356, restarting...
Stagnation detected at generation 9360, restarting...
Stagnation detected at generation 9364, restarting...
Stagnation detected at generation 9368, restarting...
Stagnation detected at generation 9372, restarting...
Stagnation detected at generation 9376, restarting...
Stagnation detected at generation 9380, restarting...
Stagnation detected at generation 9384, restarting...
Stagnation detected at generation 9388, restarting...
Stagnation detected at generation 9392, restarting...
Stagnation detected at generation 9396, restarting...
Stagnation detected at generation 9400, restarting...
Stagnation detected at generation 9404, restarting...
Stagnation detected at generation 9408, restarting...
Stagnation detected at generation 9412, restarting...
Stagnation detected at generation 9416, restarting...
Stagnation detected at generation 9420, restarting...
Stagnation detected at generation 9424, restarting...
Stagnation detected at generation 9428, restarting...
Stagnation detected at generation 9432, restarting...
Stagnation detected at generation 9436, restarting...
Stagnation detected at generation 9440, restarting...
Stagnation detected at generation 9444, restarting...
Stagnation detected at generation 9448, restarting...
Stagnation detected at generation 9452, restarting...
Stagnation detected at generation 9456, restarting...
Stagnation detected at generation 9460, restarting...
Stagnation detected at generation 9464, restarting...
Stagnation detected at generation 9468, restarting...
Stagnation detected at generation 9472, restarting...
Stagnation detected at generation 9476, restarting...
Stagnation detected at generation 9480, restarting...
Stagnation detected at generation 9484, restarting...
Stagnation detected at generation 9488, restarting...
Stagnation detected at generation 9492, restarting...
Stagnation detected at generation 9496, restarting...
Stagnation detected at generation 9500, restarting...
Stagnation detected at generation 9504, restarting...
Stagnation detected at generation 9508, restarting...
Stagnation detected at generation 9512, restarting...
Stagnation detected at generation 9516, restarting...
Stagnation detected at generation 9520, restarting...
Stagnation detected at generation 9524, restarting...
Stagnation detected at generation 9528, restarting...
Stagnation detected at generation 9532, restarting...
Stagnation detected at generation 9536, restarting...
Stagnation detected at generation 9540, restarting...
Stagnation detected at generation 9544, restarting...
Stagnation detected at generation 9548, restarting...
Stagnation detected at generation 9552, restarting...
Stagnation detected at generation 9556, restarting...
Stagnation detected at generation 9560, restarting...
Stagnation detected at generation 9564, restarting...
Stagnation detected at generation 9568, restarting...
Stagnation detected at generation 9572, restarting...
Stagnation detected at generation 9576, restarting...
Stagnation detected at generation 9580, restarting...
Stagnation detected at generation 9584, restarting...
Stagnation detected at generation 9588, restarting...
Stagnation detected at generation 9592, restarting...
Stagnation detected at generation 9596, restarting...
Stagnation detected at generation 9600, restarting...
Stagnation detected at generation 9604, restarting...
Stagnation detected at generation 9608, restarting...
Stagnation detected at generation 9612, restarting...
Stagnation detected at generation 9616, restarting...
Stagnation detected at generation 9620, restarting...
Stagnation detected at generation 9624, restarting...
Stagnation detected at generation 9628, restarting...
Stagnation detected at generation 9632, restarting...
Stagnation detected at generation 9636, restarting...
Stagnation detected at generation 9640, restarting...
Stagnation detected at generation 9644, restarting...
Stagnation detected at generation 9648, restarting...
Stagnation detected at generation 9652, restarting...
Stagnation detected at generation 9656, restarting...
Stagnation detected at generation 9660, restarting...
Stagnation detected at generation 9664, restarting...
Stagnation detected at generation 9668, restarting...
Stagnation detected at generation 9672, restarting...
Stagnation detected at generation 9676, restarting...
Stagnation detected at generation 9680, restarting...
Stagnation detected at generation 9684, restarting...
Stagnation detected at generation 9688, restarting...
Stagnation detected at generation 9692, restarting...
Stagnation detected at generation 9696, restarting...
Stagnation detected at generation 9700, restarting...
Stagnation detected at generation 9704, restarting...
Stagnation detected at generation 9708, restarting...
Stagnation detected at generation 9712, restarting...
Stagnation detected at generation 9716, restarting...
Stagnation detected at generation 9720, restarting...
Stagnation detected at generation 9724, restarting...
Stagnation detected at generation 9728, restarting...
Stagnation detected at generation 9732, restarting...
Stagnation detected at generation 9736, restarting...
Stagnation detected at generation 9740, restarting...
Stagnation detected at generation 9744, restarting...
Stagnation detected at generation 9748, restarting...
Stagnation detected at generation 9752, restarting...
Stagnation detected at generation 9756, restarting...
Stagnation detected at generation 9760, restarting...
Stagnation detected at generation 9764, restarting...
Stagnation detected at generation 9768, restarting...
Stagnation detected at generation 9772, restarting...
Stagnation detected at generation 9776, restarting...
Stagnation detected at generation 9780, restarting...
Stagnation detected at generation 9784, restarting...
Stagnation detected at generation 9788, restarting...
Stagnation detected at generation 9792, restarting...
Stagnation detected at generation 9796, restarting...
Stagnation detected at generation 9800, restarting...
Stagnation detected at generation 9804, restarting...
Stagnation detected at generation 9808, restarting...
Stagnation detected at generation 9812, restarting...
Stagnation detected at generation 9816, restarting...
Stagnation detected at generation 9820, restarting...
Stagnation detected at generation 9824, restarting...
Stagnation detected at generation 9828, restarting...
Stagnation detected at generation 9832, restarting...
Stagnation detected at generation 9836, restarting...
Stagnation detected at generation 9840, restarting...
Stagnation detected at generation 9844, restarting...
Stagnation detected at generation 9848, restarting...
Stagnation detected at generation 9852, restarting...
Stagnation detected at generation 9856, restarting...
Stagnation detected at generation 9860, restarting...
Stagnation detected at generation 9864, restarting...
Stagnation detected at generation 9868, restarting...
Stagnation detected at generation 9872, restarting...
Stagnation detected at generation 9876, restarting...
Stagnation detected at generation 9880, restarting...
Stagnation detected at generation 9884, restarting...
Stagnation detected at generation 9888, restarting...
Stagnation detected at generation 9892, restarting...
Stagnation detected at generation 9896, restarting...
Stagnation detected at generation 9900, restarting...
Stagnation detected at generation 9904, restarting...
Stagnation detected at generation 9908, restarting...
Stagnation detected at generation 9912, restarting...
Stagnation detected at generation 9916, restarting...
Stagnation detected at generation 9920, restarting...
Stagnation detected at generation 9924, restarting...
Stagnation detected at generation 9928, restarting...
Stagnation detected at generation 9932, restarting...
Stagnation detected at generation 9936, restarting...
Stagnation detected at generation 9940, restarting...
Stagnation detected at generation 9944, restarting...
Stagnation detected at generation 9948, restarting...
Stagnation detected at generation 9952, restarting...
Stagnation detected at generation 9956, restarting...
Stagnation detected at generation 9960, restarting...
Stagnation detected at generation 9964, restarting...
Stagnation detected at generation 9968, restarting...
Stagnation detected at generation 9972, restarting...
Stagnation detected at generation 9976, restarting...
Stagnation detected at generation 9980, restarting...
Stagnation detected at generation 9984, restarting...
Stagnation detected at generation 9988, restarting...
Stagnation detected at generation 9992, restarting...
Stagnation detected at generation 9996, restarting...
Stagnation detected at generation 10000, restarting...
Stagnation detected at generation 10004, restarting...
Stagnation detected at generation 10008, restarting...
Stagnation detected at generation 10012, restarting...
Stagnation detected at generation 10016, restarting...
Stagnation detected at generation 10020, restarting...
Stagnation detected at generation 10024, restarting...
Stagnation detected at generation 10028, restarting...
Stagnation detected at generation 10032, restarting...
Stagnation detected at generation 10036, restarting...
Stagnation detected at generation 10040, restarting...
Stagnation detected at generation 10044, restarting...
Stagnation detected at generation 10048, restarting...
Stagnation detected at generation 10052, restarting...
Stagnation detected at generation 10056, restarting...
Stagnation detected at generation 10060, restarting...
Stagnation detected at generation 10064, restarting...
Stagnation detected at generation 10068, restarting...
Stagnation detected at generation 10072, restarting...
Stagnation detected at generation 10076, restarting...
Stagnation detected at generation 10080, restarting...
Stagnation detected at generation 10084, restarting...
Stagnation detected at generation 10088, restarting...
Stagnation detected at generation 10092, restarting...
Stagnation detected at generation 10096, restarting...
Stagnation detected at generation 10100, restarting...
Stagnation detected at generation 10104, restarting...
Stagnation detected at generation 10108, restarting...
Stagnation detected at generation 10112, restarting...
Stagnation detected at generation 10116, restarting...
Stagnation detected at generation 10120, restarting...
Stagnation detected at generation 10124, restarting...
Stagnation detected at generation 10128, restarting...
Stagnation detected at generation 10132, restarting...
Stagnation detected at generation 10136, restarting...
Stagnation detected at generation 10140, restarting...
Stagnation detected at generation 10144, restarting...
Stagnation detected at generation 10148, restarting...
Stagnation detected at generation 10152, restarting...
Stagnation detected at generation 10156, restarting...
Stagnation detected at generation 10160, restarting...
Stagnation detected at generation 10164, restarting...
Stagnation detected at generation 10168, restarting...
Stagnation detected at generation 10172, restarting...
Stagnation detected at generation 10176, restarting...
Stagnation detected at generation 10180, restarting...
Stagnation detected at generation 10184, restarting...
Stagnation detected at generation 10188, restarting...
Stagnation detected at generation 10192, restarting...
Stagnation detected at generation 10196, restarting...
Stagnation detected at generation 10200, restarting...
Stagnation detected at generation 10204, restarting...
Stagnation detected at generation 10208, restarting...
Stagnation detected at generation 10212, restarting...
Stagnation detected at generation 10216, restarting...
Stagnation detected at generation 10220, restarting...
Stagnation detected at generation 10224, restarting...
Stagnation detected at generation 10228, restarting...
Stagnation detected at generation 10232, restarting...
Stagnation detected at generation 10236, restarting...
Stagnation detected at generation 10240, restarting...
Stagnation detected at generation 10244, restarting...
Stagnation detected at generation 10248, restarting...
Stagnation detected at generation 10252, restarting...
Stagnation detected at generation 10256, restarting...
Stagnation detected at generation 10260, restarting...
Stagnation detected at generation 10264, restarting...
Stagnation detected at generation 10268, restarting...
Stagnation detected at generation 10272, restarting...
Stagnation detected at generation 10276, restarting...
Stagnation detected at generation 10280, restarting...
Stagnation detected at generation 10284, restarting...
Stagnation detected at generation 10288, restarting...
Stagnation detected at generation 10292, restarting...
Stagnation detected at generation 10296, restarting...
Stagnation detected at generation 10300, restarting...
Stagnation detected at generation 10304, restarting...
Stagnation detected at generation 10308, restarting...
Stagnation detected at generation 10312, restarting...
Stagnation detected at generation 10316, restarting...
Stagnation detected at generation 10320, restarting...
Stagnation detected at generation 10324, restarting...
Stagnation detected at generation 10328, restarting...
Stagnation detected at generation 10332, restarting...
Stagnation detected at generation 10336, restarting...
Stagnation detected at generation 10340, restarting...
Stagnation detected at generation 10344, restarting...
Stagnation detected at generation 10348, restarting...
Stagnation detected at generation 10352, restarting...
Stagnation detected at generation 10356, restarting...
Stagnation detected at generation 10360, restarting...
Stagnation detected at generation 10364, restarting...
Stagnation detected at generation 10368, restarting...
Stagnation detected at generation 10372, restarting...
Stagnation detected at generation 10376, restarting...
Stagnation detected at generation 10380, restarting...
Stagnation detected at generation 10384, restarting...
Stagnation detected at generation 10388, restarting...
Stagnation detected at generation 10392, restarting...
Stagnation detected at generation 10396, restarting...
Stagnation detected at generation 10400, restarting...
Stagnation detected at generation 10404, restarting...
Stagnation detected at generation 10408, restarting...
Stagnation detected at generation 10412, restarting...
Stagnation detected at generation 10416, restarting...
Stagnation detected at generation 10420, restarting...
Stagnation detected at generation 10424, restarting...
Stagnation detected at generation 10428, restarting...
Stagnation detected at generation 10432, restarting...
Stagnation detected at generation 10436, restarting...
Stagnation detected at generation 10440, restarting...
Stagnation detected at generation 10444, restarting...
Stagnation detected at generation 10448, restarting...
Stagnation detected at generation 10452, restarting...
Stagnation detected at generation 10456, restarting...
Stagnation detected at generation 10460, restarting...
Stagnation detected at generation 10464, restarting...
Stagnation detected at generation 10468, restarting...
Stagnation detected at generation 10472, restarting...
Stagnation detected at generation 10476, restarting...
Stagnation detected at generation 10480, restarting...
Stagnation detected at generation 10484, restarting...
Stagnation detected at generation 10488, restarting...
Stagnation detected at generation 10492, restarting...
Stagnation detected at generation 10496, restarting...
Stagnation detected at generation 10500, restarting...
Stagnation detected at generation 10504, restarting...
Stagnation detected at generation 10508, restarting...
Stagnation detected at generation 10512, restarting...
Stagnation detected at generation 10516, restarting...
Stagnation detected at generation 10520, restarting...
Stagnation detected at generation 10524, restarting...
Stagnation detected at generation 10528, restarting...
Stagnation detected at generation 10532, restarting...
Stagnation detected at generation 10536, restarting...
Stagnation detected at generation 10540, restarting...
Stagnation detected at generation 10544, restarting...
Stagnation detected at generation 10548, restarting...
Stagnation detected at generation 10552, restarting...
Stagnation detected at generation 10556, restarting...
Stagnation detected at generation 10560, restarting...
Stagnation detected at generation 10564, restarting...
Stagnation detected at generation 10568, restarting...
Stagnation detected at generation 10572, restarting...
Stagnation detected at generation 10576, restarting...
Stagnation detected at generation 10580, restarting...
Stagnation detected at generation 10584, restarting...
Stagnation detected at generation 10588, restarting...
Stagnation detected at generation 10592, restarting...
Stagnation detected at generation 10596, restarting...
Stagnation detected at generation 10600, restarting...
Stagnation detected at generation 10604, restarting...
Stagnation detected at generation 10608, restarting...
Stagnation detected at generation 10612, restarting...
Stagnation detected at generation 10616, restarting...
Stagnation detected at generation 10620, restarting...
Stagnation detected at generation 10624, restarting...
Stagnation detected at generation 10628, restarting...
Stagnation detected at generation 10632, restarting...
Stagnation detected at generation 10636, restarting...
Stagnation detected at generation 10640, restarting...
Stagnation detected at generation 10644, restarting...
Stagnation detected at generation 10648, restarting...
Stagnation detected at generation 10652, restarting...
Stagnation detected at generation 10656, restarting...
Stagnation detected at generation 10660, restarting...
Stagnation detected at generation 10664, restarting...
Stagnation detected at generation 10668, restarting...
Stagnation detected at generation 10672, restarting...
Stagnation detected at generation 10676, restarting...
Stagnation detected at generation 10680, restarting...
Stagnation detected at generation 10684, restarting...
Stagnation detected at generation 10688, restarting...
Stagnation detected at generation 10692, restarting...
Stagnation detected at generation 10696, restarting...
Stagnation detected at generation 10700, restarting...
Stagnation detected at generation 10704, restarting...
Stagnation detected at generation 10708, restarting...
Stagnation detected at generation 10712, restarting...
Stagnation detected at generation 10716, restarting...
Stagnation detected at generation 10720, restarting...
Stagnation detected at generation 10724, restarting...
Stagnation detected at generation 10728, restarting...
Stagnation detected at generation 10732, restarting...
Stagnation detected at generation 10736, restarting...
Stagnation detected at generation 10740, restarting...
Stagnation detected at generation 10744, restarting...
Stagnation detected at generation 10748, restarting...
Stagnation detected at generation 10752, restarting...
Stagnation detected at generation 10756, restarting...
Stagnation detected at generation 10760, restarting...
Stagnation detected at generation 10764, restarting...
Stagnation detected at generation 10768, restarting...
Stagnation detected at generation 10772, restarting...
Stagnation detected at generation 10776, restarting...
Stagnation detected at generation 10780, restarting...
Stagnation detected at generation 10784, restarting...
Stagnation detected at generation 10788, restarting...
Stagnation detected at generation 10792, restarting...
Stagnation detected at generation 10796, restarting...
Stagnation detected at generation 10800, restarting...
Stagnation detected at generation 10804, restarting...
Stagnation detected at generation 10808, restarting...
Stagnation detected at generation 10812, restarting...
Stagnation detected at generation 10816, restarting...
Stagnation detected at generation 10820, restarting...
Stagnation detected at generation 10824, restarting...
Stagnation detected at generation 10828, restarting...
Stagnation detected at generation 10832, restarting...
Stagnation detected at generation 10836, restarting...
Stagnation detected at generation 10840, restarting...
Stagnation detected at generation 10844, restarting...
Stagnation detected at generation 10848, restarting...
Stagnation detected at generation 10852, restarting...
Stagnation detected at generation 10856, restarting...
Stagnation detected at generation 10860, restarting...
Stagnation detected at generation 10864, restarting...
Stagnation detected at generation 10868, restarting...
Stagnation detected at generation 10872, restarting...
Stagnation detected at generation 10876, restarting...
Stagnation detected at generation 10880, restarting...
Stagnation detected at generation 10884, restarting...
Stagnation detected at generation 10888, restarting...
Stagnation detected at generation 10892, restarting...
Stagnation detected at generation 10896, restarting...
Stagnation detected at generation 10900, restarting...
Stagnation detected at generation 10904, restarting...
Stagnation detected at generation 10908, restarting...
Stagnation detected at generation 10912, restarting...
Stagnation detected at generation 10916, restarting...
Stagnation detected at generation 10920, restarting...
Stagnation detected at generation 10924, restarting...
Stagnation detected at generation 10928, restarting...
Stagnation detected at generation 10932, restarting...
Stagnation detected at generation 10936, restarting...
Stagnation detected at generation 10940, restarting...
Stagnation detected at generation 10944, restarting...
Stagnation detected at generation 10948, restarting...
Stagnation detected at generation 10952, restarting...
Stagnation detected at generation 10956, restarting...
Stagnation detected at generation 10960, restarting...
Stagnation detected at generation 10964, restarting...
Stagnation detected at generation 10968, restarting...
Stagnation detected at generation 10972, restarting...
Stagnation detected at generation 10976, restarting...
Stagnation detected at generation 10980, restarting...
Stagnation detected at generation 10984, restarting...
Stagnation detected at generation 10988, restarting...
Stagnation detected at generation 10992, restarting...
Stagnation detected at generation 10996, restarting...
Stagnation detected at generation 11000, restarting...
Stagnation detected at generation 11004, restarting...
Stagnation detected at generation 11008, restarting...
Stagnation detected at generation 11012, restarting...
Stagnation detected at generation 11016, restarting...
Stagnation detected at generation 11020, restarting...
Stagnation detected at generation 11024, restarting...
Stagnation detected at generation 11028, restarting...
Stagnation detected at generation 11032, restarting...
Stagnation detected at generation 11036, restarting...
Stagnation detected at generation 11040, restarting...
Stagnation detected at generation 11044, restarting...
Stagnation detected at generation 11048, restarting...
Stagnation detected at generation 11052, restarting...
Stagnation detected at generation 11056, restarting...
Stagnation detected at generation 11060, restarting...
Stagnation detected at generation 11064, restarting...
Stagnation detected at generation 11068, restarting...
Stagnation detected at generation 11072, restarting...
Stagnation detected at generation 11076, restarting...
Stagnation detected at generation 11080, restarting...
Stagnation detected at generation 11084, restarting...
Stagnation detected at generation 11088, restarting...
Stagnation detected at generation 11092, restarting...
Stagnation detected at generation 11096, restarting...
Stagnation detected at generation 11100, restarting...
Stagnation detected at generation 11104, restarting...
Stagnation detected at generation 11108, restarting...
Stagnation detected at generation 11112, restarting...
Stagnation detected at generation 11116, restarting...
Stagnation detected at generation 11120, restarting...
Stagnation detected at generation 11124, restarting...
Stagnation detected at generation 11128, restarting...
Stagnation detected at generation 11132, restarting...
Stagnation detected at generation 11136, restarting...
Stagnation detected at generation 11140, restarting...
Stagnation detected at generation 11144, restarting...
Stagnation detected at generation 11148, restarting...
Stagnation detected at generation 11152, restarting...
Stagnation detected at generation 11156, restarting...
Stagnation detected at generation 11160, restarting...
Stagnation detected at generation 11164, restarting...
Stagnation detected at generation 11168, restarting...
Stagnation detected at generation 11172, restarting...
Stagnation detected at generation 11176, restarting...
Stagnation detected at generation 11180, restarting...
Stagnation detected at generation 11184, restarting...
Stagnation detected at generation 11188, restarting...
Stagnation detected at generation 11192, restarting...
Stagnation detected at generation 11196, restarting...
Stagnation detected at generation 11200, restarting...
Stagnation detected at generation 11204, restarting...
Stagnation detected at generation 11208, restarting...
Stagnation detected at generation 11212, restarting...
Stagnation detected at generation 11216, restarting...
Stagnation detected at generation 11220, restarting...
Stagnation detected at generation 11224, restarting...
Stagnation detected at generation 11228, restarting...
Stagnation detected at generation 11232, restarting...
Stagnation detected at generation 11236, restarting...
Stagnation detected at generation 11240, restarting...
Stagnation detected at generation 11244, restarting...
Stagnation detected at generation 11248, restarting...
Stagnation detected at generation 11252, restarting...
Stagnation detected at generation 11256, restarting...
Stagnation detected at generation 11260, restarting...
Stagnation detected at generation 11264, restarting...
Stagnation detected at generation 11268, restarting...
Stagnation detected at generation 11272, restarting...
Stagnation detected at generation 11276, restarting...
Stagnation detected at generation 11280, restarting...
Stagnation detected at generation 11284, restarting...
Stagnation detected at generation 11288, restarting...
Stagnation detected at generation 11292, restarting...
Stagnation detected at generation 11296, restarting...
Stagnation detected at generation 11300, restarting...
Stagnation detected at generation 11304, restarting...
Stagnation detected at generation 11308, restarting...
Stagnation detected at generation 11312, restarting...
Stagnation detected at generation 11316, restarting...
Stagnation detected at generation 11320, restarting...
Stagnation detected at generation 11324, restarting...
Stagnation detected at generation 11328, restarting...
Stagnation detected at generation 11332, restarting...
Stagnation detected at generation 11336, restarting...
Stagnation detected at generation 11340, restarting...
Stagnation detected at generation 11344, restarting...
Stagnation detected at generation 11348, restarting...
Stagnation detected at generation 11352, restarting...
Stagnation detected at generation 11356, restarting...
Stagnation detected at generation 11360, restarting...
Stagnation detected at generation 11364, restarting...
Stagnation detected at generation 11368, restarting...
Stagnation detected at generation 11372, restarting...
Stagnation detected at generation 11376, restarting...
Stagnation detected at generation 11380, restarting...
Stagnation detected at generation 11384, restarting...
Stagnation detected at generation 11388, restarting...
Stagnation detected at generation 11392, restarting...
Stagnation detected at generation 11396, restarting...
Stagnation detected at generation 11400, restarting...
Stagnation detected at generation 11404, restarting...
Stagnation detected at generation 11408, restarting...
Stagnation detected at generation 11412, restarting...
Stagnation detected at generation 11416, restarting...
Stagnation detected at generation 11420, restarting...
Stagnation detected at generation 11424, restarting...
Stagnation detected at generation 11428, restarting...
Stagnation detected at generation 11432, restarting...
Stagnation detected at generation 11436, restarting...
Stagnation detected at generation 11440, restarting...
Stagnation detected at generation 11444, restarting...
Stagnation detected at generation 11448, restarting...
Stagnation detected at generation 11452, restarting...
Stagnation detected at generation 11456, restarting...
Stagnation detected at generation 11460, restarting...
Stagnation detected at generation 11464, restarting...
Stagnation detected at generation 11468, restarting...
Stagnation detected at generation 11472, restarting...
Stagnation detected at generation 11476, restarting...
Stagnation detected at generation 11480, restarting...
Stagnation detected at generation 11484, restarting...
Stagnation detected at generation 11488, restarting...
Stagnation detected at generation 11492, restarting...
Stagnation detected at generation 11496, restarting...
Stagnation detected at generation 11500, restarting...
Stagnation detected at generation 11504, restarting...
Stagnation detected at generation 11508, restarting...
Stagnation detected at generation 11512, restarting...
Stagnation detected at generation 11516, restarting...
Stagnation detected at generation 11520, restarting...
Stagnation detected at generation 11524, restarting...
Stagnation detected at generation 11528, restarting...
Stagnation detected at generation 11532, restarting...
Stagnation detected at generation 11536, restarting...
Stagnation detected at generation 11540, restarting...
Stagnation detected at generation 11544, restarting...
Stagnation detected at generation 11548, restarting...
Stagnation detected at generation 11552, restarting...
Stagnation detected at generation 11556, restarting...
Stagnation detected at generation 11560, restarting...
Stagnation detected at generation 11564, restarting...
Stagnation detected at generation 11568, restarting...
Stagnation detected at generation 11572, restarting...
Stagnation detected at generation 11576, restarting...
Stagnation detected at generation 11580, restarting...
Stagnation detected at generation 11584, restarting...
Stagnation detected at generation 11588, restarting...
Stagnation detected at generation 11592, restarting...
Stagnation detected at generation 11596, restarting...
Stagnation detected at generation 11600, restarting...
Stagnation detected at generation 11604, restarting...
Stagnation detected at generation 11608, restarting...
Stagnation detected at generation 11612, restarting...
Stagnation detected at generation 11616, restarting...
Stagnation detected at generation 11620, restarting...
Stagnation detected at generation 11624, restarting...
Stagnation detected at generation 11628, restarting...
Stagnation detected at generation 11632, restarting...
Stagnation detected at generation 11636, restarting...
Stagnation detected at generation 11640, restarting...
Stagnation detected at generation 11644, restarting...
Stagnation detected at generation 11648, restarting...
Stagnation detected at generation 11652, restarting...
Stagnation detected at generation 11656, restarting...
Stagnation detected at generation 11660, restarting...
Stagnation detected at generation 11664, restarting...
Stagnation detected at generation 11668, restarting...
Stagnation detected at generation 11672, restarting...
Stagnation detected at generation 11676, restarting...
Stagnation detected at generation 11680, restarting...
Stagnation detected at generation 11684, restarting...
Stagnation detected at generation 11688, restarting...
Stagnation detected at generation 11692, restarting...
Stagnation detected at generation 11696, restarting...
Stagnation detected at generation 11700, restarting...
Stagnation detected at generation 11704, restarting...
Stagnation detected at generation 11708, restarting...
Stagnation detected at generation 11712, restarting...
Stagnation detected at generation 11716, restarting...
Stagnation detected at generation 11720, restarting...
Stagnation detected at generation 11724, restarting...
Stagnation detected at generation 11728, restarting...
Stagnation detected at generation 11732, restarting...
Stagnation detected at generation 11736, restarting...
Stagnation detected at generation 11740, restarting...
Stagnation detected at generation 11744, restarting...
Stagnation detected at generation 11748, restarting...
Stagnation detected at generation 11752, restarting...
Stagnation detected at generation 11756, restarting...
Stagnation detected at generation 11760, restarting...
Stagnation detected at generation 11764, restarting...
Stagnation detected at generation 11768, restarting...
Stagnation detected at generation 11772, restarting...
Stagnation detected at generation 11776, restarting...
Stagnation detected at generation 11780, restarting...
Stagnation detected at generation 11784, restarting...
Stagnation detected at generation 11788, restarting...
Stagnation detected at generation 11792, restarting...
Stagnation detected at generation 11796, restarting...
Stagnation detected at generation 11800, restarting...
Stagnation detected at generation 11804, restarting...
Stagnation detected at generation 11808, restarting...
Stagnation detected at generation 11812, restarting...
Stagnation detected at generation 11816, restarting...
Stagnation detected at generation 11820, restarting...
Stagnation detected at generation 11824, restarting...
Stagnation detected at generation 11828, restarting...
Stagnation detected at generation 11832, restarting...
Stagnation detected at generation 11836, restarting...
Stagnation detected at generation 11840, restarting...
Stagnation detected at generation 11844, restarting...
Stagnation detected at generation 11848, restarting...
Stagnation detected at generation 11852, restarting...
Stagnation detected at generation 11856, restarting...
Stagnation detected at generation 11860, restarting...
Stagnation detected at generation 11864, restarting...
Stagnation detected at generation 11868, restarting...
Stagnation detected at generation 11872, restarting...
Stagnation detected at generation 11876, restarting...
Stagnation detected at generation 11880, restarting...
Stagnation detected at generation 11884, restarting...
Stagnation detected at generation 11888, restarting...
Stagnation detected at generation 11892, restarting...
Stagnation detected at generation 11896, restarting...
Stagnation detected at generation 11900, restarting...
Stagnation detected at generation 11904, restarting...
Stagnation detected at generation 11908, restarting...
Stagnation detected at generation 11912, restarting...
Stagnation detected at generation 11916, restarting...
Stagnation detected at generation 11920, restarting...
Stagnation detected at generation 11924, restarting...
Stagnation detected at generation 11928, restarting...
Stagnation detected at generation 11932, restarting...
Stagnation detected at generation 11936, restarting...
Stagnation detected at generation 11940, restarting...
Stagnation detected at generation 11944, restarting...
Stagnation detected at generation 11948, restarting...
Stagnation detected at generation 11952, restarting...
Stagnation detected at generation 11956, restarting...
Stagnation detected at generation 11960, restarting...
Stagnation detected at generation 11964, restarting...
Stagnation detected at generation 11968, restarting...
Stagnation detected at generation 11972, restarting...
Stagnation detected at generation 11976, restarting...
Stagnation detected at generation 11980, restarting...
Stagnation detected at generation 11984, restarting...
Stagnation detected at generation 11988, restarting...
Stagnation detected at generation 11992, restarting...
Stagnation detected at generation 11996, restarting...
Stagnation detected at generation 12000, restarting...
Stagnation detected at generation 12004, restarting...
Stagnation detected at generation 12008, restarting...
Stagnation detected at generation 12012, restarting...
Stagnation detected at generation 12016, restarting...
Stagnation detected at generation 12020, restarting...
Stagnation detected at generation 12024, restarting...
Stagnation detected at generation 12028, restarting...
Stagnation detected at generation 12032, restarting...
Stagnation detected at generation 12036, restarting...
Stagnation detected at generation 12040, restarting...
Stagnation detected at generation 12044, restarting...
Stagnation detected at generation 12048, restarting...
Stagnation detected at generation 12052, restarting...
Stagnation detected at generation 12056, restarting...
Stagnation detected at generation 12060, restarting...
Stagnation detected at generation 12064, restarting...
Stagnation detected at generation 12068, restarting...
Stagnation detected at generation 12072, restarting...
Stagnation detected at generation 12076, restarting...
Stagnation detected at generation 12080, restarting...
Stagnation detected at generation 12084, restarting...
Stagnation detected at generation 12088, restarting...
Stagnation detected at generation 12092, restarting...
Stagnation detected at generation 12096, restarting...
Stagnation detected at generation 12100, restarting...
Stagnation detected at generation 12104, restarting...
Stagnation detected at generation 12108, restarting...
Stagnation detected at generation 12112, restarting...
Stagnation detected at generation 12116, restarting...
Stagnation detected at generation 12120, restarting...
Stagnation detected at generation 12124, restarting...
Stagnation detected at generation 12128, restarting...
Stagnation detected at generation 12132, restarting...
Stagnation detected at generation 12136, restarting...
Stagnation detected at generation 12140, restarting...
Stagnation detected at generation 12144, restarting...
Stagnation detected at generation 12148, restarting...
Stagnation detected at generation 12152, restarting...
Stagnation detected at generation 12156, restarting...
Stagnation detected at generation 12160, restarting...
Stagnation detected at generation 12164, restarting...
Stagnation detected at generation 12168, restarting...
Stagnation detected at generation 12172, restarting...
Stagnation detected at generation 12176, restarting...
Stagnation detected at generation 12180, restarting...
Stagnation detected at generation 12184, restarting...
Stagnation detected at generation 12188, restarting...
Stagnation detected at generation 12192, restarting...
Stagnation detected at generation 12196, restarting...
Stagnation detected at generation 12200, restarting...
Stagnation detected at generation 12204, restarting...
Stagnation detected at generation 12208, restarting...
Stagnation detected at generation 12212, restarting...
Stagnation detected at generation 12216, restarting...
Stagnation detected at generation 12220, restarting...
Stagnation detected at generation 12224, restarting...
Stagnation detected at generation 12228, restarting...
Stagnation detected at generation 12232, restarting...
Stagnation detected at generation 12236, restarting...
Stagnation detected at generation 12240, restarting...
Stagnation detected at generation 12244, restarting...
Stagnation detected at generation 12248, restarting...
Stagnation detected at generation 12252, restarting...
Stagnation detected at generation 12256, restarting...
Stagnation detected at generation 12260, restarting...
Stagnation detected at generation 12264, restarting...
Stagnation detected at generation 12268, restarting...
Stagnation detected at generation 12272, restarting...
Stagnation detected at generation 12276, restarting...
Stagnation detected at generation 12280, restarting...
Stagnation detected at generation 12284, restarting...
Stagnation detected at generation 12288, restarting...
Stagnation detected at generation 12292, restarting...
Stagnation detected at generation 12296, restarting...
Stagnation detected at generation 12300, restarting...
Stagnation detected at generation 12304, restarting...
Stagnation detected at generation 12308, restarting...
Stagnation detected at generation 12312, restarting...
Stagnation detected at generation 12316, restarting...
Stagnation detected at generation 12320, restarting...
Stagnation detected at generation 12324, restarting...
Stagnation detected at generation 12328, restarting...
Stagnation detected at generation 12332, restarting...
Stagnation detected at generation 12336, restarting...
Stagnation detected at generation 12340, restarting...
Stagnation detected at generation 12344, restarting...
Stagnation detected at generation 12348, restarting...
Stagnation detected at generation 12352, restarting...
Stagnation detected at generation 12356, restarting...
Stagnation detected at generation 12360, restarting...
Stagnation detected at generation 12364, restarting...
Stagnation detected at generation 12368, restarting...
Stagnation detected at generation 12372, restarting...
Stagnation detected at generation 12376, restarting...
Stagnation detected at generation 12380, restarting...
Stagnation detected at generation 12384, restarting...
Stagnation detected at generation 12388, restarting...
Stagnation detected at generation 12392, restarting...
Stagnation detected at generation 12396, restarting...
Stagnation detected at generation 12400, restarting...
Stagnation detected at generation 12404, restarting...
Stagnation detected at generation 12408, restarting...
Stagnation detected at generation 12412, restarting...
Stagnation detected at generation 12416, restarting...
Stagnation detected at generation 12420, restarting...
Stagnation detected at generation 12424, restarting...
Stagnation detected at generation 12428, restarting...
Stagnation detected at generation 12432, restarting...
Stagnation detected at generation 12436, restarting...
Stagnation detected at generation 12440, restarting...
Stagnation detected at generation 12444, restarting...
Stagnation detected at generation 12448, restarting...
Stagnation detected at generation 12452, restarting...
Stagnation detected at generation 12456, restarting...
Stagnation detected at generation 12460, restarting...
Stagnation detected at generation 12464, restarting...
Stagnation detected at generation 12468, restarting...
Stagnation detected at generation 12472, restarting...
Stagnation detected at generation 12476, restarting...
Stagnation detected at generation 12480, restarting...
Stagnation detected at generation 12484, restarting...
Stagnation detected at generation 12488, restarting...
Stagnation detected at generation 12492, restarting...
Stagnation detected at generation 12496, restarting...
Stagnation detected at generation 12500, restarting...
Stagnation detected at generation 12504, restarting...
Stagnation detected at generation 12508, restarting...
Stagnation detected at generation 12512, restarting...
Stagnation detected at generation 12516, restarting...
Stagnation detected at generation 12520, restarting...
Stagnation detected at generation 12524, restarting...
Stagnation detected at generation 12528, restarting...
Stagnation detected at generation 12532, restarting...
Stagnation detected at generation 12536, restarting...
Stagnation detected at generation 12540, restarting...
Stagnation detected at generation 12544, restarting...
Stagnation detected at generation 12548, restarting...
Stagnation detected at generation 12552, restarting...
Stagnation detected at generation 12556, restarting...
Stagnation detected at generation 12560, restarting...
Stagnation detected at generation 12564, restarting...
Stagnation detected at generation 12568, restarting...
Stagnation detected at generation 12572, restarting...
Stagnation detected at generation 12576, restarting...
Stagnation detected at generation 12580, restarting...
Stagnation detected at generation 12584, restarting...
Stagnation detected at generation 12588, restarting...
Stagnation detected at generation 12592, restarting...
Stagnation detected at generation 12596, restarting...
Stagnation detected at generation 12600, restarting...
Stagnation detected at generation 12604, restarting...
Stagnation detected at generation 12608, restarting...
Stagnation detected at generation 12612, restarting...
Stagnation detected at generation 12616, restarting...
Stagnation detected at generation 12620, restarting...
Stagnation detected at generation 12624, restarting...
Stagnation detected at generation 12628, restarting...
Stagnation detected at generation 12632, restarting...
Stagnation detected at generation 12636, restarting...
Stagnation detected at generation 12640, restarting...
Stagnation detected at generation 12644, restarting...
Stagnation detected at generation 12648, restarting...
Stagnation detected at generation 12652, restarting...
Stagnation detected at generation 12656, restarting...
Stagnation detected at generation 12660, restarting...
Stagnation detected at generation 12664, restarting...
Stagnation detected at generation 12668, restarting...
Stagnation detected at generation 12672, restarting...
Stagnation detected at generation 12676, restarting...
Stagnation detected at generation 12680, restarting...
Stagnation detected at generation 12684, restarting...
Stagnation detected at generation 12688, restarting...
Stagnation detected at generation 12692, restarting...
Stagnation detected at generation 12696, restarting...
Stagnation detected at generation 12700, restarting...
Stagnation detected at generation 12704, restarting...
Stagnation detected at generation 12708, restarting...
Stagnation detected at generation 12712, restarting...
Stagnation detected at generation 12716, restarting...
Stagnation detected at generation 12720, restarting...
Stagnation detected at generation 12724, restarting...
Stagnation detected at generation 12728, restarting...
Stagnation detected at generation 12732, restarting...
Stagnation detected at generation 12736, restarting...
Stagnation detected at generation 12740, restarting...
Stagnation detected at generation 12744, restarting...
Stagnation detected at generation 12748, restarting...
Stagnation detected at generation 12752, restarting...
Stagnation detected at generation 12756, restarting...
Stagnation detected at generation 12760, restarting...
Stagnation detected at generation 12764, restarting...
Stagnation detected at generation 12768, restarting...
Stagnation detected at generation 12772, restarting...
Stagnation detected at generation 12776, restarting...
Stagnation detected at generation 12780, restarting...
Stagnation detected at generation 12784, restarting...
Stagnation detected at generation 12788, restarting...
Stagnation detected at generation 12792, restarting...
Stagnation detected at generation 12796, restarting...
Stagnation detected at generation 12800, restarting...
Stagnation detected at generation 12804, restarting...
Stagnation detected at generation 12808, restarting...
Stagnation detected at generation 12812, restarting...
Stagnation detected at generation 12816, restarting...
Stagnation detected at generation 12820, restarting...
Stagnation detected at generation 12824, restarting...
Stagnation detected at generation 12828, restarting...
Stagnation detected at generation 12832, restarting...
Stagnation detected at generation 12836, restarting...
Stagnation detected at generation 12840, restarting...
Stagnation detected at generation 12844, restarting...
Stagnation detected at generation 12848, restarting...
Stagnation detected at generation 12852, restarting...
Stagnation detected at generation 12856, restarting...
Stagnation detected at generation 12860, restarting...
Stagnation detected at generation 12864, restarting...
Stagnation detected at generation 12868, restarting...
Stagnation detected at generation 12872, restarting...
Stagnation detected at generation 12876, restarting...
Stagnation detected at generation 12880, restarting...
Stagnation detected at generation 12884, restarting...
Stagnation detected at generation 12888, restarting...
Stagnation detected at generation 12892, restarting...
Stagnation detected at generation 12896, restarting...
Stagnation detected at generation 12900, restarting...
Stagnation detected at generation 12904, restarting...
Stagnation detected at generation 12908, restarting...
Stagnation detected at generation 12912, restarting...
Stagnation detected at generation 12916, restarting...
Stagnation detected at generation 12920, restarting...
Stagnation detected at generation 12924, restarting...
Stagnation detected at generation 12928, restarting...
Stagnation detected at generation 12932, restarting...
Stagnation detected at generation 12936, restarting...
Stagnation detected at generation 12940, restarting...
Stagnation detected at generation 12944, restarting...
Stagnation detected at generation 12948, restarting...
Stagnation detected at generation 12952, restarting...
Stagnation detected at generation 12956, restarting...
Stagnation detected at generation 12960, restarting...
Stagnation detected at generation 12964, restarting...
Stagnation detected at generation 12968, restarting...
Stagnation detected at generation 12972, restarting...
Stagnation detected at generation 12976, restarting...
Stagnation detected at generation 12980, restarting...
Stagnation detected at generation 12984, restarting...
Stagnation detected at generation 12988, restarting...
Stagnation detected at generation 12992, restarting...
Stagnation detected at generation 12996, restarting...
Stagnation detected at generation 13000, restarting...
Stagnation detected at generation 13004, restarting...
Stagnation detected at generation 13008, restarting...
Stagnation detected at generation 13012, restarting...
Stagnation detected at generation 13016, restarting...
Stagnation detected at generation 13020, restarting...
Stagnation detected at generation 13024, restarting...
Stagnation detected at generation 13028, restarting...
Stagnation detected at generation 13032, restarting...
Stagnation detected at generation 13036, restarting...
Stagnation detected at generation 13040, restarting...
Stagnation detected at generation 13044, restarting...
Stagnation detected at generation 13048, restarting...
Stagnation detected at generation 13052, restarting...
Stagnation detected at generation 13056, restarting...
Stagnation detected at generation 13060, restarting...
Stagnation detected at generation 13064, restarting...
Stagnation detected at generation 13068, restarting...
Stagnation detected at generation 13072, restarting...
Stagnation detected at generation 13076, restarting...
Stagnation detected at generation 13080, restarting...
Stagnation detected at generation 13084, restarting...
Stagnation detected at generation 13088, restarting...
Stagnation detected at generation 13092, restarting...
Stagnation detected at generation 13096, restarting...
Stagnation detected at generation 13100, restarting...
Stagnation detected at generation 13104, restarting...
Stagnation detected at generation 13108, restarting...
Stagnation detected at generation 13112, restarting...
Stagnation detected at generation 13116, restarting...
Stagnation detected at generation 13120, restarting...
Stagnation detected at generation 13124, restarting...
Stagnation detected at generation 13128, restarting...
Stagnation detected at generation 13132, restarting...
Stagnation detected at generation 13136, restarting...
Stagnation detected at generation 13140, restarting...
Stagnation detected at generation 13144, restarting...
Stagnation detected at generation 13148, restarting...
Stagnation detected at generation 13152, restarting...
Stagnation detected at generation 13156, restarting...
Stagnation detected at generation 13160, restarting...
Stagnation detected at generation 13164, restarting...
Stagnation detected at generation 13168, restarting...
Stagnation detected at generation 13172, restarting...
Stagnation detected at generation 13176, restarting...
Stagnation detected at generation 13180, restarting...
Stagnation detected at generation 13184, restarting...
Stagnation detected at generation 13188, restarting...
Stagnation detected at generation 13192, restarting...
Stagnation detected at generation 13196, restarting...
Stagnation detected at generation 13200, restarting...
Stagnation detected at generation 13204, restarting...
Stagnation detected at generation 13208, restarting...
Stagnation detected at generation 13212, restarting...
Stagnation detected at generation 13216, restarting...
Stagnation detected at generation 13220, restarting...
Stagnation detected at generation 13224, restarting...
Stagnation detected at generation 13228, restarting...
Stagnation detected at generation 13232, restarting...
Stagnation detected at generation 13236, restarting...
Stagnation detected at generation 13240, restarting...
Stagnation detected at generation 13244, restarting...
Stagnation detected at generation 13248, restarting...
Stagnation detected at generation 13252, restarting...
Stagnation detected at generation 13256, restarting...
Stagnation detected at generation 13260, restarting...
Stagnation detected at generation 13264, restarting...
Stagnation detected at generation 13268, restarting...
Stagnation detected at generation 13272, restarting...
Stagnation detected at generation 13276, restarting...
Stagnation detected at generation 13280, restarting...
Stagnation detected at generation 13284, restarting...
Stagnation detected at generation 13288, restarting...
Stagnation detected at generation 13292, restarting...
Stagnation detected at generation 13296, restarting...
Stagnation detected at generation 13300, restarting...
Stagnation detected at generation 13304, restarting...
Stagnation detected at generation 13308, restarting...
Stagnation detected at generation 13312, restarting...
Stagnation detected at generation 13316, restarting...
Stagnation detected at generation 13320, restarting...
Stagnation detected at generation 13324, restarting...
Stagnation detected at generation 13328, restarting...
Stagnation detected at generation 13332, restarting...
Stagnation detected at generation 13336, restarting...
Stagnation detected at generation 13340, restarting...
Stagnation detected at generation 13344, restarting...
Stagnation detected at generation 13348, restarting...
Stagnation detected at generation 13352, restarting...
Stagnation detected at generation 13356, restarting...
Stagnation detected at generation 13360, restarting...
Stagnation detected at generation 13364, restarting...
Stagnation detected at generation 13368, restarting...
Stagnation detected at generation 13372, restarting...
Stagnation detected at generation 13376, restarting...
Stagnation detected at generation 13380, restarting...
Stagnation detected at generation 13384, restarting...
Stagnation detected at generation 13388, restarting...
Stagnation detected at generation 13392, restarting...
Stagnation detected at generation 13396, restarting...
Stagnation detected at generation 13400, restarting...
Stagnation detected at generation 13404, restarting...
Stagnation detected at generation 13408, restarting...
Stagnation detected at generation 13412, restarting...
Stagnation detected at generation 13416, restarting...
Stagnation detected at generation 13420, restarting...
Stagnation detected at generation 13424, restarting...
Stagnation detected at generation 13428, restarting...
Stagnation detected at generation 13432, restarting...
Stagnation detected at generation 13436, restarting...
Stagnation detected at generation 13440, restarting...
Stagnation detected at generation 13444, restarting...
Stagnation detected at generation 13448, restarting...
Stagnation detected at generation 13452, restarting...
Stagnation detected at generation 13456, restarting...
Stagnation detected at generation 13460, restarting...
Stagnation detected at generation 13464, restarting...
Stagnation detected at generation 13468, restarting...
Stagnation detected at generation 13472, restarting...
Stagnation detected at generation 13476, restarting...
Stagnation detected at generation 13480, restarting...
Stagnation detected at generation 13484, restarting...
Stagnation detected at generation 13488, restarting...
Stagnation detected at generation 13492, restarting...
Stagnation detected at generation 13496, restarting...
Stagnation detected at generation 13500, restarting...
Stagnation detected at generation 13504, restarting...
Stagnation detected at generation 13508, restarting...
Stagnation detected at generation 13512, restarting...
Stagnation detected at generation 13516, restarting...
Stagnation detected at generation 13520, restarting...
Stagnation detected at generation 13524, restarting...
Stagnation detected at generation 13528, restarting...
Stagnation detected at generation 13532, restarting...
Stagnation detected at generation 13536, restarting...
Stagnation detected at generation 13540, restarting...
Stagnation detected at generation 13544, restarting...
Stagnation detected at generation 13548, restarting...
Stagnation detected at generation 13552, restarting...
Stagnation detected at generation 13556, restarting...
Stagnation detected at generation 13560, restarting...
Stagnation detected at generation 13564, restarting...
Stagnation detected at generation 13568, restarting...
Stagnation detected at generation 13572, restarting...
Stagnation detected at generation 13576, restarting...
Stagnation detected at generation 13580, restarting...
Stagnation detected at generation 13584, restarting...
Stagnation detected at generation 13588, restarting...
Stagnation detected at generation 13592, restarting...
Stagnation detected at generation 13596, restarting...
Stagnation detected at generation 13600, restarting...
Stagnation detected at generation 13604, restarting...
Stagnation detected at generation 13608, restarting...
Stagnation detected at generation 13612, restarting...
Stagnation detected at generation 13616, restarting...
Stagnation detected at generation 13620, restarting...
Stagnation detected at generation 13624, restarting...
Stagnation detected at generation 13628, restarting...
Stagnation detected at generation 13632, restarting...
Stagnation detected at generation 13636, restarting...
Stagnation detected at generation 13640, restarting...
Stagnation detected at generation 13644, restarting...
Stagnation detected at generation 13648, restarting...
Stagnation detected at generation 13652, restarting...
Stagnation detected at generation 13656, restarting...
Stagnation detected at generation 13660, restarting...
Stagnation detected at generation 13664, restarting...
Stagnation detected at generation 13668, restarting...
Stagnation detected at generation 13672, restarting...
Stagnation detected at generation 13676, restarting...
Stagnation detected at generation 13680, restarting...
Stagnation detected at generation 13684, restarting...
Stagnation detected at generation 13688, restarting...
Stagnation detected at generation 13692, restarting...
Stagnation detected at generation 13696, restarting...
Stagnation detected at generation 13700, restarting...
Stagnation detected at generation 13704, restarting...
Stagnation detected at generation 13708, restarting...
Stagnation detected at generation 13712, restarting...
Stagnation detected at generation 13716, restarting...
Stagnation detected at generation 13720, restarting...
Stagnation detected at generation 13724, restarting...
Stagnation detected at generation 13728, restarting...
Stagnation detected at generation 13732, restarting...
Stagnation detected at generation 13736, restarting...
Stagnation detected at generation 13740, restarting...
Stagnation detected at generation 13744, restarting...
Stagnation detected at generation 13748, restarting...
Stagnation detected at generation 13752, restarting...
Stagnation detected at generation 13756, restarting...
Stagnation detected at generation 13760, restarting...
Stagnation detected at generation 13764, restarting...
Stagnation detected at generation 13768, restarting...
Stagnation detected at generation 13772, restarting...
Stagnation detected at generation 13776, restarting...
Stagnation detected at generation 13780, restarting...
Stagnation detected at generation 13784, restarting...
Stagnation detected at generation 13788, restarting...
Stagnation detected at generation 13792, restarting...
Stagnation detected at generation 13796, restarting...
Stagnation detected at generation 13800, restarting...
Stagnation detected at generation 13804, restarting...
Stagnation detected at generation 13808, restarting...
Stagnation detected at generation 13812, restarting...
Stagnation detected at generation 13816, restarting...
Stagnation detected at generation 13820, restarting...
Stagnation detected at generation 13824, restarting...
Stagnation detected at generation 13828, restarting...
Stagnation detected at generation 13832, restarting...
Stagnation detected at generation 13836, restarting...
Stagnation detected at generation 13840, restarting...
Stagnation detected at generation 13844, restarting...
Stagnation detected at generation 13848, restarting...
Stagnation detected at generation 13852, restarting...
Stagnation detected at generation 13856, restarting...
Stagnation detected at generation 13860, restarting...
Stagnation detected at generation 13864, restarting...
Stagnation detected at generation 13868, restarting...
Stagnation detected at generation 13872, restarting...
Stagnation detected at generation 13876, restarting...
Stagnation detected at generation 13880, restarting...
Stagnation detected at generation 13884, restarting...
Stagnation detected at generation 13888, restarting...
Stagnation detected at generation 13892, restarting...
Stagnation detected at generation 13896, restarting...
Stagnation detected at generation 13900, restarting...
Stagnation detected at generation 13904, restarting...
Stagnation detected at generation 13908, restarting...
Stagnation detected at generation 13912, restarting...
Stagnation detected at generation 13916, restarting...
Stagnation detected at generation 13920, restarting...
Stagnation detected at generation 13924, restarting...
Stagnation detected at generation 13928, restarting...
Stagnation detected at generation 13932, restarting...
Stagnation detected at generation 13936, restarting...
Stagnation detected at generation 13940, restarting...
Stagnation detected at generation 13944, restarting...
Stagnation detected at generation 13948, restarting...
Stagnation detected at generation 13952, restarting...
Stagnation detected at generation 13956, restarting...
Stagnation detected at generation 13960, restarting...
Stagnation detected at generation 13964, restarting...
Stagnation detected at generation 13968, restarting...
Stagnation detected at generation 13972, restarting...
Stagnation detected at generation 13976, restarting...
Stagnation detected at generation 13980, restarting...
Stagnation detected at generation 13984, restarting...
Stagnation detected at generation 13988, restarting...
Stagnation detected at generation 13992, restarting...
Stagnation detected at generation 13996, restarting...
Stagnation detected at generation 14000, restarting...
Stagnation detected at generation 14004, restarting...
Stagnation detected at generation 14008, restarting...
Stagnation detected at generation 14012, restarting...
Stagnation detected at generation 14016, restarting...
Stagnation detected at generation 14020, restarting...
Stagnation detected at generation 14024, restarting...
Stagnation detected at generation 14028, restarting...
Stagnation detected at generation 14032, restarting...
Stagnation detected at generation 14036, restarting...
Stagnation detected at generation 14040, restarting...
Stagnation detected at generation 14044, restarting...
Stagnation detected at generation 14048, restarting...
Stagnation detected at generation 14052, restarting...
Stagnation detected at generation 14056, restarting...
Stagnation detected at generation 14060, restarting...
Stagnation detected at generation 14064, restarting...
Stagnation detected at generation 14068, restarting...
Stagnation detected at generation 14072, restarting...
Stagnation detected at generation 14076, restarting...
Stagnation detected at generation 14080, restarting...
Stagnation detected at generation 14084, restarting...
Stagnation detected at generation 14088, restarting...
Stagnation detected at generation 14092, restarting...
Stagnation detected at generation 14096, restarting...
Stagnation detected at generation 14100, restarting...
Stagnation detected at generation 14104, restarting...
Stagnation detected at generation 14108, restarting...
Stagnation detected at generation 14112, restarting...
Stagnation detected at generation 14116, restarting...
Stagnation detected at generation 14120, restarting...
Stagnation detected at generation 14124, restarting...
Stagnation detected at generation 14128, restarting...
Stagnation detected at generation 14132, restarting...
Stagnation detected at generation 14136, restarting...
Stagnation detected at generation 14140, restarting...
Stagnation detected at generation 14144, restarting...
Stagnation detected at generation 14148, restarting...
Stagnation detected at generation 14152, restarting...
Stagnation detected at generation 14156, restarting...
Stagnation detected at generation 14160, restarting...
Stagnation detected at generation 14164, restarting...
Stagnation detected at generation 14168, restarting...
Stagnation detected at generation 14172, restarting...
Stagnation detected at generation 14176, restarting...
Stagnation detected at generation 14180, restarting...
Stagnation detected at generation 14184, restarting...
Stagnation detected at generation 14188, restarting...
Stagnation detected at generation 14192, restarting...
Stagnation detected at generation 14196, restarting...
Stagnation detected at generation 14200, restarting...
Stagnation detected at generation 14204, restarting...
Stagnation detected at generation 14208, restarting...
Stagnation detected at generation 14212, restarting...
Stagnation detected at generation 14216, restarting...
Stagnation detected at generation 14220, restarting...
Stagnation detected at generation 14224, restarting...
Stagnation detected at generation 14228, restarting...
Stagnation detected at generation 14232, restarting...
Stagnation detected at generation 14236, restarting...
Stagnation detected at generation 14240, restarting...
Stagnation detected at generation 14244, restarting...
Stagnation detected at generation 14248, restarting...
Stagnation detected at generation 14252, restarting...
Stagnation detected at generation 14256, restarting...
Stagnation detected at generation 14260, restarting...
Stagnation detected at generation 14264, restarting...
Stagnation detected at generation 14268, restarting...
Stagnation detected at generation 14272, restarting...
Stagnation detected at generation 14276, restarting...
Stagnation detected at generation 14280, restarting...
Stagnation detected at generation 14284, restarting...
Stagnation detected at generation 14288, restarting...
Stagnation detected at generation 14292, restarting...
Stagnation detected at generation 14296, restarting...
Stagnation detected at generation 14300, restarting...
Stagnation detected at generation 14304, restarting...
Stagnation detected at generation 14308, restarting...
Stagnation detected at generation 14312, restarting...
Stagnation detected at generation 14316, restarting...
Stagnation detected at generation 14320, restarting...
Stagnation detected at generation 14324, restarting...
Stagnation detected at generation 14328, restarting...
Stagnation detected at generation 14332, restarting...
Stagnation detected at generation 14336, restarting...
Stagnation detected at generation 14340, restarting...
Stagnation detected at generation 14344, restarting...
Stagnation detected at generation 14348, restarting...
Stagnation detected at generation 14352, restarting...
Stagnation detected at generation 14356, restarting...
Stagnation detected at generation 14360, restarting...
Stagnation detected at generation 14364, restarting...
Stagnation detected at generation 14368, restarting...
Stagnation detected at generation 14372, restarting...
Stagnation detected at generation 14376, restarting...
Stagnation detected at generation 14380, restarting...
Stagnation detected at generation 14384, restarting...
Stagnation detected at generation 14388, restarting...
Stagnation detected at generation 14392, restarting...
Stagnation detected at generation 14396, restarting...
Stagnation detected at generation 14400, restarting...
Stagnation detected at generation 14404, restarting...
Stagnation detected at generation 14408, restarting...
Stagnation detected at generation 14412, restarting...
Stagnation detected at generation 14416, restarting...
Stagnation detected at generation 14420, restarting...
Stagnation detected at generation 14424, restarting...
Stagnation detected at generation 14428, restarting...
Stagnation detected at generation 14432, restarting...
Stagnation detected at generation 14436, restarting...
Stagnation detected at generation 14440, restarting...
Stagnation detected at generation 14444, restarting...
Stagnation detected at generation 14448, restarting...
Stagnation detected at generation 14452, restarting...
Stagnation detected at generation 14456, restarting...
Stagnation detected at generation 14460, restarting...
Stagnation detected at generation 14464, restarting...
Stagnation detected at generation 14468, restarting...
Stagnation detected at generation 14472, restarting...
Stagnation detected at generation 14476, restarting...
Stagnation detected at generation 14480, restarting...
Stagnation detected at generation 14484, restarting...
Stagnation detected at generation 14488, restarting...
Stagnation detected at generation 14492, restarting...
Stagnation detected at generation 14496, restarting...
Stagnation detected at generation 14500, restarting...
Stagnation detected at generation 14504, restarting...
Stagnation detected at generation 14508, restarting...
Stagnation detected at generation 14512, restarting...
Stagnation detected at generation 14516, restarting...
Stagnation detected at generation 14520, restarting...
Stagnation detected at generation 14524, restarting...
Stagnation detected at generation 14528, restarting...
Stagnation detected at generation 14532, restarting...
Stagnation detected at generation 14536, restarting...
Stagnation detected at generation 14540, restarting...
Stagnation detected at generation 14544, restarting...
Stagnation detected at generation 14548, restarting...
Stagnation detected at generation 14552, restarting...
Stagnation detected at generation 14556, restarting...
Stagnation detected at generation 14560, restarting...
Stagnation detected at generation 14564, restarting...
Stagnation detected at generation 14568, restarting...
Stagnation detected at generation 14572, restarting...
Stagnation detected at generation 14576, restarting...
Stagnation detected at generation 14580, restarting...
Stagnation detected at generation 14584, restarting...
Stagnation detected at generation 14588, restarting...
Stagnation detected at generation 14592, restarting...
Stagnation detected at generation 14596, restarting...
Stagnation detected at generation 14600, restarting...
Stagnation detected at generation 14604, restarting...
Stagnation detected at generation 14608, restarting...
Stagnation detected at generation 14612, restarting...
Stagnation detected at generation 14616, restarting...
Stagnation detected at generation 14620, restarting...
Stagnation detected at generation 14624, restarting...
Stagnation detected at generation 14628, restarting...
Stagnation detected at generation 14632, restarting...
Stagnation detected at generation 14636, restarting...
Stagnation detected at generation 14640, restarting...
Stagnation detected at generation 14644, restarting...
Stagnation detected at generation 14648, restarting...
Stagnation detected at generation 14652, restarting...
Stagnation detected at generation 14656, restarting...
Stagnation detected at generation 14660, restarting...
Stagnation detected at generation 14664, restarting...
Stagnation detected at generation 14668, restarting...
Stagnation detected at generation 14672, restarting...
Stagnation detected at generation 14676, restarting...
Stagnation detected at generation 14680, restarting...
Stagnation detected at generation 14684, restarting...
Stagnation detected at generation 14688, restarting...
Stagnation detected at generation 14692, restarting...
Stagnation detected at generation 14696, restarting...
Stagnation detected at generation 14700, restarting...
Stagnation detected at generation 14704, restarting...
Stagnation detected at generation 14708, restarting...
Stagnation detected at generation 14712, restarting...
Stagnation detected at generation 14716, restarting...
Stagnation detected at generation 14720, restarting...
Stagnation detected at generation 14724, restarting...
Stagnation detected at generation 14728, restarting...
Stagnation detected at generation 14732, restarting...
Stagnation detected at generation 14736, restarting...
Stagnation detected at generation 14740, restarting...
Stagnation detected at generation 14744, restarting...
Stagnation detected at generation 14748, restarting...
Stagnation detected at generation 14752, restarting...
Stagnation detected at generation 14756, restarting...
Stagnation detected at generation 14760, restarting...
Stagnation detected at generation 14764, restarting...
Stagnation detected at generation 14768, restarting...
Stagnation detected at generation 14772, restarting...
Stagnation detected at generation 14776, restarting...
Stagnation detected at generation 14780, restarting...
Stagnation detected at generation 14784, restarting...
Stagnation detected at generation 14788, restarting...
Stagnation detected at generation 14792, restarting...
Stagnation detected at generation 14796, restarting...
Stagnation detected at generation 14800, restarting...
Stagnation detected at generation 14804, restarting...
Stagnation detected at generation 14808, restarting...
Stagnation detected at generation 14812, restarting...
Stagnation detected at generation 14816, restarting...
Stagnation detected at generation 14820, restarting...
Stagnation detected at generation 14824, restarting...
Stagnation detected at generation 14828, restarting...
Stagnation detected at generation 14832, restarting...
Stagnation detected at generation 14836, restarting...
Stagnation detected at generation 14840, restarting...
Stagnation detected at generation 14844, restarting...
Stagnation detected at generation 14848, restarting...
Stagnation detected at generation 14852, restarting...
Stagnation detected at generation 14856, restarting...
Stagnation detected at generation 14860, restarting...
Stagnation detected at generation 14864, restarting...
Stagnation detected at generation 14868, restarting...
Stagnation detected at generation 14872, restarting...
Stagnation detected at generation 14876, restarting...
Stagnation detected at generation 14880, restarting...
Stagnation detected at generation 14884, restarting...
Stagnation detected at generation 14888, restarting...
Stagnation detected at generation 14892, restarting...
Stagnation detected at generation 14896, restarting...
Stagnation detected at generation 14900, restarting...
Stagnation detected at generation 14904, restarting...
Stagnation detected at generation 14908, restarting...
Stagnation detected at generation 14912, restarting...
Stagnation detected at generation 14916, restarting...
Stagnation detected at generation 14920, restarting...
Stagnation detected at generation 14924, restarting...
Stagnation detected at generation 14928, restarting...
Stagnation detected at generation 14932, restarting...
Stagnation detected at generation 14936, restarting...
Stagnation detected at generation 14940, restarting...
Stagnation detected at generation 14944, restarting...
Stagnation detected at generation 14948, restarting...
Stagnation detected at generation 14952, restarting...
Stagnation detected at generation 14956, restarting...
Stagnation detected at generation 14960, restarting...
Stagnation detected at generation 14964, restarting...
Stagnation detected at generation 14968, restarting...
Stagnation detected at generation 14972, restarting...
Stagnation detected at generation 14976, restarting...
Stagnation detected at generation 14980, restarting...
Stagnation detected at generation 14984, restarting...
Stagnation detected at generation 14988, restarting...
Stagnation detected at generation 14992, restarting...
Stagnation detected at generation 14996, restarting...
Run 1/1 completed in 4575.10 seconds
Correctness and error status saved to /home/sagemaker-user/ShinkaEvolve/results/benchmark/qwen/1/circle_packing_square_32/gen_73/results/correct.json
Metrics saved to /home/sagemaker-user/ShinkaEvolve/results/benchmark/qwen/1/circle_packing_square_32/gen_73/results/metrics.json
Evaluation and Validation completed successfully.
